id_cliente,edad,departamento,plan,tipo_contrato,meses_antiguedad,cargo_mensual_soles,gb_datos_mes,minutos_llamadas_mes,lineas_adicionales,tickets_soporte_6m,caidas_servicio_mes,dias_ultimo_pago_vencido,factura_electronica,churn
CL800000,44.0,Lima,Prepago,Mensual,7,34.94,15.8,535,1,3,1,4,1,1
CL800001,59.0,Lima,Postpago Básico,Anual,9,57.94,11.8,461,2,2,2,0,1,0
CL800002,26.0,Áncash,Prepago,Mensual,11,22.79,13.2,281,0,4,4,1,1,1
CL800003,42.0,Lambayeque,Postpago Básico,18 meses,5,45.57,19.2,172,0,1,3,3,0,0
CL800004,18.0,Lima,Postpago Básico,Anual,1,59.17,7.9,213,0,4,5,0,1,0
CL800005,32.0,Lima,Prepago,Mensual,3,28.71,,370,1,1,5,2,1,1
CL800006,32.0,Lima,Postpago Básico,Mensual,2,55.13,36.3,387,1,2,2,4,1,0
CL800007,50.0,Piura,Postpago Premium,Mensual,17,139.92,27.8,266,1,3,1,4,1,0
CL800008,36.0,Lima,Postpago Básico,Anual,1,66.75,31.7,371,0,1,1,0,1,0
CL800009,34.0,Lima,Prepago,Mensual,42,23.07,,453,0,0,3,1,1,0
CL800010,61.0,Junín,Postpago Plus,Anual,5,63.15,7.4,474,0,1,1,2,1,0
CL800011,54.0,Lima,Postpago Básico,Mensual,2,57.84,23.6,545,0,1,2,0,0,0
CL800012,54.0,Lima,Prepago,Mensual,10,34.43,8.3,245,0,0,2,2,0,1
CL800013,29.0,Lima,Postpago Básico,Mensual,5,63.08,4.7,480,2,2,5,7,0,0
CL800014,41.0,Cusco,Postpago Premium,Anual,13,101.87,28.4,360,0,0,1,3,0,0
CL800015,34.0,Áncash,Postpago Básico,Mensual,3,50.85,5.6,345,0,0,1,1,1,1
CL800016,37.0,Lima,Prepago,Mensual,6,29.78,16.0,266,0,0,4,0,1,0
CL800017,38.0,Lima,Prepago,Mensual,15,33.94,8.9,325,3,1,1,7,1,0
CL800018,48.0,Piura,Postpago Plus,Anual,9,73.55,27.8,589,0,2,1,2,1,1
CL800019,49.0,Junín,Prepago,Mensual,13,28.93,21.3,297,2,1,2,1,0,0
CL800020,29.0,Arequipa,Postpago Plus,Anual,9,81.31,8.8,401,0,2,1,2,1,0
CL800021,46.0,Lima,Prepago,Mensual,15,24.96,13.1,497,0,2,3,8,0,0
CL800022,42.0,Junín,Prepago,Mensual,6,29.33,4.0,297,1,0,1,2,1,1
CL800023,58.0,Piura,Prepago,Mensual,24,22.92,22.5,354,0,0,4,0,1,0
CL800024,23.0,Piura,Postpago Plus,Mensual,2,75.22,4.8,326,0,1,2,0,1,1
CL800025,67.0,La Libertad,Postpago Básico,Mensual,11,56.71,16.3,431,1,0,1,2,1,1
CL800026,45.0,Lima,Postpago Plus,Anual,9,78.3,13.0,395,0,1,4,3,0,0
CL800027,45.0,Lima,Postpago Básico,Mensual,9,49.18,42.3,613,0,0,2,3,0,0
CL800028,44.0,Lima,Postpago Plus,18 meses,2,67.05,15.3,614,0,1,6,3,1,0
CL800029,40.0,Lima,Prepago,Mensual,12,27.06,7.7,153,2,2,4,2,1,1
CL800030,63.0,Cusco,Prepago,Mensual,40,29.84,3.6,357,2,1,0,2,1,0
CL800031,54.0,Lima,Postpago Básico,Mensual,1,53.75,16.4,628,0,1,0,14,0,0
CL800032,26.0,Lima,Prepago,Mensual,40,32.16,4.7,292,0,0,0,4,1,0
CL800033,58.0,Lima,Prepago,Mensual,2,35.71,25.4,217,0,2,4,1,1,0
CL800034,52.0,Lima,Postpago Básico,Anual,9,53.35,16.6,200,1,0,0,4,1,0
CL800035,18.0,Lima,Postpago Básico,18 meses,18,61.5,6.6,480,0,2,1,0,1,0
CL800036,57.0,Áncash,Postpago Plus,Mensual,1,98.19,20.8,432,0,1,0,3,0,0
CL800037,40.0,Cusco,Postpago Básico,18 meses,8,50.98,4.9,412,1,2,1,12,1,0
CL800038,62.0,Cusco,Postpago Básico,Mensual,4,50.69,10.4,314,1,2,2,1,1,1
CL800039,23.0,Lima,Prepago,Mensual,17,24.85,10.0,565,0,1,1,4,1,1
CL800040,46.0,Lima,Postpago Básico,Mensual,24,55.38,15.2,265,0,3,3,3,1,0
CL800041,25.0,Lima,Prepago,Mensual,2,22.83,11.7,294,0,0,1,4,1,1
CL800042,70.0,Piura,Prepago,Mensual,1,25.9,2.8,415,0,0,1,3,1,1
CL800043,42.0,Lima,Postpago Premium,Mensual,6,122.96,47.3,418,0,1,1,1,0,1
CL800044,30.0,Piura,Prepago,Mensual,2,30.05,11.8,432,0,0,2,3,0,1
CL800045,35.0,Lima,Postpago Básico,Anual,1,58.23,14.8,275,0,1,0,5,0,0
CL800046,18.0,Lima,Postpago Básico,Mensual,2,57.48,7.1,510,0,3,2,2,1,1
CL800047,32.0,Lima,Postpago Plus,Mensual,1,75.15,31.4,590,1,2,1,0,0,0
CL800048,56.0,Lambayeque,Prepago,Mensual,9,26.56,3.0,303,2,0,2,11,0,0
CL800049,35.0,Lima,Prepago,Mensual,64,26.01,23.6,266,0,0,2,14,1,0
CL800050,39.0,Lima,Postpago Plus,18 meses,17,72.0,23.7,394,1,0,3,4,1,0
CL800051,35.0,Arequipa,Prepago,Mensual,8,30.27,3.1,258,1,0,4,1,0,0
CL800052,37.0,Cusco,Postpago Básico,Anual,4,58.61,16.7,518,1,0,0,0,1,0
CL800053,20.0,Áncash,Postpago Básico,Mensual,9,61.34,13.0,446,1,3,4,3,1,1
CL800054,49.0,Lima,Prepago,Mensual,1,32.87,8.0,541,3,0,1,3,1,0
CL800055,32.0,Cusco,Postpago Plus,Mensual,3,87.05,7.3,425,1,2,0,3,1,0
CL800056,60.0,Lima,Prepago,Mensual,15,29.18,2.7,217,1,0,0,1,0,0
CL800057,41.0,Áncash,Postpago Plus,18 meses,46,41.64,11.2,470,0,0,0,0,1,0
CL800058,48.0,Lambayeque,Postpago Plus,Mensual,13,95.8,28.9,468,2,0,1,0,0,0
CL800059,40.0,Cusco,Postpago Básico,Mensual,19,50.54,11.2,427,1,0,3,3,0,0
CL800060,33.0,Junín,Prepago,Mensual,1,26.87,8.7,463,0,0,0,5,1,0
CL800061,44.0,Lambayeque,Prepago,Mensual,9,25.58,11.3,420,0,1,2,2,1,0
CL800062,30.0,Lima,Prepago,Mensual,32,33.92,13.7,373,2,0,1,1,1,0
CL800063,32.0,Arequipa,Postpago Básico,Mensual,18,50.1,22.4,450,0,0,1,0,1,1
CL800064,43.0,La Libertad,Prepago,Mensual,7,27.51,7.6,111,0,0,4,11,0,0
CL800065,54.0,Lima,Prepago,Mensual,12,28.13,6.3,266,1,2,3,3,0,0
CL800066,49.0,Lima,Prepago,Mensual,20,34.54,5.2,189,0,0,1,8,1,0
CL800067,27.0,Lima,Prepago,Mensual,2,22.9,15.8,324,0,1,3,0,0,0
CL800068,33.0,Lima,Postpago Plus,Mensual,4,91.79,28.6,382,0,2,2,0,1,1
CL800069,39.0,Áncash,Prepago,Mensual,2,26.23,8.4,0,0,0,3,0,1,0
CL800070,28.0,Áncash,Prepago,Mensual,2,23.32,5.4,401,0,1,1,1,1,0
CL800071,32.0,Lima,Postpago Básico,18 meses,14,56.3,11.9,287,0,3,1,10,1,1
CL800072,20.0,La Libertad,Prepago,Mensual,1,29.85,15.1,308,2,1,1,5,1,0
CL800073,18.0,Cusco,Prepago,Mensual,6,31.71,5.0,275,0,0,4,3,0,0
CL800074,56.0,Junín,Postpago Premium,Mensual,38,107.27,31.9,663,1,1,4,0,1,0
CL800075,18.0,Lima,Prepago,Mensual,7,28.95,4.1,268,0,1,2,3,0,0
CL800076,35.0,Lambayeque,Prepago,Mensual,10,32.11,2.6,273,1,1,3,0,0,0
CL800077,32.0,Lambayeque,Postpago Premium,18 meses,18,150.27,24.4,441,0,2,2,1,1,0
CL800078,31.0,Lima,Postpago Premium,Mensual,19,93.24,12.3,547,0,0,1,6,0,0
CL800079,25.0,Áncash,Postpago Básico,Anual,6,51.47,20.0,304,1,0,2,1,1,0
CL800080,35.0,La Libertad,Postpago Plus,Mensual,8,45.87,34.7,493,1,0,2,0,1,1
CL800081,25.0,Lambayeque,Postpago Básico,Anual,17,31.48,13.5,320,0,0,3,1,0,1
CL800082,83.0,Lima,Postpago Básico,18 meses,22,51.74,14.2,491,0,2,0,0,1,0
CL800083,47.0,Lambayeque,Postpago Básico,Mensual,4,47.11,6.6,331,1,0,1,6,1,0
CL800084,76.0,Lambayeque,Prepago,Mensual,7,39.12,12.5,403,1,0,0,0,1,0
CL800085,42.0,Lima,Postpago Básico,Mensual,21,58.14,10.1,286,1,1,4,2,0,0
CL800086,,Lambayeque,Prepago,Mensual,9,35.65,7.6,425,0,0,3,1,1,0
CL800087,21.0,Lima,Prepago,Mensual,1,23.52,9.2,151,0,1,3,9,0,0
CL800088,36.0,Lambayeque,Prepago,Mensual,42,33.7,14.4,214,1,0,2,0,1,0
CL800089,54.0,Lima,Postpago Básico,Anual,12,59.51,20.2,542,1,1,3,0,1,0
CL800090,48.0,Cusco,Postpago Básico,18 meses,36,47.99,8.2,526,0,0,0,0,1,0
CL800091,43.0,La Libertad,Postpago Básico,Mensual,1,35.48,2.9,569,0,0,3,1,1,0
CL800092,18.0,Cusco,Postpago Plus,Mensual,64,79.19,2.7,413,0,0,1,2,1,0
CL800093,34.0,Arequipa,Prepago,Mensual,6,28.84,6.9,294,1,0,3,1,1,0
CL800094,37.0,Áncash,Postpago Básico,Mensual,4,56.42,27.4,167,1,3,2,3,1,0
CL800095,33.0,Piura,Prepago,Mensual,1,27.65,9.9,236,0,0,3,6,0,1
CL800096,34.0,Junín,Prepago,Mensual,25,27.91,17.0,305,0,1,1,1,1,0
CL800097,40.0,Lima,Postpago Básico,18 meses,24,49.54,13.6,590,0,1,1,4,1,0
CL800098,23.0,Lima,Prepago,Mensual,14,30.76,1.7,116,1,1,0,2,1,0
CL800099,53.0,Arequipa,Prepago,Mensual,4,24.01,14.3,335,0,2,2,2,0,1
CL800100,49.0,Arequipa,Prepago,Mensual,7,33.97,9.2,180,0,0,0,19,0,0
CL800101,21.0,Lima,Postpago Básico,Anual,7,49.87,6.6,296,2,3,4,1,1,0
CL800102,26.0,Arequipa,Postpago Básico,Anual,4,42.23,10.0,327,0,0,1,1,1,0
CL800103,53.0,Arequipa,Prepago,Mensual,21,36.9,8.0,218,0,0,0,0,1,0
CL800104,30.0,Junín,Postpago Básico,Mensual,16,49.6,16.9,600,0,1,1,2,1,0
CL800105,48.0,Lambayeque,Postpago Básico,18 meses,19,59.53,13.8,378,0,0,1,0,1,0
CL800106,52.0,La Libertad,Prepago,Mensual,13,33.58,16.6,342,2,0,2,0,1,0
CL800107,37.0,Junín,Prepago,Mensual,3,34.92,,454,0,1,2,0,1,0
CL800108,18.0,Lima,Prepago,Mensual,2,22.9,19.2,232,2,2,4,2,1,1
CL800109,73.0,La Libertad,Prepago,Mensual,2,23.78,3.3,196,0,1,2,2,1,0
CL800110,49.0,Cusco,Prepago,Mensual,11,29.5,4.7,299,0,3,3,4,0,1
CL800111,42.0,Junín,Prepago,Mensual,5,36.2,16.0,464,0,1,1,1,0,0
CL800112,45.0,La Libertad,Postpago Básico,Anual,75,41.85,32.2,382,1,0,1,2,1,0
CL800113,72.0,Áncash,Postpago Premium,Anual,8,130.9,65.3,637,2,4,2,0,0,1
CL800114,37.0,Arequipa,Prepago,Mensual,18,33.37,6.4,205,0,1,2,6,0,0
CL800115,28.0,Áncash,Postpago Premium,Anual,15,97.43,14.8,459,0,0,2,1,1,0
CL800116,45.0,Lambayeque,Postpago Básico,18 meses,5,63.8,15.1,313,1,0,3,0,1,1
CL800117,19.0,Lambayeque,Postpago Plus,Anual,7,77.93,26.9,507,3,2,3,0,1,0
CL800118,42.0,Lima,Postpago Básico,Anual,16,43.75,20.4,192,1,2,2,3,1,0
CL800119,35.0,Lima,Postpago Plus,Mensual,6,110.18,43.1,525,0,0,0,0,1,0
CL800120,21.0,La Libertad,Postpago Básico,Mensual,9,54.41,1.5,416,0,2,2,10,1,0
CL800121,36.0,Lima,Prepago,Mensual,16,31.2,2.8,311,2,1,2,2,1,0
CL800122,58.0,Arequipa,Postpago Básico,18 meses,7,51.55,13.8,295,1,2,0,0,1,0
CL800123,31.0,Lima,Postpago Plus,18 meses,8,80.05,11.3,436,0,0,2,17,1,0
CL800124,45.0,Lima,Prepago,Mensual,7,28.5,4.6,317,0,1,0,1,1,1
CL800125,,Arequipa,Prepago,Mensual,2,27.55,11.4,320,0,0,3,7,1,0
CL800126,51.0,Lima,Postpago Premium,Mensual,45,136.92,31.4,478,1,1,2,1,0,0
CL800127,54.0,Lima,Prepago,Mensual,5,33.46,8.6,410,2,0,3,9,0,0
CL800128,36.0,La Libertad,Prepago,Mensual,1,26.38,9.5,288,2,2,0,8,1,0
CL800129,18.0,Piura,Prepago,Mensual,1,22.09,13.2,376,0,0,3,0,1,0
CL800130,61.0,Lima,Prepago,Mensual,17,23.54,20.6,328,3,0,4,0,1,0
CL800131,38.0,Lima,Postpago Básico,Anual,3,63.73,7.8,518,0,3,0,0,0,0
CL800132,37.0,Lima,Prepago,Mensual,15,29.81,20.7,462,0,0,1,2,1,0
CL800133,52.0,La Libertad,Postpago Plus,Anual,7,84.68,15.0,599,3,0,1,0,1,0
CL800134,62.0,Arequipa,Prepago,Mensual,10,31.32,8.8,404,1,1,2,4,1,0
CL800135,26.0,Cusco,Postpago Básico,Mensual,14,45.57,15.1,461,0,1,2,1,1,0
CL800136,44.0,La Libertad,Prepago,Mensual,1,29.64,6.8,285,0,1,1,12,0,0
CL800137,37.0,Áncash,Prepago,Mensual,24,26.92,19.1,371,0,0,1,1,1,1
CL800138,62.0,Lima,Postpago Básico,Anual,1,56.0,10.1,287,1,0,1,11,0,0
CL800139,23.0,Piura,Postpago Plus,Anual,3,64.69,13.1,694,1,3,4,1,0,0
CL800140,55.0,Junín,Prepago,Mensual,13,35.06,10.4,574,0,2,2,4,0,0
CL800141,37.0,Lima,Postpago Plus,Mensual,13,101.89,,521,0,2,0,2,1,0
CL800142,22.0,Lima,Prepago,Mensual,7,36.41,6.3,354,0,1,0,0,0,0
CL800143,42.0,La Libertad,Postpago Premium,Mensual,3,125.94,32.5,518,1,1,6,4,0,1
CL800144,49.0,Cusco,Prepago,Mensual,1,28.25,5.4,356,0,1,4,3,0,0
CL800145,51.0,Arequipa,Prepago,Mensual,2,27.56,14.6,311,0,2,0,1,1,0
CL800146,19.0,Lima,Postpago Básico,Mensual,7,50.6,12.8,273,2,0,4,19,1,1
CL800147,44.0,Lima,Prepago,Mensual,12,31.62,13.6,228,0,0,4,0,1,0
CL800148,43.0,Junín,Postpago Básico,Mensual,13,57.12,11.4,451,0,3,3,2,1,1
CL800149,43.0,Arequipa,Prepago,Mensual,3,26.62,2.5,199,0,1,0,5,1,0
CL800150,41.0,Lima,Postpago Plus,Anual,2,67.51,10.4,412,1,0,3,0,1,0
CL800151,53.0,Lima,Prepago,Mensual,5,31.28,6.1,164,0,2,1,12,1,1
CL800152,35.0,Lambayeque,Prepago,Mensual,1,20.41,10.8,185,1,3,3,0,1,1
CL800153,43.0,Lambayeque,Prepago,Mensual,8,31.42,5.4,436,1,0,1,4,1,0
CL800154,40.0,Lima,Postpago Básico,Anual,12,50.11,,424,0,3,3,6,1,0
CL800155,22.0,Lima,Prepago,Mensual,1,35.66,7.1,446,0,1,1,9,1,1
CL800156,56.0,Lambayeque,Prepago,Mensual,2,28.3,11.3,319,0,0,2,2,0,0
CL800157,39.0,Lima,Postpago Básico,Anual,8,45.04,9.0,392,1,1,5,5,1,0
CL800158,21.0,Junín,Prepago,Mensual,5,29.08,18.3,187,2,0,1,0,0,0
CL800159,47.0,Lima,Prepago,Mensual,6,25.97,13.6,304,0,1,1,0,1,0
CL800160,42.0,Cusco,Prepago,Mensual,17,33.65,9.3,301,1,0,1,0,0,0
CL800161,25.0,Junín,Postpago Premium,Anual,7,107.88,65.6,675,0,1,3,6,0,0
CL800162,19.0,Junín,Postpago Básico,18 meses,4,43.2,6.4,214,2,1,0,0,1,0
CL800163,44.0,La Libertad,Postpago Premium,18 meses,3,123.43,39.6,560,0,0,1,1,1,0
CL800164,32.0,Arequipa,Prepago,Mensual,37,24.4,19.3,359,0,0,3,1,1,0
CL800165,18.0,Lambayeque,Prepago,Mensual,14,33.38,13.5,346,1,0,2,0,0,0
CL800166,59.0,Junín,Postpago Básico,18 meses,14,57.11,2.7,321,0,1,1,1,1,0
CL800167,36.0,La Libertad,Postpago Básico,Mensual,15,40.18,12.1,267,2,0,2,5,0,0
CL800168,35.0,Áncash,Postpago Plus,Mensual,10,56.91,14.8,744,0,1,5,4,0,0
CL800169,27.0,Áncash,Prepago,Mensual,10,24.98,12.9,127,1,0,3,0,0,0
CL800170,21.0,Junín,Postpago Premium,18 meses,7,136.38,34.2,648,0,0,5,2,1,0
CL800171,31.0,Junín,Prepago,Mensual,11,31.94,18.1,262,0,1,3,7,1,1
CL800172,54.0,Áncash,Postpago Básico,Anual,1,52.23,10.0,209,1,0,0,12,1,0
CL800173,30.0,Lima,Postpago Básico,18 meses,7,40.45,19.0,444,0,0,3,1,1,0
CL800174,18.0,Lima,Postpago Plus,Anual,1,70.59,7.7,549,2,2,2,6,0,0
CL800175,18.0,Lima,Prepago,Mensual,2,24.56,6.9,548,1,3,3,11,1,1
CL800176,,Arequipa,Postpago Básico,Mensual,15,50.0,17.5,522,1,0,2,1,1,0
CL800177,18.0,La Libertad,Postpago Plus,18 meses,3,94.18,21.5,388,0,0,0,8,1,0
CL800178,38.0,Áncash,Prepago,Mensual,18,30.98,19.3,417,0,0,0,4,0,0
CL800179,51.0,Arequipa,Prepago,Mensual,15,32.98,9.5,293,0,1,2,2,1,1
CL800180,41.0,Lima,Postpago Plus,Anual,4,42.27,16.3,557,1,0,1,1,1,0
CL800181,37.0,La Libertad,Postpago Plus,Mensual,28,60.7,14.2,583,0,2,1,3,1,0
CL800182,37.0,Cusco,Prepago,Mensual,13,37.95,6.6,137,0,1,1,6,0,0
CL800183,49.0,Lambayeque,Prepago,Mensual,1,33.87,2.1,258,3,0,2,0,0,0
CL800184,33.0,Lima,Prepago,Mensual,12,22.07,25.0,380,1,1,1,0,0,0
CL800185,38.0,Arequipa,Postpago Básico,Anual,18,43.0,38.4,279,0,0,1,0,1,0
CL800186,40.0,Junín,Postpago Plus,Anual,10,85.56,15.4,536,1,0,2,0,0,0
CL800187,18.0,La Libertad,Postpago Básico,18 meses,20,53.69,26.8,385,0,1,2,0,1,1
CL800188,55.0,Lima,Postpago Básico,Anual,15,39.53,28.7,295,0,2,2,0,1,0
CL800189,26.0,Junín,Prepago,Mensual,3,30.88,6.0,193,2,1,2,1,0,1
CL800190,33.0,Piura,Postpago Básico,Mensual,22,53.95,15.5,333,0,1,2,2,1,0
CL800191,42.0,Lima,Postpago Básico,Mensual,8,42.13,50.5,445,2,0,2,11,1,0
CL800192,22.0,Cusco,Prepago,Mensual,24,30.59,4.3,358,2,0,2,9,1,0
CL800193,58.0,Lima,Postpago Plus,Anual,21,70.53,,389,0,0,1,7,0,0
CL800194,58.0,Lima,Postpago Básico,18 meses,2,55.94,11.3,165,2,1,2,0,1,0
CL800195,40.0,Lima,Prepago,Mensual,32,25.55,8.1,590,1,0,3,2,1,0
CL800196,49.0,Lima,Postpago Básico,Anual,21,57.23,5.8,547,1,1,0,4,0,0
CL800197,36.0,Lima,Prepago,Mensual,41,17.62,4.9,229,0,0,2,6,0,0
CL800198,46.0,Cusco,Prepago,Mensual,17,28.31,5.7,328,0,0,1,1,1,1
CL800199,34.0,Piura,Postpago Plus,Mensual,2,99.97,34.8,631,0,0,3,2,1,0
CL800200,37.0,Arequipa,Postpago Premium,Mensual,7,122.28,15.7,440,3,0,1,8,1,0
CL800201,18.0,Junín,Postpago Plus,18 meses,6,78.03,24.9,421,0,2,1,1,0,0
CL800202,43.0,Lima,Prepago,Mensual,31,30.86,8.1,206,0,1,0,0,0,0
CL800203,59.0,Lima,Postpago Básico,Mensual,12,57.94,11.0,439,3,0,0,2,0,0
CL800204,23.0,Lima,Prepago,Mensual,1,29.04,13.6,0,1,2,3,3,1,0
CL800205,33.0,Arequipa,Prepago,Mensual,4,33.85,14.2,416,1,3,4,10,1,1
CL800206,36.0,Áncash,Postpago Básico,Anual,20,64.52,12.9,421,0,2,2,0,1,0
CL800207,18.0,La Libertad,Prepago,Mensual,13,30.44,7.6,239,0,0,3,3,1,1
CL800208,42.0,Junín,Prepago,Mensual,19,23.93,18.2,424,0,0,4,1,0,0
CL800209,50.0,La Libertad,Prepago,Mensual,1,21.61,9.6,116,0,1,2,1,0,0
CL800210,18.0,Lima,Prepago,Mensual,46,26.2,5.9,424,0,0,1,1,1,0
CL800211,28.0,Lima,Prepago,Mensual,6,24.3,7.2,341,0,0,2,2,1,1
CL800212,50.0,Lima,Prepago,Mensual,17,28.91,18.2,379,1,1,1,2,1,1
CL800213,39.0,Lima,Prepago,Mensual,8,28.93,11.0,192,3,0,3,0,1,0
CL800214,56.0,Áncash,Postpago Básico,Anual,10,66.46,8.5,342,0,1,2,18,1,1
CL800215,31.0,Cusco,Prepago,Mensual,2,30.88,3.4,398,1,0,3,6,1,0
CL800216,53.0,Lima,Prepago,Mensual,37,29.71,3.6,209,1,1,1,2,1,1
CL800217,59.0,Lima,Prepago,Mensual,11,22.4,11.6,239,1,1,3,4,1,1
CL800218,55.0,Cusco,Postpago Plus,Anual,2,83.3,64.5,564,0,2,0,0,0,0
CL800219,23.0,Lima,Postpago Básico,18 meses,6,47.99,22.1,316,0,1,0,3,1,0
CL800220,32.0,La Libertad,Prepago,Mensual,18,36.59,0.5,317,0,0,2,0,0,1
CL800221,36.0,Cusco,Postpago Básico,18 meses,27,37.54,20.0,402,1,0,2,9,0,0
CL800222,52.0,La Libertad,Postpago Premium,Mensual,50,128.29,20.0,411,0,1,3,2,0,0
CL800223,33.0,La Libertad,Postpago Básico,18 meses,3,58.3,5.4,415,0,2,3,0,1,1
CL800224,36.0,Lima,Prepago,Mensual,32,29.68,10.6,102,2,0,2,0,1,0
CL800225,38.0,Piura,Postpago Plus,Mensual,26,85.3,2.7,508,0,0,0,2,1,0
CL800226,49.0,Junín,Prepago,Mensual,1,24.43,8.5,378,0,0,5,0,0,1
CL800227,41.0,Áncash,Prepago,Mensual,5,35.65,7.5,395,0,0,1,1,1,1
CL800228,37.0,Lima,Prepago,Mensual,2,33.3,4.7,207,2,0,3,2,0,0
CL800229,63.0,Lima,Prepago,Mensual,2,29.92,10.9,428,0,1,2,5,0,0
CL800230,27.0,Arequipa,Prepago,Mensual,20,31.08,6.4,46,0,1,2,0,1,0
CL800231,53.0,Lima,Prepago,Mensual,16,34.4,2.7,417,1,0,2,1,1,0
CL800232,44.0,Lima,Postpago Premium,Mensual,20,134.05,40.7,573,0,1,6,3,1,0
CL800233,61.0,Lima,Postpago Básico,Anual,2,59.06,14.2,538,1,0,3,1,0,0
CL800234,39.0,Lima,Prepago,Mensual,21,26.11,7.2,71,0,1,1,10,0,1
CL800235,30.0,Arequipa,Postpago Plus,Anual,37,68.02,27.5,464,2,2,3,10,0,0
CL800236,37.0,Lima,Postpago Básico,Mensual,16,45.85,24.0,430,0,1,4,3,1,0
CL800237,40.0,Lambayeque,Postpago Plus,18 meses,7,83.95,20.6,464,0,2,0,20,1,0
CL800238,33.0,Lima,Postpago Plus,Mensual,15,86.34,33.7,590,0,0,0,14,1,0
CL800239,28.0,Lima,Postpago Básico,Mensual,14,53.02,7.4,255,2,1,1,30,0,1
CL800240,23.0,Lima,Prepago,Mensual,8,31.6,13.8,218,0,0,1,5,1,0
CL800241,25.0,Lima,Prepago,Mensual,13,18.87,3.1,430,2,0,1,1,0,0
CL800242,35.0,La Libertad,Postpago Básico,Mensual,2,37.55,4.5,543,1,1,1,0,1,0
CL800243,26.0,Arequipa,Prepago,Mensual,2,30.42,22.3,188,1,0,1,0,0,0
CL800244,41.0,Lima,Prepago,Mensual,4,26.87,9.1,197,1,1,1,0,1,0
CL800245,24.0,Piura,Postpago Premium,18 meses,19,118.54,23.2,724,1,1,4,2,1,0
CL800246,42.0,Lima,Postpago Básico,Mensual,2,67.51,24.8,380,0,1,1,7,1,0
CL800247,59.0,Lima,Postpago Básico,Anual,11,60.39,13.7,404,1,1,2,0,1,1
CL800248,43.0,Lambayeque,Prepago,Mensual,38,32.99,4.6,217,2,0,2,7,0,0
CL800249,57.0,Lima,Prepago,Mensual,17,25.94,8.2,412,1,0,2,2,1,0
CL800250,43.0,La Libertad,Postpago Plus,Mensual,23,53.88,9.8,402,0,1,2,3,0,1
CL800251,48.0,Lima,Prepago,Mensual,29,30.54,1.6,132,0,1,1,9,0,1
CL800252,59.0,Cusco,Prepago,Mensual,16,35.58,8.9,65,0,0,4,0,1,0
CL800253,,La Libertad,Prepago,Mensual,21,23.49,7.1,190,0,0,4,3,0,0
CL800254,40.0,Arequipa,Postpago Básico,18 meses,2,42.1,,189,0,1,3,1,1,0
CL800255,33.0,Lima,Postpago Básico,18 meses,2,55.83,25.3,521,0,1,0,0,0,0
CL800256,25.0,Cusco,Postpago Plus,18 meses,2,74.97,12.3,126,1,1,2,1,1,0
CL800257,26.0,Junín,Postpago Básico,18 meses,9,50.39,11.8,240,0,1,0,7,1,0
CL800258,50.0,Lima,Postpago Plus,Anual,8,90.91,13.7,519,0,0,6,0,1,1
CL800259,56.0,Arequipa,Prepago,Mensual,36,32.0,22.6,299,0,1,2,18,1,1
CL800260,24.0,Arequipa,Postpago Básico,Mensual,73,38.33,3.6,456,0,2,3,1,1,0
CL800261,63.0,Lima,Prepago,Mensual,3,28.74,3.1,230,0,0,3,1,1,0
CL800262,19.0,Lima,Postpago Básico,Anual,4,59.51,9.9,224,0,0,1,5,0,0
CL800263,44.0,Áncash,Postpago Básico,Mensual,11,46.03,18.1,396,2,1,3,1,1,0
CL800264,28.0,Lima,Postpago Premium,Anual,23,131.61,53.7,723,0,0,0,0,1,0
CL800265,49.0,Lambayeque,Postpago Básico,Mensual,16,54.88,5.6,507,0,1,0,5,0,0
CL800266,19.0,Lima,Postpago Premium,18 meses,2,123.72,37.3,524,0,2,3,14,1,1
CL800267,25.0,Arequipa,Prepago,Mensual,47,27.39,13.4,268,0,1,4,18,0,0
CL800268,40.0,Junín,Prepago,Mensual,1,29.32,2.5,422,0,1,2,7,1,1
CL800269,57.0,Lima,Postpago Plus,Mensual,26,89.92,70.3,428,0,0,1,10,1,0
CL800270,53.0,Lima,Prepago,Mensual,27,23.03,9.1,321,0,0,1,0,0,0
CL800271,41.0,La Libertad,Postpago Plus,Mensual,11,100.85,7.2,455,0,2,3,0,0,1
CL800272,50.0,Lima,Postpago Básico,18 meses,38,55.11,14.9,248,0,0,2,0,1,0
CL800273,18.0,La Libertad,Postpago Básico,18 meses,13,58.06,5.3,204,1,0,2,4,1,0
CL800274,31.0,Lima,Postpago Plus,Mensual,7,85.84,15.4,414,0,1,5,4,1,0
CL800275,25.0,Lima,Postpago Plus,Anual,8,97.04,12.9,395,3,1,2,1,0,0
CL800276,48.0,Lima,Prepago,Mensual,17,23.86,8.0,241,1,2,1,1,1,1
CL800277,34.0,Lima,Postpago Premium,Anual,8,129.27,15.6,552,2,0,2,1,1,0
CL800278,26.0,Lima,Prepago,Mensual,24,23.07,9.3,403,2,1,4,0,0,0
CL800279,50.0,Junín,Postpago Premium,Anual,25,119.18,2.4,476,0,2,2,5,1,0
CL800280,60.0,Lima,Postpago Básico,Mensual,1,48.99,35.0,288,1,0,2,5,1,0
CL800281,42.0,Lima,Postpago Básico,Anual,7,55.01,8.3,441,2,1,4,2,0,1
CL800282,40.0,Lima,Postpago Básico,18 meses,1,57.71,25.7,397,2,0,2,0,0,0
CL800283,28.0,Lima,Postpago Básico,18 meses,5,73.18,11.9,304,1,2,1,0,1,0
CL800284,,Lima,Prepago,Mensual,20,28.86,6.3,355,0,0,1,1,0,0
CL800285,22.0,Cusco,Postpago Básico,Mensual,13,52.79,26.9,533,0,0,5,0,0,0
CL800286,35.0,Piura,Postpago Básico,Mensual,13,62.33,14.8,428,1,0,2,3,1,0
CL800287,43.0,Lambayeque,Prepago,Mensual,3,30.09,10.2,372,2,1,3,11,1,0
CL800288,54.0,Cusco,Postpago Básico,18 meses,9,54.04,5.0,293,0,0,1,3,1,0
CL800289,34.0,Lima,Postpago Premium,Anual,2,144.02,17.0,651,3,3,5,1,1,1
CL800290,42.0,Lima,Postpago Básico,Mensual,3,46.47,14.7,407,1,1,7,1,1,1
CL800291,31.0,Arequipa,Prepago,Mensual,29,29.61,6.6,266,1,0,4,0,1,0
CL800292,40.0,Lima,Postpago Premium,18 meses,15,142.61,15.6,491,1,2,2,5,1,1
CL800293,26.0,Arequipa,Postpago Plus,Anual,4,88.03,12.1,460,0,0,3,10,1,1
CL800294,55.0,Lima,Prepago,Mensual,4,33.65,2.4,361,0,3,4,2,0,0
CL800295,27.0,Lima,Prepago,Mensual,21,31.65,7.0,296,0,0,1,0,1,0
CL800296,56.0,La Libertad,Prepago,Mensual,12,30.64,17.0,368,0,1,2,4,1,1
CL800297,19.0,Lima,Prepago,Mensual,7,37.3,8.0,271,0,1,2,1,1,0
CL800298,32.0,Cusco,Postpago Básico,Mensual,4,64.37,18.5,350,1,0,4,4,1,0
CL800299,18.0,Junín,Prepago,Mensual,8,24.07,16.1,314,1,0,0,7,0,0
CL800300,53.0,Áncash,Postpago Plus,Mensual,2,55.26,4.8,290,2,0,1,5,1,0
CL800301,34.0,Piura,Postpago Básico,Mensual,13,49.32,11.4,314,0,1,3,1,1,0
CL800302,45.0,Lima,Prepago,Mensual,3,33.61,18.2,253,0,2,2,1,0,0
CL800303,42.0,Lima,Prepago,Mensual,3,24.51,5.3,203,0,0,1,0,1,0
CL800304,36.0,Lima,Postpago Premium,Anual,25,139.42,11.1,546,0,1,3,2,1,0
CL800305,28.0,Lima,Prepago,Mensual,4,26.44,10.0,204,0,2,1,9,1,1
CL800306,41.0,Lambayeque,Postpago Básico,Mensual,8,58.56,18.6,394,0,1,6,1,1,0
CL800307,18.0,Arequipa,Prepago,Mensual,5,24.72,7.0,313,1,1,3,3,1,1
CL800308,18.0,Cusco,Postpago Plus,Anual,5,88.06,39.5,541,0,2,2,1,1,0
CL800309,27.0,Lambayeque,Prepago,Mensual,16,35.05,9.6,370,0,0,6,4,0,0
CL800310,50.0,Lima,Prepago,Mensual,4,30.36,4.9,215,1,3,3,4,1,1
CL800311,,Lima,Prepago,Mensual,20,29.19,11.1,400,2,1,2,12,1,0
CL800312,49.0,La Libertad,Prepago,Mensual,3,25.59,7.7,319,0,0,1,3,1,0
CL800313,,Lima,Postpago Plus,18 meses,5,69.4,22.8,481,1,0,1,0,0,0
CL800314,18.0,Lambayeque,Postpago Básico,Mensual,16,58.28,8.8,401,1,2,2,14,1,0
CL800315,28.0,Lima,Postpago Básico,Mensual,1,44.77,8.9,315,0,1,0,14,0,1
CL800316,47.0,Lima,Prepago,Mensual,5,28.91,6.3,106,0,0,2,2,1,0
CL800317,43.0,Lima,Postpago Básico,Mensual,12,52.44,10.1,245,0,0,0,1,1,0
CL800318,68.0,Cusco,Prepago,Mensual,32,19.52,22.8,158,0,0,2,0,1,0
CL800319,18.0,La Libertad,Postpago Plus,Anual,4,87.38,37.6,589,0,4,0,12,1,1
CL800320,35.0,Cusco,Postpago Básico,Mensual,10,48.69,8.1,258,0,0,1,2,1,0
CL800321,39.0,Lima,Postpago Plus,Mensual,12,83.46,8.3,501,3,0,3,2,1,1
CL800322,28.0,Áncash,Prepago,Mensual,6,21.46,1.9,437,2,0,0,1,0,0
CL800323,,Junín,Prepago,Mensual,1,23.59,15.8,382,2,0,2,6,1,0
CL800324,35.0,La Libertad,Postpago Básico,Anual,26,57.78,29.2,383,0,0,1,4,1,0
CL800325,18.0,Cusco,Postpago Básico,Mensual,14,42.85,10.7,322,2,1,2,9,0,1
CL800326,40.0,Lima,Postpago Básico,18 meses,13,29.31,44.1,378,0,0,1,1,1,0
CL800327,37.0,Lambayeque,Postpago Básico,Mensual,4,35.68,6.2,750,0,1,1,7,1,1
CL800328,34.0,Lima,Postpago Básico,Anual,1,55.68,21.9,327,0,3,2,0,1,1
CL800329,19.0,Lima,Postpago Básico,Anual,59,45.8,12.6,294,0,0,5,4,1,0
CL800330,37.0,Lima,Postpago Plus,Anual,26,98.92,2.6,328,1,0,0,2,1,0
CL800331,54.0,La Libertad,Prepago,Mensual,11,26.79,,161,1,0,3,9,1,1
CL800332,57.0,Lima,Prepago,Mensual,31,31.02,7.0,439,0,0,0,1,1,0
CL800333,26.0,Áncash,Prepago,Mensual,23,37.26,15.8,171,2,0,2,3,0,0
CL800334,46.0,Arequipa,Prepago,Mensual,9,33.0,22.3,226,0,1,2,5,1,0
CL800335,23.0,Piura,Postpago Básico,Mensual,8,70.63,14.0,368,1,1,3,2,1,0
CL800336,26.0,Piura,Postpago Básico,Mensual,34,63.02,7.7,197,0,0,0,2,0,0
CL800337,45.0,Áncash,Prepago,Mensual,2,37.22,9.2,428,0,0,1,1,0,0
CL800338,40.0,La Libertad,Postpago Básico,Anual,5,46.53,8.8,302,1,0,3,3,1,0
CL800339,35.0,Lima,Prepago,Mensual,48,30.4,13.5,358,0,0,3,14,1,0
CL800340,43.0,Cusco,Postpago Básico,Anual,46,64.24,11.8,536,0,0,1,4,1,0
CL800341,18.0,Arequipa,Postpago Básico,Mensual,56,63.27,18.6,350,1,0,3,3,1,0
CL800342,40.0,Lima,Prepago,Mensual,11,23.03,11.9,335,1,0,2,3,0,0
CL800343,41.0,Lima,Prepago,Mensual,11,34.61,5.6,258,1,1,3,5,1,0
CL800344,38.0,La Libertad,Prepago,Mensual,23,29.97,6.5,345,0,1,3,0,0,0
CL800345,44.0,Lima,Prepago,Mensual,24,28.58,11.3,324,3,1,0,3,1,0
CL800346,18.0,La Libertad,Prepago,Mensual,23,30.34,12.3,375,1,0,4,9,1,0
CL800347,55.0,Lima,Postpago Básico,Anual,5,43.65,6.5,419,0,0,1,2,1,0
CL800348,56.0,Piura,Prepago,Mensual,10,29.77,7.5,218,1,3,3,4,1,1
CL800349,59.0,Arequipa,Postpago Plus,Mensual,10,80.85,25.6,192,1,0,2,2,1,0
CL800350,42.0,Lambayeque,Prepago,Mensual,11,26.75,3.0,534,3,0,2,2,1,0
CL800351,32.0,La Libertad,Postpago Básico,Mensual,8,54.36,27.3,325,0,3,1,3,0,0
CL800352,47.0,Áncash,Prepago,Mensual,1,41.09,23.2,331,2,0,2,8,0,0
CL800353,50.0,Cusco,Prepago,Mensual,8,32.53,4.0,418,0,1,1,3,1,0
CL800354,36.0,Lima,Postpago Básico,Mensual,2,60.05,10.0,324,0,0,3,1,1,1
CL800355,55.0,Cusco,Prepago,Mensual,7,29.56,3.9,288,0,0,1,3,1,0
CL800356,41.0,Lima,Postpago Plus,Anual,12,73.64,37.5,345,2,1,4,2,0,1
CL800357,29.0,Arequipa,Postpago Básico,Mensual,10,53.24,30.6,352,1,1,4,1,1,1
CL800358,42.0,Lima,Postpago Básico,Anual,22,60.01,4.9,425,0,2,2,0,0,0
CL800359,45.0,Lima,Prepago,Mensual,8,27.74,2.0,308,0,1,0,2,1,1
CL800360,46.0,Lima,Prepago,Mensual,8,31.85,17.6,121,0,1,1,8,0,0
CL800361,38.0,Cusco,Prepago,Mensual,8,26.0,4.3,318,0,0,2,23,1,0
CL800362,28.0,Lima,Prepago,Mensual,7,29.95,4.0,322,1,0,4,0,0,0
CL800363,51.0,Lambayeque,Postpago Plus,Mensual,48,86.68,28.1,387,0,0,3,2,1,0
CL800364,18.0,Arequipa,Postpago Plus,Mensual,15,99.51,34.5,523,0,1,5,0,0,0
CL800365,37.0,La Libertad,Prepago,Mensual,16,29.97,52.3,419,0,0,3,5,1,0
CL800366,43.0,Lambayeque,Prepago,Mensual,16,41.56,4.7,89,2,0,0,3,0,0
CL800367,39.0,Cusco,Postpago Básico,18 meses,5,52.24,4.2,538,0,1,3,2,0,0
CL800368,36.0,Cusco,Prepago,Mensual,28,33.31,1.4,275,1,0,1,4,1,0
CL800369,33.0,Lima,Prepago,Mensual,8,25.22,9.0,460,1,1,2,4,1,0
CL800370,22.0,Lambayeque,Prepago,Mensual,1,30.82,7.9,280,0,1,1,1,1,0
CL800371,35.0,Piura,Prepago,Mensual,33,24.85,25.7,311,1,2,0,2,1,0
CL800372,21.0,Arequipa,Postpago Básico,18 meses,7,51.47,15.9,505,0,1,1,0,1,0
CL800373,36.0,Lima,Postpago Básico,Anual,13,49.02,16.4,349,2,1,4,3,1,0
CL800374,34.0,Lima,Postpago Básico,Mensual,6,37.8,22.9,361,1,0,3,9,1,0
CL800375,44.0,Piura,Postpago Básico,Mensual,7,63.19,9.6,643,2,1,3,4,0,1
CL800376,39.0,Lima,Postpago Básico,18 meses,24,69.38,4.6,486,0,0,2,6,1,1
CL800377,29.0,Lambayeque,Prepago,Mensual,38,26.97,13.2,195,2,0,2,0,1,1
CL800378,37.0,Lima,Prepago,Mensual,6,28.34,1.8,322,0,1,5,3,0,0
CL800379,28.0,Lima,Postpago Premium,Mensual,5,121.17,25.6,389,0,0,1,3,0,0
CL800380,53.0,Lima,Postpago Premium,Mensual,39,128.44,8.6,612,0,1,1,2,0,0
CL800381,23.0,Lima,Postpago Básico,Mensual,1,55.55,11.9,574,0,0,2,0,1,0
CL800382,44.0,Junín,Postpago Básico,Mensual,1,61.03,,525,1,1,4,0,0,1
CL800383,41.0,Junín,Postpago Premium,Anual,27,168.36,34.4,608,1,1,2,2,0,0
CL800384,18.0,Junín,Prepago,Mensual,5,36.8,13.1,229,0,0,1,1,0,1
CL800385,53.0,Lambayeque,Prepago,Mensual,31,30.15,12.8,367,3,0,4,2,1,0
CL800386,38.0,Lima,Prepago,Mensual,4,27.67,26.4,451,2,1,2,0,1,0
CL800387,31.0,Arequipa,Prepago,Mensual,14,29.72,4.3,405,0,0,0,3,1,0
CL800388,37.0,Lima,Postpago Básico,Anual,14,58.85,26.2,304,0,0,3,1,0,0
CL800389,44.0,Áncash,Postpago Básico,Mensual,14,44.53,24.2,397,0,0,1,1,0,1
CL800390,56.0,Lima,Postpago Básico,Anual,16,55.5,12.2,166,0,1,4,6,0,1
CL800391,43.0,Lima,Prepago,Mensual,3,24.6,5.9,184,0,0,3,1,0,0
CL800392,41.0,Lima,Prepago,Mensual,22,26.9,3.4,356,0,2,2,0,1,0
CL800393,28.0,La Libertad,Postpago Premium,Anual,40,124.12,21.9,709,0,1,3,6,1,0
CL800394,26.0,Junín,Postpago Básico,Anual,2,64.4,20.1,305,3,1,4,0,0,0
CL800395,33.0,Lima,Prepago,Mensual,28,27.87,10.9,335,1,0,6,4,1,0
CL800396,76.0,Junín,Prepago,Mensual,7,30.59,11.4,308,1,0,0,0,1,0
CL800397,57.0,Lima,Prepago,Mensual,24,29.22,7.6,243,0,0,3,13,1,0
CL800398,68.0,Lima,Postpago Plus,Mensual,18,71.54,9.9,401,1,2,1,1,0,0
CL800399,20.0,Piura,Prepago,Mensual,70,24.28,11.1,309,3,1,0,6,1,0
CL800400,23.0,La Libertad,Postpago Básico,Mensual,21,46.47,2.1,435,0,2,3,0,1,0
CL800401,31.0,Cusco,Postpago Plus,Mensual,28,71.18,5.8,475,0,0,1,4,0,0
CL800402,38.0,Áncash,Postpago Plus,Anual,16,64.84,27.0,618,0,0,1,2,0,0
CL800403,51.0,Cusco,Prepago,Mensual,5,26.48,13.9,291,0,0,1,0,0,1
CL800404,53.0,Lima,Prepago,Mensual,4,31.74,11.1,431,0,1,2,6,1,1
CL800405,48.0,Lima,Prepago,Mensual,7,34.3,11.8,391,2,2,4,0,0,0
CL800406,48.0,Cusco,Prepago,Mensual,17,22.92,4.0,453,1,1,2,0,1,0
CL800407,62.0,Lima,Postpago Básico,Mensual,1,43.39,15.0,542,2,2,1,3,0,0
CL800408,33.0,Cusco,Postpago Básico,Mensual,19,43.0,2.1,345,0,2,2,3,1,0
CL800409,28.0,Lambayeque,Postpago Básico,18 meses,5,64.59,4.9,557,2,2,3,1,1,0
CL800410,71.0,Lima,Postpago Plus,Anual,13,74.45,6.1,416,0,2,0,0,1,0
CL800411,32.0,Lima,Postpago Plus,18 meses,18,75.79,33.8,346,0,2,3,0,1,0
CL800412,18.0,Arequipa,Prepago,Mensual,7,26.48,16.4,84,1,0,2,0,1,0
CL800413,46.0,Lima,Postpago Básico,18 meses,8,47.62,9.4,471,1,1,1,0,1,0
CL800414,41.0,Arequipa,Postpago Básico,18 meses,32,48.4,11.9,302,0,0,3,1,0,0
CL800415,54.0,Lima,Postpago Básico,Anual,7,59.6,4.2,412,0,2,2,1,0,0
CL800416,32.0,Arequipa,Postpago Premium,Mensual,49,133.54,51.4,209,0,2,4,1,0,0
CL800417,38.0,Lambayeque,Postpago Plus,Anual,3,88.7,9.0,771,0,1,3,0,0,1
CL800418,55.0,Lima,Postpago Básico,Anual,11,58.32,,422,0,0,1,2,1,0
CL800419,31.0,Lima,Postpago Premium,Anual,9,120.21,3.9,417,1,0,1,7,1,0
CL800420,54.0,Arequipa,Postpago Básico,Mensual,3,59.42,2.3,280,1,0,2,1,1,0
CL800421,29.0,Lambayeque,Postpago Básico,Anual,2,48.59,6.0,232,0,1,2,5,0,1
CL800422,38.0,Piura,Prepago,Mensual,2,36.84,8.0,220,0,2,4,0,1,1
CL800423,41.0,Piura,Postpago Básico,Anual,2,46.11,,427,0,0,3,9,1,0
CL800424,48.0,Lima,Postpago Básico,18 meses,2,57.97,5.2,214,0,2,2,1,1,0
CL800425,38.0,Lima,Prepago,Mensual,2,21.35,1.0,401,0,2,3,8,0,0
CL800426,22.0,Lima,Postpago Básico,Anual,57,58.22,33.5,326,0,2,1,4,1,0
CL800427,22.0,Lima,Postpago Básico,Anual,1,56.4,12.2,429,0,1,3,6,1,1
CL800428,57.0,Lima,Prepago,Mensual,81,35.01,5.8,184,0,1,3,17,0,0
CL800429,53.0,Lambayeque,Prepago,Mensual,24,30.41,6.4,306,1,3,1,3,1,1
CL800430,33.0,Lambayeque,Prepago,Mensual,6,26.09,7.4,549,2,0,2,0,1,0
CL800431,18.0,Arequipa,Prepago,Mensual,8,30.38,15.8,214,1,2,3,7,0,1
CL800432,32.0,Lima,Postpago Básico,Mensual,1,60.04,40.6,447,2,1,2,16,1,0
CL800433,34.0,Lima,Prepago,Mensual,2,31.64,9.0,198,0,1,2,3,1,1
CL800434,53.0,Lima,Prepago,Mensual,32,24.66,8.1,181,0,1,2,0,1,1
CL800435,44.0,Lima,Postpago Premium,Anual,8,88.29,5.8,706,1,1,1,3,1,0
CL800436,29.0,Junín,Prepago,Mensual,1,36.41,22.6,249,2,1,1,0,1,1
CL800437,35.0,Cusco,Postpago Básico,Anual,5,43.52,6.9,321,1,0,4,3,0,0
CL800438,53.0,La Libertad,Postpago Plus,Mensual,7,93.79,13.4,435,0,0,1,3,1,0
CL800439,19.0,Lima,Postpago Básico,Anual,24,55.33,16.8,377,0,1,1,16,1,1
CL800440,72.0,Lima,Prepago,Mensual,5,43.51,,426,2,2,0,2,1,0
CL800441,21.0,La Libertad,Prepago,Mensual,5,32.18,2.9,189,1,0,3,1,0,1
CL800442,42.0,Arequipa,Postpago Básico,Mensual,22,52.17,19.6,461,2,1,1,1,0,0
CL800443,55.0,Arequipa,Prepago,Mensual,7,29.41,19.0,169,2,0,4,0,1,0
CL800444,50.0,Lima,Prepago,Mensual,17,29.69,18.5,0,3,0,5,0,1,0
CL800445,24.0,Lambayeque,Prepago,Mensual,23,35.51,9.0,397,2,0,0,2,0,1
CL800446,42.0,Arequipa,Postpago Plus,Anual,10,79.45,16.3,170,0,2,2,1,0,0
CL800447,49.0,Arequipa,Postpago Plus,Anual,2,84.81,37.9,392,2,0,2,26,0,0
CL800448,49.0,Junín,Postpago Premium,18 meses,14,130.96,49.5,461,1,3,0,14,1,0
CL800449,18.0,Lima,Prepago,Mensual,3,33.39,16.9,78,0,2,1,0,1,0
CL800450,57.0,Junín,Prepago,Mensual,11,20.79,1.9,183,1,2,2,0,1,0
CL800451,53.0,Arequipa,Prepago,Mensual,16,24.95,5.1,0,0,0,2,6,0,1
CL800452,30.0,Lima,Prepago,Mensual,34,29.85,8.8,293,2,1,3,5,1,1
CL800453,70.0,Lima,Postpago Básico,18 meses,5,46.27,13.7,600,0,2,1,6,0,0
CL800454,69.0,Lima,Prepago,Mensual,3,35.18,12.8,167,1,1,2,0,0,0
CL800455,41.0,Arequipa,Postpago Básico,Mensual,23,55.87,7.6,274,2,0,4,12,1,0
CL800456,25.0,Lima,Prepago,Mensual,2,30.73,15.5,340,1,1,3,11,0,1
CL800457,32.0,Lima,Postpago Básico,Anual,24,59.04,9.6,231,1,0,3,0,1,0
CL800458,55.0,Lambayeque,Prepago,Mensual,1,22.12,8.3,407,0,1,0,6,1,0
CL800459,52.0,Arequipa,Postpago Básico,Mensual,4,52.75,13.9,332,0,1,1,5,1,0
CL800460,48.0,Áncash,Postpago Básico,Anual,9,56.6,7.1,518,2,1,1,8,1,1
CL800461,46.0,Junín,Postpago Básico,18 meses,10,42.13,9.3,400,1,0,2,0,1,0
CL800462,44.0,Lima,Prepago,Mensual,1,23.55,7.6,327,0,1,0,3,1,0
CL800463,19.0,Lima,Postpago Premium,Anual,24,151.84,5.6,679,0,0,0,12,1,0
CL800464,55.0,Áncash,Postpago Plus,Anual,18,81.07,12.0,350,1,0,3,2,1,0
CL800465,40.0,Lima,Prepago,Mensual,15,32.95,6.2,445,1,0,5,1,1,1
CL800466,34.0,Cusco,Prepago,Mensual,11,21.75,3.2,332,1,2,2,0,1,0
CL800467,37.0,Piura,Prepago,Mensual,16,32.95,11.3,206,0,1,0,1,1,0
CL800468,51.0,Piura,Prepago,Mensual,3,32.23,6.9,314,0,1,1,3,1,1
CL800469,42.0,Lima,Prepago,Mensual,4,23.59,9.1,562,2,0,0,3,0,0
CL800470,32.0,Lambayeque,Postpago Básico,Mensual,16,65.81,14.1,487,2,1,2,0,0,0
CL800471,32.0,Junín,Postpago Plus,Mensual,7,94.15,18.8,354,1,0,3,6,1,1
CL800472,,Lima,Prepago,Mensual,12,34.08,33.9,230,2,0,3,6,0,0
CL800473,51.0,Áncash,Prepago,Mensual,4,16.7,9.9,416,2,1,2,0,1,1
CL800474,41.0,Lima,Prepago,Mensual,24,34.36,9.3,166,3,1,0,4,0,0
CL800475,40.0,La Libertad,Prepago,Mensual,3,31.33,10.8,121,0,0,2,6,0,1
CL800476,33.0,Junín,Prepago,Mensual,7,26.84,3.5,234,1,3,3,2,0,0
CL800477,64.0,Arequipa,Prepago,Mensual,2,19.59,7.6,295,0,0,2,8,1,0
CL800478,18.0,Lima,Prepago,Mensual,6,34.15,12.5,230,2,0,1,3,1,0
CL800479,38.0,Lima,Prepago,Mensual,4,32.39,9.1,318,0,1,2,2,1,1
CL800480,46.0,Lambayeque,Postpago Básico,Anual,2,61.19,12.3,367,0,2,6,0,1,1
CL800481,28.0,Lambayeque,Postpago Plus,Mensual,4,87.06,26.2,560,0,1,2,2,1,0
CL800482,22.0,Áncash,Prepago,Mensual,10,25.76,18.3,339,2,0,0,1,1,0
CL800483,32.0,Lima,Postpago Básico,Anual,7,65.42,7.3,368,3,2,0,6,1,1
CL800484,50.0,Cusco,Postpago Básico,18 meses,6,40.96,11.8,372,2,1,3,2,1,0
CL800485,55.0,Lima,Prepago,Mensual,2,32.24,17.9,248,1,0,2,12,0,0
CL800486,60.0,Lima,Prepago,Mensual,34,30.38,5.0,273,1,0,2,1,1,0
CL800487,32.0,Lambayeque,Postpago Básico,Anual,7,53.7,9.3,395,0,1,1,8,0,0
CL800488,43.0,Lima,Postpago Plus,Mensual,9,71.1,17.4,345,0,2,2,9,0,1
CL800489,18.0,Arequipa,Postpago Básico,Anual,27,57.3,18.8,156,0,0,2,3,1,0
CL800490,37.0,La Libertad,Postpago Básico,Anual,3,51.68,24.5,407,3,1,1,0,1,0
CL800491,32.0,Lima,Postpago Básico,Mensual,2,58.46,,359,3,0,1,0,0,0
CL800492,39.0,Lima,Prepago,Mensual,7,25.46,14.5,242,2,0,4,1,1,0
CL800493,31.0,Lambayeque,Postpago Básico,Anual,14,41.25,18.5,387,2,1,1,7,0,0
CL800494,30.0,Lima,Postpago Plus,Anual,18,72.46,26.5,242,3,0,1,8,1,0
CL800495,35.0,Cusco,Prepago,Mensual,2,31.41,2.0,271,3,1,1,0,1,0
CL800496,32.0,La Libertad,Prepago,Mensual,13,31.4,7.5,192,0,0,1,0,1,0
CL800497,29.0,Lima,Prepago,Mensual,3,34.4,29.3,474,2,1,1,1,0,0
CL800498,,Áncash,Prepago,Mensual,21,33.04,4.4,275,0,1,5,0,1,1
CL800499,18.0,Lambayeque,Prepago,Mensual,16,23.38,8.0,81,0,0,1,4,1,0
CL800500,23.0,Cusco,Prepago,Mensual,50,31.33,10.6,232,0,0,5,4,1,0
CL800501,37.0,Lima,Prepago,Mensual,9,33.43,3.1,343,1,2,0,4,1,0
CL800502,45.0,Cusco,Postpago Plus,Mensual,5,76.0,5.9,471,0,0,1,0,1,0
CL800503,51.0,Lima,Prepago,Mensual,16,34.56,8.8,314,0,2,1,0,1,0
CL800504,37.0,Áncash,Prepago,Mensual,10,34.34,8.0,340,1,4,0,10,1,1
CL800505,39.0,Lima,Prepago,Mensual,7,24.7,11.6,328,2,2,4,0,1,1
CL800506,38.0,Lima,Postpago Plus,Mensual,63,90.88,54.5,315,0,3,5,1,1,0
CL800507,18.0,Piura,Prepago,Mensual,3,24.07,2.9,242,0,2,2,2,1,1
CL800508,50.0,Piura,Prepago,Mensual,4,26.97,6.5,348,0,3,0,10,1,0
CL800509,36.0,Áncash,Postpago Básico,18 meses,3,44.83,6.5,254,0,1,1,2,0,0
CL800510,31.0,Lima,Postpago Básico,Anual,3,65.88,16.7,325,0,2,3,2,0,0
CL800511,26.0,Lima,Postpago Básico,Anual,26,54.53,5.5,537,0,2,3,5,1,1
CL800512,18.0,Junín,Prepago,Mensual,28,28.13,9.2,323,0,1,0,7,1,0
CL800513,48.0,Lima,Postpago Básico,Mensual,6,63.77,14.0,527,0,1,1,0,1,1
CL800514,19.0,Lima,Postpago Plus,Anual,19,82.52,,474,0,2,1,1,1,0
CL800515,36.0,Cusco,Postpago Premium,Anual,5,155.35,28.0,556,0,0,3,9,0,0
CL800516,49.0,Áncash,Postpago Básico,Anual,2,48.14,,281,0,2,3,2,0,1
CL800517,35.0,Piura,Prepago,Mensual,16,25.74,4.1,354,1,1,0,0,1,1
CL800518,43.0,Junín,Prepago,Mensual,42,31.41,4.2,194,0,3,1,2,0,0
CL800519,,Lima,Postpago Básico,Mensual,12,55.55,14.9,323,0,0,1,0,1,0
CL800520,43.0,Áncash,Prepago,Mensual,5,26.38,8.5,277,0,0,1,0,1,0
CL800521,33.0,Piura,Prepago,Mensual,11,30.82,3.7,470,0,3,2,0,0,0
CL800522,39.0,La Libertad,Prepago,Mensual,24,29.39,15.1,248,1,0,1,3,1,0
CL800523,22.0,Lambayeque,Prepago,Mensual,20,31.19,7.3,488,1,0,1,8,1,1
CL800524,41.0,Lima,Prepago,Mensual,3,27.31,9.9,523,0,1,0,1,1,0
CL800525,21.0,La Libertad,Postpago Básico,Mensual,1,49.19,3.2,461,2,1,1,0,1,0
CL800526,38.0,La Libertad,Prepago,Mensual,5,30.99,21.8,370,0,0,1,1,1,0
CL800527,48.0,La Libertad,Postpago Básico,Mensual,3,51.51,,451,1,0,1,1,1,0
CL800528,33.0,Lima,Prepago,Mensual,10,25.95,5.7,421,0,0,4,1,1,0
CL800529,38.0,La Libertad,Postpago Básico,Mensual,11,52.86,21.4,546,1,0,1,2,1,0
CL800530,54.0,La Libertad,Postpago Plus,Mensual,36,109.86,15.8,519,3,1,3,2,0,0
CL800531,36.0,Arequipa,Prepago,Mensual,15,28.23,20.0,68,2,1,4,4,0,1
CL800532,60.0,Piura,Postpago Básico,Mensual,4,53.91,,260,0,2,2,2,1,0
CL800533,41.0,Lima,Prepago,Mensual,9,30.87,9.7,338,0,0,5,5,1,1
CL800534,46.0,Arequipa,Prepago,Mensual,13,27.18,13.3,368,0,0,1,0,0,0
CL800535,38.0,Lima,Postpago Básico,18 meses,4,51.06,4.2,634,0,0,2,1,1,0
CL800536,45.0,Lima,Postpago Básico,Mensual,3,46.48,3.8,356,1,2,2,0,1,0
CL800537,26.0,La Libertad,Prepago,Mensual,3,35.35,18.1,377,1,1,0,0,1,1
CL800538,53.0,Lima,Postpago Básico,Anual,24,60.13,7.1,352,0,0,3,1,0,0
CL800539,40.0,Lambayeque,Prepago,Mensual,4,22.01,8.2,321,2,0,2,2,1,0
CL800540,37.0,Lima,Prepago,Mensual,16,36.99,2.3,224,0,3,3,0,0,1
CL800541,42.0,Lima,Postpago Plus,Mensual,21,60.88,6.0,322,0,0,2,0,0,1
CL800542,18.0,Lima,Postpago Básico,18 meses,17,48.96,13.0,446,0,0,0,0,0,0
CL800543,33.0,Piura,Postpago Premium,Mensual,3,135.49,,709,1,2,3,2,1,0
CL800544,41.0,Junín,Postpago Básico,Mensual,25,52.32,14.3,405,0,3,3,1,0,1
CL800545,21.0,Cusco,Prepago,Mensual,6,27.73,2.5,187,0,0,0,3,0,0
CL800546,64.0,Lima,Postpago Plus,Anual,11,69.16,25.0,488,1,0,2,4,1,0
CL800547,44.0,Lima,Prepago,Mensual,16,32.44,9.8,244,0,2,3,0,1,1
CL800548,20.0,Junín,Postpago Plus,Anual,15,71.38,17.6,461,0,1,3,6,1,0
CL800549,40.0,Áncash,Prepago,Mensual,1,31.9,1.7,407,0,0,2,9,1,1
CL800550,18.0,Piura,Postpago Plus,Anual,12,86.71,5.2,406,2,0,2,0,1,0
CL800551,29.0,Lima,Postpago Básico,18 meses,1,57.94,12.8,474,1,2,2,1,1,1
CL800552,54.0,Áncash,Prepago,Mensual,6,28.27,10.6,56,1,1,1,1,0,0
CL800553,36.0,La Libertad,Prepago,Mensual,9,36.86,2.2,275,0,1,3,8,1,0
CL800554,23.0,Junín,Prepago,Mensual,8,37.04,7.3,492,0,0,5,1,0,1
CL800555,51.0,Piura,Postpago Premium,18 meses,1,143.31,8.9,514,1,3,5,2,0,0
CL800556,31.0,Lima,Postpago Básico,Mensual,19,55.83,14.2,361,1,2,2,0,1,0
CL800557,19.0,Lima,Postpago Básico,Mensual,3,58.82,19.7,284,0,2,6,10,1,0
CL800558,24.0,Arequipa,Postpago Básico,Anual,4,47.64,10.1,295,2,0,2,2,0,0
CL800559,24.0,Junín,Postpago Premium,Mensual,7,154.75,20.3,453,1,0,1,3,1,0
CL800560,37.0,Lima,Postpago Plus,Mensual,38,76.15,37.0,547,3,0,1,2,1,0
CL800561,39.0,Lima,Prepago,Mensual,7,30.33,6.7,80,0,1,1,2,1,0
CL800562,44.0,Áncash,Prepago,Mensual,6,31.94,10.4,290,1,0,2,3,1,0
CL800563,29.0,Arequipa,Prepago,Mensual,27,22.9,10.1,0,0,0,0,6,1,0
CL800564,18.0,Cusco,Prepago,Mensual,27,28.96,2.2,244,0,0,4,2,1,0
CL800565,34.0,Piura,Postpago Básico,18 meses,2,60.13,19.0,381,1,0,5,1,0,0
CL800566,35.0,Lima,Prepago,Mensual,8,29.54,11.6,182,0,1,2,3,0,0
CL800567,43.0,La Libertad,Prepago,Mensual,31,27.73,26.0,288,0,0,2,7,0,0
CL800568,47.0,Piura,Prepago,Mensual,7,37.28,19.7,218,0,0,2,3,0,1
CL800569,33.0,Arequipa,Postpago Premium,18 meses,4,148.28,22.6,509,0,0,0,1,1,0
CL800570,29.0,La Libertad,Prepago,Mensual,1,29.16,9.8,133,3,0,2,0,1,0
CL800571,36.0,Lima,Prepago,Mensual,6,24.25,12.6,84,1,0,2,0,1,0
CL800572,38.0,Lambayeque,Prepago,Mensual,14,29.83,22.9,563,3,2,2,0,0,0
CL800573,37.0,Junín,Prepago,Mensual,3,29.29,11.8,197,1,3,5,12,0,1
CL800574,29.0,Arequipa,Prepago,Mensual,8,20.83,21.9,305,0,1,2,3,1,0
CL800575,18.0,Junín,Prepago,Mensual,5,25.05,11.4,337,0,2,2,0,1,0
CL800576,26.0,Lima,Postpago Básico,18 meses,11,56.58,10.8,416,0,0,1,0,0,0
CL800577,38.0,Piura,Postpago Básico,Anual,25,44.9,5.5,504,0,0,2,7,1,0
CL800578,34.0,Lambayeque,Postpago Básico,Anual,5,53.32,9.0,348,0,2,0,5,0,0
CL800579,29.0,Lima,Prepago,Mensual,10,24.9,22.1,324,0,2,5,9,1,1
CL800580,54.0,La Libertad,Prepago,Mensual,4,25.98,7.0,185,1,1,2,5,0,0
CL800581,36.0,Áncash,Prepago,Mensual,31,24.53,2.5,313,1,2,1,1,0,0
CL800582,37.0,Cusco,Prepago,Mensual,5,27.01,10.5,332,0,2,0,8,1,1
CL800583,34.0,Junín,Prepago,Mensual,7,24.85,2.6,181,0,1,4,0,1,0
CL800584,25.0,Áncash,Postpago Premium,Anual,12,160.07,5.5,617,0,0,1,4,0,0
CL800585,49.0,Lima,Prepago,Mensual,3,32.82,3.5,443,0,1,2,0,1,1
CL800586,28.0,Lima,Postpago Plus,Anual,8,81.62,13.3,459,0,2,3,0,1,0
CL800587,44.0,Lima,Prepago,Mensual,7,26.18,2.1,421,0,1,1,0,0,0
CL800588,32.0,Junín,Postpago Plus,Anual,3,74.42,20.0,674,1,0,3,8,0,0
CL800589,41.0,Lima,Postpago Básico,Mensual,4,54.23,12.2,354,1,3,3,16,1,1
CL800590,54.0,Lima,Prepago,Mensual,9,23.51,3.2,400,3,1,0,6,1,0
CL800591,33.0,Lima,Prepago,Mensual,7,30.24,16.4,321,2,2,5,0,1,0
CL800592,43.0,Cusco,Prepago,Mensual,9,31.98,,340,1,1,1,1,1,0
CL800593,42.0,Lima,Prepago,Mensual,7,29.54,6.3,458,0,1,3,3,1,0
CL800594,31.0,Piura,Postpago Plus,Mensual,24,81.43,13.3,598,0,0,1,10,0,0
CL800595,50.0,Lima,Prepago,Mensual,9,25.08,3.8,308,2,1,3,0,1,0
CL800596,26.0,Lima,Prepago,Mensual,14,28.28,5.7,312,0,1,1,1,0,0
CL800597,18.0,Lima,Postpago Plus,Mensual,20,109.2,41.7,600,0,3,2,7,1,0
CL800598,36.0,Lima,Prepago,Mensual,19,31.45,2.9,425,0,2,1,4,1,1
CL800599,52.0,Lima,Postpago Básico,Anual,50,52.9,13.4,87,2,0,2,0,1,0
CL800600,42.0,Cusco,Postpago Plus,18 meses,1,94.94,56.8,595,0,1,1,0,1,0
CL800601,62.0,La Libertad,Postpago Plus,18 meses,1,71.15,5.3,551,0,3,2,1,1,1
CL800602,53.0,Lima,Postpago Plus,Mensual,6,83.79,18.8,481,0,2,4,2,1,0
CL800603,31.0,Piura,Postpago Básico,Anual,32,46.28,18.7,503,0,1,1,0,1,0
CL800604,45.0,Lima,Prepago,Mensual,3,21.87,22.4,185,1,0,0,9,1,0
CL800605,25.0,Lima,Prepago,Mensual,3,27.39,17.1,282,0,2,0,0,0,0
CL800606,27.0,Arequipa,Postpago Básico,Mensual,20,50.22,36.3,479,0,1,5,8,0,1
CL800607,33.0,Áncash,Prepago,Mensual,1,30.53,6.9,48,0,0,2,2,0,0
CL800608,49.0,Junín,Prepago,Mensual,3,22.44,2.9,272,0,0,3,9,0,0
CL800609,34.0,Lima,Prepago,Mensual,5,31.39,2.6,190,2,1,1,1,1,0
CL800610,52.0,Cusco,Prepago,Mensual,4,31.0,19.0,376,0,1,2,0,1,0
CL800611,30.0,Arequipa,Postpago Básico,Mensual,6,48.16,7.4,293,2,1,3,0,1,0
CL800612,33.0,Lambayeque,Prepago,Mensual,28,30.95,4.0,301,0,0,1,1,1,0
CL800613,33.0,Piura,Prepago,Mensual,13,24.37,10.5,153,1,1,0,5,1,0
CL800614,18.0,La Libertad,Prepago,Mensual,1,30.69,10.9,445,0,0,0,2,1,0
CL800615,43.0,La Libertad,Prepago,Mensual,7,22.55,1.6,448,1,1,3,2,0,0
CL800616,28.0,Lambayeque,Prepago,Mensual,2,33.41,3.5,194,0,3,4,4,1,0
CL800617,26.0,Lambayeque,Postpago Básico,Mensual,4,57.99,15.6,395,0,1,3,2,0,1
CL800618,61.0,Junín,Prepago,Mensual,8,28.44,7.0,133,0,2,3,14,1,1
CL800619,39.0,Lima,Postpago Plus,Anual,8,78.15,68.9,426,0,1,2,4,1,0
CL800620,35.0,La Libertad,Prepago,Mensual,11,28.2,,183,0,1,2,5,0,0
CL800621,37.0,Lima,Postpago Premium,18 meses,11,154.76,12.6,506,0,2,2,5,1,0
CL800622,,Áncash,Prepago,Mensual,24,33.84,3.1,418,0,1,2,12,1,0
CL800623,36.0,La Libertad,Postpago Plus,Anual,1,63.79,19.5,329,0,2,1,2,1,0
CL800624,39.0,Lima,Postpago Premium,Mensual,30,122.44,10.5,647,0,1,5,0,0,0
CL800625,26.0,Lima,Prepago,Mensual,22,30.88,14.7,577,1,0,1,2,0,1
CL800626,44.0,Lima,Postpago Básico,Anual,10,60.37,9.3,441,0,1,3,2,0,0
CL800627,57.0,Arequipa,Prepago,Mensual,4,30.76,7.8,312,0,0,2,5,1,1
CL800628,41.0,Lima,Prepago,Mensual,9,22.88,1.8,342,0,1,1,9,0,1
CL800629,61.0,Lima,Prepago,Mensual,10,28.53,10.1,144,0,0,2,0,1,0
CL800630,18.0,Piura,Postpago Básico,18 meses,18,66.19,9.4,387,1,1,4,0,0,1
CL800631,38.0,Junín,Prepago,Mensual,24,31.18,4.0,505,2,0,0,19,1,0
CL800632,40.0,Cusco,Prepago,Mensual,37,20.33,,225,1,0,1,1,1,0
CL800633,35.0,Lambayeque,Prepago,Mensual,6,31.32,8.9,37,2,0,1,6,1,0
CL800634,41.0,La Libertad,Prepago,Mensual,8,25.94,5.8,305,0,2,3,3,1,0
CL800635,54.0,Lima,Postpago Plus,18 meses,1,65.76,11.1,326,1,0,1,1,1,0
CL800636,42.0,Áncash,Prepago,Mensual,11,24.87,23.6,267,0,1,3,1,0,1
CL800637,59.0,Lima,Postpago Básico,Mensual,17,51.59,7.4,487,0,0,1,0,0,0
CL800638,32.0,Piura,Postpago Básico,Anual,7,65.01,11.3,318,0,1,5,4,0,1
CL800639,22.0,Lima,Prepago,Mensual,2,32.8,2.9,424,0,0,0,0,0,0
CL800640,45.0,Lima,Prepago,Mensual,11,28.64,21.1,324,0,3,2,0,0,0
CL800641,41.0,Lima,Postpago Básico,18 meses,13,49.75,9.6,202,0,2,1,7,1,1
CL800642,25.0,Lima,Prepago,Mensual,16,24.72,8.2,506,0,1,3,0,1,0
CL800643,30.0,Junín,Prepago,Mensual,11,33.32,7.2,352,0,1,3,0,1,0
CL800644,18.0,Piura,Prepago,Mensual,10,24.39,9.0,310,0,2,2,0,1,0
CL800645,58.0,Lima,Prepago,Mensual,3,33.52,5.7,337,0,1,4,2,1,0
CL800646,41.0,Lambayeque,Prepago,Mensual,5,32.27,23.6,122,3,1,1,3,1,0
CL800647,42.0,Junín,Prepago,Mensual,1,26.48,1.7,639,0,2,2,0,0,0
CL800648,24.0,Lima,Prepago,Mensual,6,29.1,20.4,286,1,1,0,0,1,0
CL800649,19.0,Lima,Postpago Plus,Anual,3,92.43,7.0,222,1,0,0,2,0,0
CL800650,45.0,Lima,Postpago Plus,Anual,33,78.6,21.7,477,1,2,3,0,0,0
CL800651,25.0,Junín,Postpago Plus,Mensual,2,73.38,13.9,571,0,1,3,5,1,1
CL800652,45.0,Arequipa,Prepago,Mensual,7,26.75,,274,0,1,0,2,0,0
CL800653,39.0,Junín,Prepago,Mensual,23,31.12,6.0,282,1,0,3,1,0,1
CL800654,31.0,Cusco,Prepago,Mensual,1,31.85,8.1,193,1,0,3,5,1,0
CL800655,50.0,La Libertad,Postpago Básico,Anual,15,46.94,2.4,468,0,0,2,5,1,0
CL800656,58.0,Piura,Prepago,Mensual,4,23.73,14.8,242,0,1,2,1,1,1
CL800657,37.0,Arequipa,Postpago Plus,Mensual,3,100.48,60.2,296,1,0,2,4,1,0
CL800658,31.0,La Libertad,Prepago,Mensual,20,30.85,12.1,316,1,2,5,2,1,0
CL800659,53.0,Lima,Postpago Básico,Anual,8,65.9,11.3,600,2,1,5,0,1,0
CL800660,41.0,Lima,Postpago Básico,Mensual,20,43.57,24.8,463,0,0,3,2,0,0
CL800661,53.0,Lima,Prepago,Mensual,3,27.97,7.5,353,0,1,3,2,1,0
CL800662,18.0,Lima,Postpago Premium,Mensual,27,122.85,12.5,683,1,0,1,9,1,0
CL800663,51.0,Lima,Prepago,Mensual,4,28.19,2.4,335,0,0,1,0,1,0
CL800664,36.0,Lima,Prepago,Mensual,24,34.57,8.6,187,0,0,4,2,1,1
CL800665,47.0,La Libertad,Postpago Premium,18 meses,12,113.1,19.6,612,1,0,1,9,0,0
CL800666,52.0,Áncash,Prepago,Mensual,36,25.15,5.3,248,1,0,1,1,0,1
CL800667,53.0,Cusco,Prepago,Mensual,14,22.4,14.5,250,3,0,2,0,0,0
CL800668,37.0,La Libertad,Prepago,Mensual,1,29.19,12.9,244,3,1,3,3,1,1
CL800669,24.0,Lambayeque,Postpago Básico,18 meses,15,62.04,19.6,200,1,0,2,2,1,0
CL800670,44.0,Lima,Prepago,Mensual,18,28.93,4.6,354,2,0,0,4,1,0
CL800671,20.0,Áncash,Prepago,Mensual,32,27.59,3.4,283,0,2,2,4,1,0
CL800672,18.0,Lima,Postpago Básico,Anual,7,52.55,19.0,396,1,1,1,2,1,0
CL800673,34.0,Lima,Postpago Plus,Mensual,5,85.62,30.9,313,0,0,2,1,0,0
CL800674,29.0,Lima,Postpago Plus,Mensual,5,92.44,,472,0,1,1,4,1,0
CL800675,42.0,Áncash,Prepago,Mensual,7,28.95,10.5,179,0,0,1,1,1,0
CL800676,37.0,Junín,Prepago,Mensual,32,32.23,5.3,327,0,0,1,2,1,0
CL800677,23.0,Arequipa,Prepago,Mensual,3,28.32,2.5,488,1,0,2,8,1,0
CL800678,45.0,Lambayeque,Prepago,Mensual,14,20.12,1.6,0,0,0,0,2,1,0
CL800679,18.0,Lambayeque,Prepago,Mensual,20,31.35,6.7,216,2,1,1,1,1,0
CL800680,40.0,Áncash,Postpago Básico,Mensual,13,41.32,12.3,352,1,0,4,2,0,0
CL800681,24.0,Lima,Postpago Plus,Mensual,12,78.21,34.4,313,0,1,1,9,1,1
CL800682,30.0,Áncash,Prepago,Mensual,16,29.26,5.2,330,2,1,4,4,0,1
CL800683,37.0,Piura,Prepago,Mensual,7,21.03,10.5,393,0,1,3,8,1,0
CL800684,44.0,Lima,Postpago Plus,Mensual,15,79.86,24.4,326,0,1,1,9,0,0
CL800685,49.0,La Libertad,Postpago Premium,Mensual,14,139.41,23.8,401,3,2,2,10,1,1
CL800686,18.0,Áncash,Postpago Básico,18 meses,33,65.36,16.9,388,0,0,4,1,1,0
CL800687,29.0,Lambayeque,Prepago,Mensual,15,27.01,25.3,285,0,1,1,6,1,0
CL800688,40.0,Junín,Prepago,Mensual,13,28.39,20.5,198,1,1,3,3,1,1
CL800689,61.0,Cusco,Postpago Básico,Anual,13,51.9,19.5,403,0,0,5,0,0,0
CL800690,33.0,Lima,Prepago,Mensual,16,30.95,15.4,368,0,1,4,5,1,1
CL800691,36.0,Junín,Postpago Básico,Anual,1,50.94,12.5,269,0,2,2,4,1,0
CL800692,35.0,Arequipa,Prepago,Mensual,18,30.24,23.1,258,0,0,3,1,1,0
CL800693,62.0,Lima,Postpago Básico,Anual,20,41.37,11.2,164,2,0,2,9,1,0
CL800694,35.0,Áncash,Prepago,Mensual,3,37.84,10.3,347,1,0,3,2,1,1
CL800695,56.0,Lima,Prepago,Mensual,1,35.21,5.7,260,0,1,3,1,1,0
CL800696,45.0,La Libertad,Prepago,Mensual,4,29.13,10.2,262,1,1,1,4,0,0
CL800697,42.0,Arequipa,Prepago,Mensual,18,29.72,7.0,552,0,1,5,8,0,1
CL800698,51.0,Piura,Prepago,Mensual,13,23.39,7.5,389,0,1,3,3,1,0
CL800699,39.0,La Libertad,Prepago,Mensual,10,29.24,6.7,210,0,0,0,4,0,0
CL800700,31.0,Lima,Prepago,Mensual,6,24.36,12.2,302,0,1,0,8,1,1
CL800701,43.0,Lima,Postpago Básico,18 meses,5,41.37,19.3,470,0,0,1,4,0,0
CL800702,,Lima,Postpago Premium,Anual,6,131.15,28.0,577,0,1,3,3,0,0
CL800703,32.0,Lambayeque,Prepago,Mensual,43,27.29,16.5,207,3,1,1,0,1,0
CL800704,41.0,Lima,Prepago,Mensual,2,40.07,4.0,462,2,0,2,6,1,1
CL800705,45.0,Lima,Prepago,Mensual,14,19.1,8.9,327,2,1,3,2,0,0
CL800706,53.0,Lima,Prepago,Mensual,13,38.93,9.3,417,0,0,3,3,1,1
CL800707,51.0,Lima,Postpago Básico,18 meses,18,54.22,22.6,499,0,0,4,4,1,0
CL800708,25.0,La Libertad,Prepago,Mensual,10,18.11,18.2,270,0,0,2,7,1,0
CL800709,30.0,Cusco,Postpago Premium,Mensual,14,116.91,8.9,538,0,1,0,0,1,0
CL800710,32.0,Piura,Postpago Premium,Anual,3,138.71,70.3,510,0,0,2,0,1,0
CL800711,29.0,Piura,Prepago,Mensual,7,25.58,4.7,81,0,2,3,0,0,0
CL800712,40.0,Cusco,Prepago,Mensual,12,30.11,11.7,346,0,0,2,7,0,0
CL800713,33.0,Lima,Postpago Básico,Anual,7,52.25,3.5,484,0,1,1,0,0,0
CL800714,38.0,Arequipa,Prepago,Mensual,14,26.27,8.6,408,0,1,3,1,1,0
CL800715,34.0,Junín,Prepago,Mensual,7,26.72,7.5,449,0,2,2,1,1,1
CL800716,24.0,La Libertad,Prepago,Mensual,30,29.04,14.5,204,0,1,3,4,1,0
CL800717,21.0,Lima,Postpago Premium,Mensual,1,95.32,11.3,669,1,1,1,3,1,0
CL800718,48.0,Piura,Prepago,Mensual,10,33.8,,215,3,0,3,5,1,0
CL800719,22.0,Lima,Prepago,Mensual,46,38.72,8.2,216,1,1,0,5,0,0
CL800720,42.0,Lima,Postpago Básico,Anual,8,65.64,7.3,535,0,1,1,0,1,0
CL800721,18.0,Áncash,Postpago Plus,18 meses,6,81.14,23.6,406,2,0,1,4,0,0
CL800722,42.0,Junín,Prepago,Mensual,32,20.6,29.2,364,0,0,2,0,1,0
CL800723,37.0,Áncash,Postpago Básico,18 meses,2,40.66,28.3,323,0,1,2,2,1,0
CL800724,38.0,Arequipa,Prepago,Mensual,8,25.97,4.3,41,0,1,3,1,0,1
CL800725,63.0,Lima,Postpago Básico,Mensual,21,46.16,14.7,359,3,1,1,4,0,0
CL800726,44.0,Piura,Prepago,Mensual,8,29.33,13.2,426,1,0,2,3,1,0
CL800727,56.0,Arequipa,Postpago Premium,18 meses,3,169.25,16.6,736,3,0,2,4,1,1
CL800728,44.0,Arequipa,Prepago,Mensual,28,29.04,12.5,314,0,0,3,2,0,1
CL800729,29.0,Arequipa,Postpago Plus,Anual,17,78.84,16.1,576,1,0,3,8,0,0
CL800730,45.0,Junín,Postpago Plus,Mensual,10,96.8,27.2,503,0,1,0,0,1,0
CL800731,51.0,Lima,Prepago,Mensual,7,29.71,8.5,486,1,1,4,1,1,1
CL800732,52.0,Lima,Prepago,Mensual,8,29.38,8.0,355,1,0,2,2,0,0
CL800733,44.0,Piura,Postpago Plus,Mensual,39,63.6,8.5,299,3,3,1,4,1,0
CL800734,18.0,Cusco,Postpago Básico,Anual,5,45.61,19.5,475,0,2,1,12,0,0
CL800735,47.0,Lima,Postpago Básico,Mensual,5,61.01,14.4,397,2,2,2,1,1,1
CL800736,18.0,Junín,Postpago Plus,Mensual,5,77.49,49.5,450,0,1,2,1,1,0
CL800737,28.0,Lambayeque,Prepago,Mensual,3,29.8,5.8,151,2,1,1,0,1,1
CL800738,25.0,Lima,Postpago Plus,Anual,2,96.85,6.5,519,1,2,3,5,0,1
CL800739,35.0,La Libertad,Postpago Plus,Anual,18,90.53,21.7,458,0,0,3,0,1,0
CL800740,61.0,La Libertad,Prepago,Mensual,23,27.97,9.5,382,2,2,0,9,0,1
CL800741,22.0,Lima,Postpago Básico,Mensual,2,44.66,4.7,454,1,4,1,1,1,0
CL800742,42.0,Arequipa,Prepago,Mensual,14,37.02,2.7,434,1,0,3,7,1,0
CL800743,56.0,Lima,Postpago Básico,Anual,2,49.17,5.3,512,1,0,3,2,1,0
CL800744,34.0,Piura,Prepago,Mensual,10,30.96,10.0,426,0,0,0,2,1,0
CL800745,36.0,Lima,Prepago,Mensual,4,23.27,4.0,316,0,0,1,3,1,0
CL800746,58.0,Lambayeque,Prepago,Mensual,5,32.91,3.9,283,1,0,2,5,0,0
CL800747,50.0,Junín,Prepago,Mensual,11,25.68,11.8,228,2,1,1,2,1,0
CL800748,21.0,Lima,Prepago,Mensual,8,33.37,5.0,180,0,0,3,8,1,1
CL800749,46.0,Lima,Prepago,Mensual,2,25.63,10.5,426,0,1,0,2,1,0
CL800750,43.0,La Libertad,Prepago,Mensual,2,27.2,13.9,154,0,1,4,6,1,0
CL800751,22.0,Áncash,Prepago,Mensual,15,33.52,5.6,374,2,1,1,12,0,1
CL800752,45.0,Lambayeque,Prepago,Mensual,1,31.05,17.8,389,2,0,2,6,1,1
CL800753,54.0,Junín,Postpago Básico,18 meses,1,52.01,14.3,518,0,1,0,2,1,0
CL800754,46.0,Cusco,Postpago Plus,18 meses,9,71.31,2.2,663,0,1,5,0,0,0
CL800755,35.0,Piura,Prepago,Mensual,8,20.23,3.9,302,0,1,0,0,1,0
CL800756,21.0,Arequipa,Postpago Plus,Mensual,1,81.18,7.6,516,0,0,0,1,0,0
CL800757,28.0,La Libertad,Postpago Plus,Mensual,1,64.84,8.5,562,0,0,0,2,0,1
CL800758,41.0,Arequipa,Prepago,Mensual,5,24.04,8.2,253,3,1,2,6,0,0
CL800759,34.0,Junín,Postpago Plus,Mensual,2,83.53,19.1,594,1,0,1,5,1,0
CL800760,31.0,Arequipa,Postpago Básico,Anual,11,48.58,17.0,381,1,1,4,4,1,0
CL800761,46.0,La Libertad,Prepago,Mensual,3,25.69,11.5,300,0,2,1,6,1,1
CL800762,51.0,Arequipa,Prepago,Mensual,15,35.78,12.8,8,1,0,4,5,1,1
CL800763,18.0,Lima,Prepago,Mensual,8,26.9,5.4,222,0,2,1,4,1,1
CL800764,46.0,Lima,Prepago,Mensual,14,33.32,3.1,141,1,1,3,1,1,0
CL800765,35.0,La Libertad,Prepago,Mensual,16,26.79,11.5,443,0,0,1,0,1,1
CL800766,,Lima,Prepago,Mensual,1,30.26,4.2,131,1,0,1,5,1,0
CL800767,19.0,La Libertad,Prepago,Mensual,40,22.72,11.2,302,1,0,2,5,0,0
CL800768,18.0,Lima,Postpago Básico,Anual,9,51.04,13.3,650,1,0,1,2,1,0
CL800769,44.0,Lambayeque,Postpago Básico,Anual,8,66.75,15.6,551,0,0,5,0,1,0
CL800770,24.0,Junín,Postpago Básico,Mensual,8,58.89,16.3,444,2,0,3,9,1,1
CL800771,35.0,Lima,Postpago Básico,Mensual,22,48.95,5.5,465,0,1,4,1,1,0
CL800772,19.0,La Libertad,Prepago,Mensual,48,21.03,6.5,285,0,2,3,4,1,0
CL800773,28.0,Áncash,Prepago,Mensual,4,33.18,15.8,384,0,1,3,0,1,0
CL800774,25.0,Piura,Prepago,Mensual,23,22.44,11.8,233,0,0,1,2,1,0
CL800775,56.0,Junín,Prepago,Mensual,7,27.27,7.3,393,0,0,3,0,0,0
CL800776,54.0,Lambayeque,Postpago Plus,Anual,1,95.05,10.9,349,2,0,3,0,1,0
CL800777,40.0,Lambayeque,Postpago Plus,18 meses,4,81.09,28.0,156,0,0,1,1,1,0
CL800778,53.0,Lima,Prepago,Mensual,27,26.97,0.9,253,1,2,1,2,0,0
CL800779,35.0,Lambayeque,Prepago,Mensual,9,22.88,3.1,276,1,2,3,4,1,0
CL800780,18.0,Áncash,Prepago,Mensual,12,31.69,33.4,493,1,2,2,0,1,0
CL800781,28.0,Lima,Postpago Plus,Anual,9,80.39,28.4,354,0,0,1,11,0,0
CL800782,57.0,Lima,Postpago Básico,Mensual,9,40.25,3.0,285,0,1,1,9,0,0
CL800783,39.0,Lima,Postpago Básico,Mensual,4,47.94,12.0,224,3,1,5,4,1,1
CL800784,55.0,Lima,Prepago,Mensual,11,34.09,,328,3,2,0,2,0,0
CL800785,61.0,Junín,Prepago,Mensual,8,29.5,6.3,372,1,1,0,0,1,0
CL800786,38.0,Lambayeque,Postpago Básico,Anual,15,54.47,14.9,265,0,0,0,5,1,0
CL800787,35.0,Cusco,Postpago Plus,Mensual,1,80.94,8.1,424,3,0,5,1,1,0
CL800788,53.0,Arequipa,Postpago Plus,Anual,21,79.26,26.6,230,2,1,2,8,1,0
CL800789,33.0,Lima,Postpago Básico,Mensual,6,55.06,12.0,433,0,0,3,3,0,0
CL800790,32.0,Junín,Prepago,Mensual,10,26.13,,87,2,1,0,6,1,0
CL800791,28.0,La Libertad,Prepago,Mensual,4,27.41,4.9,450,0,1,3,4,1,0
CL800792,18.0,Lima,Prepago,Mensual,8,30.49,10.9,275,2,1,0,2,1,0
CL800793,31.0,Lima,Prepago,Mensual,35,28.31,4.9,175,0,0,0,2,0,0
CL800794,44.0,Áncash,Postpago Básico,Anual,23,51.99,25.6,461,0,1,4,6,1,0
CL800795,,Lima,Prepago,Mensual,11,29.43,13.2,444,1,2,5,0,1,1
CL800796,34.0,Piura,Prepago,Mensual,2,22.63,18.6,152,2,1,1,12,0,0
CL800797,47.0,Arequipa,Prepago,Mensual,10,31.55,14.9,106,0,0,1,3,1,1
CL800798,19.0,Lima,Postpago Básico,Anual,13,56.59,4.1,191,0,1,0,16,0,0
CL800799,27.0,Arequipa,Prepago,Mensual,3,30.63,9.5,585,0,0,0,6,1,0
CL800800,51.0,Lima,Postpago Básico,18 meses,9,64.26,15.4,484,0,0,1,1,1,0
CL800801,68.0,Lambayeque,Postpago Básico,Anual,8,50.86,4.7,322,0,1,1,3,1,0
CL800802,41.0,Lima,Postpago Plus,Anual,11,96.42,16.2,492,2,1,2,2,1,0
CL800803,29.0,Lima,Prepago,Mensual,3,27.91,20.6,278,0,0,4,2,1,1
CL800804,20.0,Áncash,Prepago,Mensual,7,28.79,10.5,283,1,2,3,3,1,0
CL800805,39.0,Cusco,Postpago Plus,Anual,21,89.01,26.4,410,1,1,1,5,0,0
CL800806,38.0,Lima,Postpago Básico,18 meses,6,48.5,11.6,523,0,1,0,12,1,0
CL800807,46.0,Lambayeque,Prepago,Mensual,14,30.22,12.5,126,0,0,1,11,1,0
CL800808,20.0,Cusco,Prepago,Mensual,5,35.54,12.1,375,0,0,0,7,1,0
CL800809,26.0,Junín,Prepago,Mensual,5,28.66,2.6,162,0,0,0,1,1,0
CL800810,41.0,Lima,Postpago Plus,Anual,5,70.99,16.9,412,2,0,3,4,1,0
CL800811,48.0,Lima,Prepago,Mensual,2,25.95,9.7,357,2,0,4,7,1,0
CL800812,26.0,La Libertad,Prepago,Mensual,1,26.46,14.9,179,0,2,2,2,1,1
CL800813,18.0,Cusco,Postpago Básico,Mensual,16,63.6,8.5,463,0,0,1,0,1,0
CL800814,42.0,La Libertad,Prepago,Mensual,10,35.52,6.6,133,0,0,2,0,1,0
CL800815,29.0,Lima,Postpago Plus,Mensual,80,109.89,19.3,777,0,0,1,0,1,0
CL800816,35.0,Junín,Postpago Básico,Anual,8,55.19,7.4,356,1,1,3,2,1,0
CL800817,29.0,Piura,Prepago,Mensual,3,28.25,11.2,177,0,2,0,0,1,0
CL800818,50.0,Lima,Postpago Básico,Mensual,17,60.0,11.5,343,3,1,1,0,1,0
CL800819,49.0,Lima,Postpago Básico,Mensual,24,52.62,22.1,301,0,0,4,0,0,0
CL800820,46.0,Junín,Prepago,Mensual,7,35.93,,509,1,0,0,5,0,0
CL800821,24.0,Junín,Postpago Básico,Anual,23,53.78,6.8,436,0,0,4,0,1,0
CL800822,23.0,Lima,Postpago Básico,Mensual,4,56.51,20.5,273,0,0,1,1,1,0
CL800823,30.0,Lima,Postpago Básico,Anual,9,60.86,8.0,345,0,2,2,6,1,0
CL800824,46.0,Arequipa,Postpago Básico,Mensual,1,63.87,6.6,424,0,1,1,4,1,0
CL800825,44.0,Arequipa,Postpago Básico,Anual,3,46.11,29.3,539,0,0,3,1,1,0
CL800826,44.0,Junín,Postpago Básico,Mensual,17,60.98,1.9,290,0,0,0,2,1,0
CL800827,40.0,Lima,Postpago Premium,Mensual,1,135.65,28.8,470,0,1,3,2,1,0
CL800828,54.0,Arequipa,Postpago Plus,18 meses,17,62.71,6.2,368,0,0,3,3,0,0
CL800829,50.0,Lima,Prepago,Mensual,6,27.9,3.3,671,1,1,1,1,0,0
CL800830,26.0,Lambayeque,Postpago Básico,Anual,7,58.03,10.6,287,0,2,2,13,0,0
CL800831,35.0,Lambayeque,Prepago,Mensual,5,30.09,8.6,399,0,1,4,8,1,0
CL800832,48.0,Lambayeque,Prepago,Mensual,3,27.21,10.4,432,1,0,3,1,1,1
CL800833,41.0,Lima,Postpago Plus,Mensual,26,92.59,23.4,382,0,1,4,0,0,0
CL800834,38.0,Lima,Postpago Plus,Anual,2,106.48,15.9,502,0,3,2,3,1,1
CL800835,40.0,Arequipa,Postpago Plus,Mensual,3,72.74,21.0,374,1,1,1,2,1,0
CL800836,22.0,Lima,Prepago,Mensual,17,34.07,24.6,224,0,1,1,2,0,0
CL800837,45.0,Junín,Postpago Plus,Mensual,6,70.63,4.7,540,1,0,2,0,1,0
CL800838,42.0,La Libertad,Postpago Básico,Anual,1,54.5,,224,0,2,2,0,1,1
CL800839,58.0,Lima,Postpago Básico,Mensual,12,57.25,31.0,674,0,0,0,2,1,0
CL800840,36.0,Lima,Prepago,Mensual,2,27.42,3.1,211,3,1,4,5,1,0
CL800841,32.0,Lima,Prepago,Mensual,5,29.91,15.9,237,3,0,2,1,1,0
CL800842,59.0,Lambayeque,Prepago,Mensual,18,31.72,15.0,336,0,0,4,3,0,0
CL800843,28.0,Áncash,Prepago,Mensual,9,29.16,22.6,475,0,0,3,11,1,0
CL800844,36.0,Lima,Prepago,Mensual,47,21.97,11.1,405,1,0,2,1,1,0
CL800845,29.0,Áncash,Prepago,Mensual,6,32.78,15.6,337,2,0,2,5,1,0
CL800846,22.0,Junín,Postpago Plus,18 meses,3,95.37,29.7,767,0,0,4,1,0,0
CL800847,53.0,Piura,Postpago Básico,Anual,8,45.23,6.1,391,0,2,6,4,1,0
CL800848,32.0,Lima,Postpago Plus,Anual,7,109.52,14.3,685,0,0,3,13,1,1
CL800849,38.0,Piura,Prepago,Mensual,62,21.46,6.1,298,1,0,1,3,0,0
CL800850,37.0,La Libertad,Prepago,Mensual,18,28.77,,282,2,1,0,0,1,0
CL800851,35.0,Arequipa,Postpago Plus,Mensual,4,85.86,4.4,447,0,0,1,18,0,1
CL800852,44.0,Junín,Postpago Básico,Anual,14,47.21,,423,1,2,1,8,0,0
CL800853,40.0,Lima,Postpago Básico,Mensual,5,51.19,11.3,284,0,3,0,4,1,0
CL800854,25.0,Arequipa,Postpago Plus,Anual,6,84.71,50.1,236,2,2,3,17,0,0
CL800855,50.0,Lima,Prepago,Mensual,11,20.98,5.9,205,0,1,4,4,1,0
CL800856,36.0,Áncash,Prepago,Mensual,6,26.8,6.2,460,0,0,2,0,1,0
CL800857,26.0,Junín,Prepago,Mensual,2,29.28,17.8,309,1,1,1,2,0,0
CL800858,44.0,Lima,Prepago,Mensual,9,31.44,23.2,362,0,2,3,5,1,0
CL800859,67.0,Lima,Postpago Plus,18 meses,7,65.42,5.9,655,2,0,0,3,0,0
CL800860,34.0,Junín,Postpago Premium,Anual,5,139.95,12.3,522,3,1,1,3,1,0
CL800861,50.0,Cusco,Prepago,Mensual,1,23.9,14.4,479,1,0,3,22,0,0
CL800862,39.0,Lima,Prepago,Mensual,20,29.57,,422,0,0,2,3,1,0
CL800863,20.0,Lima,Prepago,Mensual,2,27.46,13.4,352,0,0,0,2,0,0
CL800864,18.0,Lima,Postpago Básico,Mensual,30,60.86,15.0,224,2,0,1,1,1,0
CL800865,41.0,Lima,Prepago,Mensual,9,28.65,31.1,332,1,2,4,0,0,1
CL800866,36.0,Arequipa,Postpago Básico,Anual,6,39.33,16.6,398,2,0,2,11,1,0
CL800867,34.0,Lima,Postpago Básico,Mensual,7,60.66,7.1,407,1,0,3,3,0,0
CL800868,44.0,La Libertad,Postpago Básico,Mensual,5,47.26,6.6,367,0,1,6,3,1,1
CL800869,50.0,Junín,Prepago,Mensual,1,28.41,16.2,181,0,3,4,1,1,0
CL800870,32.0,Lima,Postpago Plus,Mensual,10,95.8,37.6,513,1,1,4,4,1,0
CL800871,23.0,Lima,Postpago Plus,Anual,4,99.11,21.1,644,0,1,2,1,1,0
CL800872,45.0,Lima,Prepago,Mensual,6,31.08,34.1,186,0,1,2,0,1,1
CL800873,50.0,Arequipa,Prepago,Mensual,18,35.42,3.9,360,0,0,2,1,0,0
CL800874,26.0,La Libertad,Prepago,Mensual,13,27.1,11.7,431,0,1,3,1,1,1
CL800875,70.0,Arequipa,Postpago Básico,18 meses,1,60.86,2.7,280,0,1,1,4,1,0
CL800876,37.0,Lima,Postpago Básico,18 meses,28,57.25,23.6,166,0,0,0,10,1,0
CL800877,45.0,Lima,Postpago Plus,Anual,2,83.87,18.0,774,2,1,2,2,0,0
CL800878,25.0,Junín,Prepago,Mensual,2,32.66,8.4,118,1,2,2,12,0,0
CL800879,48.0,Lima,Postpago Básico,Mensual,10,56.98,9.3,261,0,1,2,1,1,0
CL800880,42.0,Arequipa,Prepago,Mensual,2,24.46,,406,0,1,5,0,1,0
CL800881,25.0,Cusco,Postpago Plus,Mensual,15,93.88,38.0,468,0,0,1,0,1,0
CL800882,32.0,Lambayeque,Postpago Plus,Mensual,6,71.81,4.5,525,0,1,3,1,1,0
CL800883,18.0,Piura,Postpago Básico,18 meses,5,44.2,13.7,348,1,0,2,2,0,1
CL800884,32.0,Lambayeque,Prepago,Mensual,2,28.96,1.2,550,2,0,3,3,1,1
CL800885,51.0,Lima,Prepago,Mensual,9,26.49,8.1,299,0,0,2,2,0,0
CL800886,28.0,Junín,Postpago Plus,18 meses,3,105.3,17.3,498,2,0,3,1,0,0
CL800887,66.0,Lima,Prepago,Mensual,33,26.49,17.1,307,1,2,0,11,1,1
CL800888,41.0,La Libertad,Postpago Básico,Anual,1,56.3,7.7,462,0,1,0,5,1,1
CL800889,38.0,Arequipa,Prepago,Mensual,4,27.9,18.5,347,0,0,3,1,1,0
CL800890,18.0,Lima,Postpago Premium,Mensual,8,138.11,10.4,461,1,2,1,4,1,1
CL800891,18.0,Lima,Postpago Básico,Anual,10,60.0,12.6,157,2,0,1,1,1,0
CL800892,47.0,Lima,Postpago Básico,Mensual,5,47.85,3.3,420,0,1,5,3,1,0
CL800893,23.0,Junín,Prepago,Mensual,4,30.42,3.8,378,3,1,3,1,0,0
CL800894,32.0,Lima,Postpago Premium,Anual,8,176.87,37.1,641,0,2,1,7,1,0
CL800895,,Lambayeque,Postpago Básico,Mensual,32,62.5,14.1,294,1,1,3,1,1,0
CL800896,18.0,Lima,Postpago Básico,Anual,8,38.42,9.0,458,0,1,2,6,1,0
CL800897,49.0,Lima,Postpago Básico,Mensual,3,51.84,9.9,350,0,1,2,3,0,0
CL800898,18.0,Lima,Postpago Plus,Mensual,8,70.03,6.6,348,1,1,0,16,1,0
CL800899,21.0,Arequipa,Prepago,Mensual,3,33.67,15.2,158,3,1,5,13,0,0
CL800900,40.0,Lima,Prepago,Mensual,13,30.13,14.2,414,0,1,1,0,1,1
CL800901,48.0,Lima,Prepago,Mensual,28,28.78,10.6,299,0,1,1,0,0,0
CL800902,31.0,Lima,Prepago,Mensual,20,29.12,4.8,440,0,2,3,1,0,0
CL800903,18.0,Lima,Prepago,Mensual,29,37.61,7.3,287,0,2,1,4,1,0
CL800904,25.0,Áncash,Postpago Básico,Mensual,18,50.09,8.5,453,1,0,3,4,1,0
CL800905,18.0,Lima,Prepago,Mensual,1,38.02,21.3,275,1,1,2,16,1,0
CL800906,46.0,Arequipa,Prepago,Mensual,24,33.31,6.6,147,0,0,4,0,1,1
CL800907,20.0,Lima,Prepago,Mensual,13,33.55,14.1,394,0,1,1,7,1,0
CL800908,42.0,Lima,Prepago,Mensual,18,28.01,7.3,323,1,1,2,8,1,0
CL800909,56.0,Lima,Prepago,Mensual,15,30.96,15.3,133,0,0,3,5,1,0
CL800910,35.0,La Libertad,Prepago,Mensual,14,32.23,5.7,292,2,0,3,3,0,0
CL800911,53.0,Lima,Postpago Básico,Anual,3,57.35,6.5,526,0,1,1,2,0,1
CL800912,29.0,Lima,Prepago,Mensual,45,31.14,16.3,327,2,1,2,3,0,0
CL800913,18.0,Lambayeque,Postpago Plus,Mensual,25,103.44,22.0,529,0,1,3,3,0,0
CL800914,42.0,Arequipa,Prepago,Mensual,3,29.36,6.6,150,2,0,1,4,1,0
CL800915,40.0,Lima,Prepago,Mensual,13,29.59,8.4,203,2,0,0,0,0,0
CL800916,36.0,Lima,Prepago,Mensual,51,33.59,22.3,274,1,1,0,6,1,0
CL800917,34.0,Cusco,Prepago,Mensual,8,29.39,3.0,174,1,0,2,1,0,1
CL800918,38.0,La Libertad,Prepago,Mensual,24,29.76,20.1,180,2,1,0,3,1,0
CL800919,47.0,Cusco,Postpago Premium,Mensual,24,125.19,34.3,342,3,0,0,0,0,0
CL800920,47.0,Arequipa,Postpago Plus,Anual,15,68.36,13.2,205,0,2,3,2,1,1
CL800921,27.0,Arequipa,Postpago Premium,Anual,3,146.5,46.0,478,0,0,1,4,1,0
CL800922,43.0,La Libertad,Postpago Básico,Mensual,21,59.97,39.4,320,0,1,2,0,0,0
CL800923,48.0,Áncash,Prepago,Mensual,13,23.07,6.3,425,0,0,5,0,0,1
CL800924,45.0,Arequipa,Prepago,Mensual,11,33.0,7.4,308,0,3,3,0,1,1
CL800925,50.0,La Libertad,Postpago Básico,Anual,2,55.02,24.7,413,0,1,1,2,0,0
CL800926,44.0,Lima,Prepago,Mensual,8,36.36,9.4,431,0,1,1,0,0,0
CL800927,44.0,Áncash,Postpago Básico,Anual,11,56.96,25.3,550,0,1,2,0,1,1
CL800928,45.0,Lima,Postpago Básico,Anual,2,45.54,7.6,262,0,0,2,9,1,0
CL800929,68.0,Lima,Prepago,Mensual,17,29.08,10.0,240,1,1,1,6,1,0
CL800930,18.0,Junín,Postpago Básico,Anual,3,49.11,7.7,405,0,0,1,0,0,0
CL800931,41.0,Lima,Prepago,Mensual,18,34.15,7.8,418,1,1,2,1,1,0
CL800932,57.0,Lima,Prepago,Mensual,16,21.88,6.9,266,0,1,2,6,1,0
CL800933,30.0,Lima,Prepago,Mensual,20,29.98,10.4,268,2,2,4,11,1,0
CL800934,29.0,Arequipa,Prepago,Mensual,1,33.49,9.7,43,0,0,1,15,1,0
CL800935,18.0,Junín,Prepago,Mensual,5,20.92,4.5,94,0,1,2,0,1,0
CL800936,46.0,Piura,Postpago Básico,Mensual,17,48.07,14.0,226,0,0,1,0,1,0
CL800937,21.0,Áncash,Postpago Básico,Mensual,8,46.4,,479,0,2,1,0,1,0
CL800938,36.0,Arequipa,Postpago Básico,Mensual,4,62.56,15.3,377,0,0,3,5,0,1
CL800939,49.0,Lima,Prepago,Mensual,16,35.94,8.1,78,0,0,2,4,0,0
CL800940,40.0,Cusco,Postpago Plus,18 meses,9,78.09,8.4,709,0,0,2,8,1,0
CL800941,44.0,Lima,Postpago Premium,Mensual,1,130.53,27.0,632,2,1,2,2,1,1
CL800942,31.0,Junín,Prepago,Mensual,2,32.07,12.7,91,2,1,2,8,0,0
CL800943,18.0,Piura,Prepago,Mensual,11,33.12,8.9,424,0,0,2,11,1,1
CL800944,32.0,Lima,Prepago,Mensual,7,25.65,5.8,270,0,1,2,3,0,0
CL800945,38.0,Lima,Prepago,Mensual,4,29.04,5.6,212,2,0,1,2,1,0
CL800946,36.0,Piura,Postpago Plus,Anual,3,81.92,6.3,327,1,1,8,3,1,0
CL800947,,Lima,Postpago Plus,Mensual,12,88.23,30.4,509,3,0,2,17,1,0
CL800948,31.0,Lima,Postpago Básico,Anual,21,58.1,9.6,218,0,0,0,17,1,0
CL800949,50.0,Áncash,Prepago,Mensual,6,23.48,15.3,347,0,1,3,0,0,0
CL800950,61.0,La Libertad,Postpago Básico,Anual,7,53.34,1.7,429,1,3,1,7,0,0
CL800951,18.0,Lambayeque,Prepago,Mensual,25,30.17,11.5,287,1,0,1,5,1,0
CL800952,51.0,Áncash,Postpago Básico,18 meses,28,53.15,2.6,360,1,0,2,7,1,0
CL800953,38.0,Cusco,Prepago,Mensual,53,29.57,1.7,225,0,1,1,0,1,1
CL800954,53.0,Junín,Prepago,Mensual,4,26.27,9.6,461,1,1,2,3,1,0
CL800955,39.0,Lima,Postpago Básico,18 meses,4,49.28,12.4,386,0,0,1,4,1,0
CL800956,41.0,Piura,Prepago,Mensual,1,21.56,11.2,339,3,0,4,3,1,1
CL800957,32.0,La Libertad,Prepago,Mensual,26,37.41,10.0,311,0,0,2,0,0,0
CL800958,38.0,Áncash,Postpago Básico,Mensual,1,49.03,26.0,432,2,0,1,8,1,0
CL800959,40.0,Arequipa,Postpago Plus,18 meses,1,72.12,11.3,556,1,3,3,9,1,0
CL800960,18.0,Lima,Postpago Plus,18 meses,14,86.01,21.5,556,1,1,2,0,1,0
CL800961,44.0,Junín,Postpago Premium,Mensual,15,147.81,13.5,552,0,3,1,3,1,0
CL800962,23.0,Cusco,Postpago Básico,Mensual,5,45.72,11.8,137,1,1,1,4,0,0
CL800963,48.0,Lima,Postpago Básico,Mensual,5,61.44,26.0,368,0,0,4,0,1,0
CL800964,46.0,Lima,Postpago Básico,Mensual,14,70.94,5.7,275,0,0,2,0,0,0
CL800965,18.0,Lima,Prepago,Mensual,14,37.36,7.2,322,0,2,1,5,0,0
CL800966,27.0,Lima,Postpago Premium,Anual,6,138.12,39.9,415,1,2,2,0,0,0
CL800967,43.0,Lambayeque,Prepago,Mensual,3,26.34,9.2,460,0,0,2,4,0,0
CL800968,41.0,Piura,Postpago Plus,Anual,7,96.85,3.8,696,1,2,1,0,1,1
CL800969,23.0,Arequipa,Prepago,Mensual,15,28.27,5.7,239,0,0,1,4,1,1
CL800970,42.0,Lambayeque,Prepago,Mensual,20,29.48,18.1,270,1,1,6,12,1,1
CL800971,,Lima,Postpago Básico,Mensual,5,52.29,17.1,301,1,1,3,2,0,0
CL800972,35.0,Lima,Prepago,Mensual,4,29.22,11.9,177,0,0,2,3,1,0
CL800973,25.0,Lima,Postpago Premium,18 meses,15,150.17,35.0,360,1,0,2,9,1,0
CL800974,19.0,Cusco,Postpago Premium,Anual,2,150.7,10.8,452,1,0,2,4,1,0
CL800975,29.0,Lima,Postpago Premium,Mensual,3,149.32,22.2,507,0,1,1,2,1,0
CL800976,50.0,Lima,Prepago,Mensual,28,31.13,7.6,399,2,1,1,6,1,0
CL800977,35.0,Lima,Postpago Plus,18 meses,13,97.89,8.5,527,1,0,2,2,1,1
CL800978,33.0,Lambayeque,Prepago,Mensual,11,28.49,12.2,261,0,2,2,3,1,0
CL800979,49.0,Junín,Postpago Básico,18 meses,2,43.83,38.4,25,1,0,3,1,0,0
CL800980,31.0,Áncash,Prepago,Mensual,11,30.24,13.9,625,0,0,1,1,1,0
CL800981,42.0,Lambayeque,Postpago Básico,18 meses,5,46.43,1.9,423,0,2,1,5,1,0
CL800982,24.0,Lambayeque,Prepago,Mensual,41,35.81,5.2,201,1,0,5,5,1,0
CL800983,30.0,Áncash,Postpago Básico,Anual,2,50.27,23.1,350,1,0,2,6,0,0
CL800984,37.0,Cusco,Postpago Plus,Mensual,12,61.84,16.3,386,0,3,0,5,1,1
CL800985,27.0,Lima,Postpago Básico,18 meses,11,50.82,17.2,317,0,1,2,6,1,0
CL800986,39.0,Arequipa,Postpago Premium,Mensual,2,143.96,27.8,771,1,0,2,2,1,0
CL800987,27.0,Lima,Postpago Básico,Mensual,12,31.06,7.6,310,1,2,1,3,1,0
CL800988,60.0,Lima,Postpago Básico,Anual,2,66.32,21.0,366,1,1,0,6,1,0
CL800989,59.0,Áncash,Prepago,Mensual,31,23.92,20.5,387,1,0,0,0,1,1
CL800990,44.0,Arequipa,Postpago Plus,Anual,4,83.44,6.1,344,0,0,2,2,1,0
CL800991,40.0,Arequipa,Postpago Básico,Anual,5,55.28,6.8,434,0,1,2,2,0,0
CL800992,18.0,Lima,Postpago Básico,18 meses,3,53.63,8.6,520,2,1,3,19,1,0
CL800993,73.0,Áncash,Postpago Premium,Mensual,9,142.82,22.5,396,2,2,1,6,1,0
CL800994,18.0,Lima,Prepago,Mensual,2,31.68,5.9,578,0,1,3,0,1,0
CL800995,28.0,Lima,Prepago,Mensual,9,30.46,7.5,240,0,0,7,6,1,0
CL800996,38.0,Lima,Postpago Básico,Anual,7,35.14,20.8,264,0,0,2,2,1,1
CL800997,37.0,Arequipa,Prepago,Mensual,5,24.47,11.6,332,0,1,2,8,1,0
CL800998,35.0,Lambayeque,Postpago Básico,Anual,15,54.92,1.8,618,2,2,3,3,1,0
CL800999,37.0,Junín,Postpago Plus,Mensual,13,93.02,6.2,390,1,0,3,5,1,0
CL801000,38.0,Lambayeque,Postpago Básico,Mensual,10,62.68,24.7,315,1,0,0,0,1,0
CL801001,54.0,Lima,Prepago,Mensual,15,29.87,6.5,196,1,0,2,0,1,0
CL801002,19.0,Cusco,Postpago Básico,18 meses,1,39.14,33.2,469,0,0,2,15,1,1
CL801003,18.0,Lima,Postpago Plus,Anual,25,37.25,5.8,484,0,1,1,0,0,0
CL801004,39.0,Lima,Postpago Básico,Anual,15,53.77,23.0,297,2,2,3,2,0,0
CL801005,43.0,Junín,Prepago,Mensual,14,23.91,19.6,301,1,2,0,1,0,0
CL801006,46.0,Lima,Postpago Plus,Anual,17,85.56,4.7,453,0,1,1,0,1,0
CL801007,50.0,Lima,Postpago Básico,Mensual,7,63.32,10.9,336,0,1,3,0,1,1
CL801008,48.0,Piura,Prepago,Mensual,29,29.59,6.5,594,1,2,0,15,1,0
CL801009,26.0,Lima,Prepago,Mensual,29,35.21,12.1,420,0,3,0,9,1,0
CL801010,44.0,Piura,Prepago,Mensual,3,22.43,10.7,583,0,1,1,10,1,0
CL801011,49.0,La Libertad,Postpago Premium,18 meses,4,94.23,26.4,520,3,0,1,2,1,1
CL801012,58.0,Piura,Postpago Plus,Anual,9,74.1,19.7,482,0,1,3,1,0,0
CL801013,18.0,Arequipa,Prepago,Mensual,7,25.75,24.6,284,1,1,3,0,0,0
CL801014,21.0,Piura,Postpago Básico,Mensual,9,47.62,11.2,202,0,0,0,1,1,0
CL801015,22.0,Lambayeque,Postpago Básico,Mensual,25,55.64,10.7,253,0,0,2,0,0,0
CL801016,37.0,Piura,Prepago,Mensual,1,31.71,11.2,474,1,1,1,1,1,0
CL801017,30.0,Cusco,Prepago,Mensual,11,28.36,5.3,406,0,2,0,1,1,0
CL801018,37.0,Lima,Prepago,Mensual,2,25.96,4.9,284,0,0,2,5,0,1
CL801019,41.0,Lima,Prepago,Mensual,17,25.72,11.8,493,0,0,0,5,1,0
CL801020,38.0,Cusco,Postpago Premium,Anual,6,107.44,27.7,626,0,0,0,15,1,0
CL801021,51.0,Junín,Postpago Básico,Anual,2,61.16,13.8,202,0,2,0,3,0,0
CL801022,48.0,Lima,Prepago,Mensual,3,45.48,4.9,285,3,1,1,8,1,1
CL801023,18.0,La Libertad,Prepago,Mensual,3,35.19,14.8,319,0,0,3,3,0,0
CL801024,59.0,Lima,Prepago,Mensual,1,24.71,21.9,119,0,2,1,2,1,0
CL801025,52.0,La Libertad,Prepago,Mensual,6,22.28,6.4,444,0,3,0,6,0,0
CL801026,25.0,Piura,Prepago,Mensual,21,28.56,1.2,518,0,0,1,4,1,1
CL801027,65.0,Junín,Prepago,Mensual,19,26.67,19.7,465,1,3,4,1,0,0
CL801028,49.0,La Libertad,Prepago,Mensual,1,26.04,5.5,318,3,1,1,3,0,0
CL801029,35.0,Lima,Postpago Básico,Mensual,1,52.01,7.7,440,0,1,1,5,1,0
CL801030,55.0,Lima,Prepago,Mensual,12,31.55,5.3,321,0,1,3,3,0,0
CL801031,41.0,Cusco,Prepago,Mensual,22,33.88,9.3,226,0,0,1,10,0,0
CL801032,46.0,Lambayeque,Prepago,Mensual,10,30.16,9.8,403,0,0,1,6,0,0
CL801033,24.0,Cusco,Postpago Básico,18 meses,45,52.7,6.9,250,3,0,1,0,1,0
CL801034,41.0,Piura,Postpago Básico,18 meses,4,40.9,18.4,493,0,2,1,1,1,1
CL801035,29.0,Lima,Postpago Básico,Mensual,2,65.82,11.9,362,0,3,3,13,1,1
CL801036,28.0,Junín,Postpago Básico,Mensual,8,52.43,16.0,385,0,1,1,2,1,0
CL801037,27.0,Lambayeque,Postpago Básico,Anual,9,41.89,3.5,331,0,0,3,2,0,1
CL801038,18.0,La Libertad,Postpago Plus,Anual,12,99.06,10.6,444,1,0,2,0,1,0
CL801039,52.0,Lima,Postpago Plus,Mensual,21,92.24,36.7,539,0,4,2,2,1,0
CL801040,26.0,Lambayeque,Prepago,Mensual,43,29.49,3.9,382,0,0,4,10,0,0
CL801041,28.0,Arequipa,Prepago,Mensual,1,25.7,23.1,333,0,0,0,7,0,0
CL801042,45.0,La Libertad,Postpago Plus,18 meses,10,86.88,16.1,667,1,0,0,4,1,0
CL801043,37.0,Lima,Prepago,Mensual,11,25.12,19.6,270,1,0,1,12,1,0
CL801044,44.0,Lambayeque,Prepago,Mensual,1,30.9,13.4,394,0,4,1,1,1,0
CL801045,33.0,Lambayeque,Prepago,Mensual,1,31.69,14.4,129,0,0,1,1,0,1
CL801046,26.0,Lima,Postpago Básico,Mensual,2,58.22,18.3,369,1,2,4,0,1,1
CL801047,41.0,La Libertad,Postpago Básico,Anual,4,57.19,14.4,215,3,1,4,4,1,0
CL801048,28.0,Lambayeque,Postpago Básico,Anual,2,51.65,7.5,377,0,2,1,0,1,0
CL801049,33.0,Lima,Postpago Plus,Mensual,5,102.06,35.5,355,0,0,1,1,0,1
CL801050,40.0,La Libertad,Postpago Básico,Anual,29,47.44,10.4,226,1,1,3,4,1,0
CL801051,22.0,La Libertad,Postpago Plus,Anual,11,74.85,6.2,401,0,1,2,0,1,0
CL801052,18.0,Lima,Postpago Básico,Mensual,23,51.35,21.8,503,1,1,3,1,0,0
CL801053,49.0,Junín,Prepago,Mensual,6,30.34,12.6,506,0,1,5,14,0,1
CL801054,32.0,Lima,Postpago Plus,Anual,32,82.82,22.4,419,0,0,2,7,1,0
CL801055,50.0,Cusco,Prepago,Mensual,4,21.65,8.8,370,3,2,1,4,0,0
CL801056,58.0,Lambayeque,Postpago Básico,Anual,10,54.09,16.3,486,0,0,2,0,1,0
CL801057,42.0,Lima,Postpago Básico,Mensual,10,45.57,28.8,289,3,1,1,4,1,0
CL801058,39.0,Arequipa,Postpago Plus,Anual,20,87.08,29.6,548,0,0,4,1,1,0
CL801059,18.0,Lima,Prepago,Mensual,3,28.25,13.3,273,0,0,3,6,1,0
CL801060,33.0,Lima,Postpago Premium,Mensual,11,126.73,44.0,755,1,3,2,3,0,1
CL801061,44.0,Lima,Postpago Premium,Mensual,2,123.65,24.9,580,0,1,0,2,1,1
CL801062,30.0,Lima,Postpago Básico,Mensual,11,62.26,10.1,193,0,0,1,1,1,0
CL801063,56.0,Arequipa,Postpago Básico,Anual,53,60.73,10.5,391,0,1,3,4,1,0
CL801064,63.0,Piura,Postpago Básico,Mensual,7,44.05,15.0,466,0,0,2,3,1,0
CL801065,53.0,Cusco,Prepago,Mensual,1,30.74,8.9,163,0,0,0,5,1,0
CL801066,38.0,Lambayeque,Postpago Básico,Anual,1,51.59,10.2,627,0,0,3,2,1,0
CL801067,35.0,Lambayeque,Prepago,Mensual,23,29.3,8.1,236,0,0,2,4,1,0
CL801068,26.0,Lima,Postpago Básico,Anual,10,50.5,14.5,259,0,2,1,1,1,0
CL801069,18.0,Lambayeque,Prepago,Mensual,6,35.71,3.7,72,2,0,1,2,1,0
CL801070,39.0,La Libertad,Prepago,Mensual,18,35.48,8.2,209,1,1,1,3,0,0
CL801071,36.0,Arequipa,Postpago Básico,Mensual,2,36.69,10.5,219,0,0,1,0,0,0
CL801072,34.0,Piura,Postpago Básico,Anual,5,49.18,12.0,291,1,1,1,2,1,1
CL801073,40.0,Cusco,Postpago Básico,Anual,3,62.35,11.4,142,1,0,1,3,0,0
CL801074,18.0,Lambayeque,Postpago Plus,Anual,24,89.96,3.3,496,0,1,1,7,0,0
CL801075,32.0,Arequipa,Postpago Plus,18 meses,7,82.39,38.9,359,1,0,0,5,1,0
CL801076,47.0,Áncash,Postpago Plus,Anual,3,89.1,22.1,376,0,0,6,0,1,0
CL801077,44.0,Arequipa,Prepago,Mensual,1,29.08,5.5,222,1,0,4,1,0,1
CL801078,28.0,Lima,Postpago Plus,Mensual,11,96.51,29.1,428,0,1,2,2,1,1
CL801079,32.0,Arequipa,Prepago,Mensual,3,25.42,8.2,299,1,0,2,3,0,0
CL801080,21.0,Áncash,Postpago Básico,Anual,2,45.37,21.0,363,1,0,6,1,0,0
CL801081,45.0,Áncash,Postpago Plus,Mensual,5,76.11,25.7,526,0,0,2,5,0,1
CL801082,,Lima,Postpago Básico,18 meses,1,59.63,13.3,344,0,2,2,10,1,1
CL801083,35.0,La Libertad,Prepago,Mensual,7,32.98,15.4,167,0,0,2,14,1,1
CL801084,26.0,Junín,Postpago Básico,18 meses,41,47.16,29.4,342,0,0,2,0,0,0
CL801085,,Lima,Postpago Básico,Mensual,17,63.05,14.7,387,2,0,1,1,0,0
CL801086,34.0,Lima,Prepago,Mensual,2,23.35,11.9,46,0,0,5,0,0,0
CL801087,28.0,Lima,Prepago,Mensual,2,35.85,7.9,332,0,1,4,1,0,1
CL801088,29.0,Lima,Prepago,Mensual,39,27.72,1.9,179,1,1,1,4,1,1
CL801089,44.0,Piura,Prepago,Mensual,21,30.53,2.5,166,0,1,1,8,0,0
CL801090,25.0,Junín,Postpago Básico,Anual,16,46.21,20.9,364,2,0,5,2,0,0
CL801091,47.0,La Libertad,Prepago,Mensual,11,26.1,4.0,419,0,0,0,20,0,0
CL801092,49.0,Lambayeque,Postpago Básico,18 meses,50,49.31,8.8,527,0,2,2,2,1,1
CL801093,37.0,La Libertad,Prepago,Mensual,23,27.79,4.5,207,0,1,4,2,1,1
CL801094,46.0,Áncash,Prepago,Mensual,13,32.36,11.5,293,0,0,3,0,1,0
CL801095,18.0,Arequipa,Prepago,Mensual,5,36.4,1.7,100,0,0,1,5,1,0
CL801096,41.0,Junín,Postpago Básico,18 meses,46,63.26,18.1,397,0,0,1,0,1,0
CL801097,39.0,Lambayeque,Postpago Básico,Anual,15,66.73,3.4,392,0,2,3,2,1,1
CL801098,28.0,Arequipa,Prepago,Mensual,44,22.93,15.5,293,0,1,1,0,1,0
CL801099,,Arequipa,Prepago,Mensual,17,32.49,4.2,277,3,2,3,0,1,0
CL801100,31.0,Cusco,Postpago Plus,Anual,19,54.66,16.4,393,3,1,4,4,0,0
CL801101,38.0,Lima,Postpago Básico,Anual,64,48.23,15.1,545,0,0,3,1,1,0
CL801102,41.0,Lima,Prepago,Mensual,10,24.98,15.5,184,0,0,0,6,1,0
CL801103,44.0,Lambayeque,Postpago Básico,Anual,16,45.84,15.0,279,0,0,2,6,1,0
CL801104,26.0,Lambayeque,Postpago Básico,18 meses,49,68.33,16.9,338,1,1,0,3,1,0
CL801105,33.0,Lambayeque,Postpago Plus,Mensual,58,87.31,38.0,481,0,1,3,1,0,0
CL801106,54.0,Lima,Prepago,Mensual,17,25.76,14.7,311,1,0,2,2,1,0
CL801107,,Piura,Postpago Premium,Mensual,5,94.31,4.6,586,0,0,2,7,1,0
CL801108,32.0,Piura,Prepago,Mensual,31,29.94,6.8,423,3,3,1,0,0,0
CL801109,21.0,Lima,Prepago,Mensual,6,29.87,2.4,201,0,2,4,3,1,1
CL801110,22.0,Piura,Prepago,Mensual,14,33.49,27.3,121,3,1,2,1,0,0
CL801111,34.0,La Libertad,Postpago Plus,18 meses,5,75.93,43.9,442,1,1,2,2,1,0
CL801112,40.0,Lima,Postpago Básico,Anual,10,59.55,14.7,395,0,0,1,5,1,0
CL801113,18.0,Lima,Prepago,Mensual,3,26.62,2.9,367,2,3,1,0,0,0
CL801114,56.0,Junín,Postpago Básico,18 meses,55,53.6,14.4,316,0,1,2,7,1,0
CL801115,46.0,Piura,Postpago Básico,18 meses,10,53.63,26.3,265,1,0,3,2,0,0
CL801116,47.0,Lima,Postpago Básico,Mensual,20,54.55,8.9,428,1,2,0,7,1,0
CL801117,52.0,La Libertad,Prepago,Mensual,8,28.87,18.6,207,0,0,2,2,0,1
CL801118,40.0,Áncash,Postpago Premium,18 meses,4,122.99,43.7,530,1,2,1,0,1,1
CL801119,29.0,Lambayeque,Postpago Premium,Mensual,16,129.36,7.3,468,0,0,3,6,0,0
CL801120,43.0,Áncash,Prepago,Mensual,5,39.84,5.5,138,0,1,3,7,0,1
CL801121,37.0,Cusco,Postpago Plus,Anual,10,81.11,11.6,619,1,1,2,0,1,0
CL801122,18.0,Lima,Prepago,Mensual,3,32.47,5.7,482,1,1,3,2,1,0
CL801123,27.0,Piura,Postpago Plus,Mensual,1,90.51,8.4,574,0,1,2,1,0,0
CL801124,36.0,Cusco,Prepago,Mensual,2,29.35,10.1,203,2,0,2,5,1,0
CL801125,18.0,Cusco,Prepago,Mensual,1,29.09,3.9,223,1,3,2,3,1,1
CL801126,31.0,Lima,Postpago Básico,Anual,33,52.86,27.8,442,0,1,2,5,1,0
CL801127,32.0,Arequipa,Postpago Plus,Anual,2,87.57,34.7,383,0,0,2,3,1,0
CL801128,36.0,Lambayeque,Prepago,Mensual,5,23.0,15.5,395,0,1,3,5,1,0
CL801129,34.0,La Libertad,Prepago,Mensual,21,30.27,13.3,417,1,1,1,0,1,0
CL801130,30.0,Lima,Prepago,Mensual,7,32.78,21.1,357,2,0,1,2,0,1
CL801131,57.0,Lima,Prepago,Mensual,7,25.62,7.9,340,1,2,2,2,1,0
CL801132,18.0,Lima,Prepago,Mensual,15,28.99,9.7,240,1,0,3,5,1,0
CL801133,24.0,Lima,Prepago,Mensual,16,29.45,25.9,260,0,1,4,1,1,0
CL801134,25.0,Lima,Postpago Plus,Anual,4,75.13,18.7,344,0,3,4,5,0,0
CL801135,27.0,Junín,Prepago,Mensual,53,31.12,35.3,176,2,0,1,4,1,0
CL801136,31.0,Cusco,Postpago Básico,Anual,9,47.53,10.1,348,0,1,2,23,0,0
CL801137,62.0,Lima,Postpago Premium,Anual,9,149.86,26.6,561,1,0,3,1,1,0
CL801138,40.0,Arequipa,Prepago,Mensual,5,21.31,31.7,442,0,0,4,2,1,1
CL801139,20.0,Áncash,Prepago,Mensual,4,30.48,14.8,212,2,1,1,2,1,0
CL801140,,Lima,Postpago Básico,Mensual,10,52.11,8.6,413,2,2,3,0,0,1
CL801141,56.0,Cusco,Prepago,Mensual,7,34.92,5.8,456,0,0,3,0,0,0
CL801142,28.0,Junín,Postpago Básico,Mensual,11,50.78,17.3,344,1,0,3,6,0,0
CL801143,50.0,Lima,Prepago,Mensual,14,31.54,4.5,171,0,0,3,0,1,1
CL801144,18.0,Lambayeque,Postpago Premium,18 meses,6,122.46,26.2,503,0,1,3,1,0,0
CL801145,32.0,Arequipa,Postpago Plus,Mensual,14,97.02,27.0,254,0,0,2,12,0,0
CL801146,34.0,La Libertad,Postpago Básico,Anual,9,55.4,13.4,377,0,1,1,0,0,0
CL801147,39.0,Arequipa,Prepago,Mensual,1,31.99,10.8,342,1,0,1,17,1,1
CL801148,46.0,Piura,Prepago,Mensual,21,27.58,,305,0,1,1,0,1,0
CL801149,44.0,Lambayeque,Postpago Premium,Anual,26,142.0,16.7,878,0,2,2,5,1,0
CL801150,18.0,Áncash,Prepago,Mensual,5,30.49,1.9,378,0,1,3,3,1,0
CL801151,40.0,Lima,Prepago,Mensual,7,26.97,,431,2,3,0,4,1,1
CL801152,37.0,Lima,Postpago Básico,Mensual,5,65.12,6.5,304,0,0,1,1,1,1
CL801153,,Arequipa,Prepago,Mensual,17,21.39,6.9,117,0,2,2,0,1,0
CL801154,29.0,Junín,Postpago Plus,18 meses,11,77.67,25.0,311,1,1,6,1,0,0
CL801155,19.0,Lima,Postpago Plus,18 meses,7,85.5,25.8,515,0,1,1,2,1,0
CL801156,29.0,Lambayeque,Prepago,Mensual,17,28.19,19.7,410,1,2,2,6,1,0
CL801157,42.0,Lima,Prepago,Mensual,18,25.69,7.2,338,2,2,3,2,1,0
CL801158,34.0,Lima,Prepago,Mensual,33,24.57,7.6,542,0,1,4,1,1,0
CL801159,47.0,Junín,Postpago Básico,Anual,30,58.94,10.8,201,1,2,0,6,1,0
CL801160,24.0,La Libertad,Prepago,Mensual,28,30.89,,239,1,1,2,6,1,0
CL801161,37.0,Lima,Postpago Plus,Anual,12,95.12,17.0,529,1,0,1,12,1,0
CL801162,57.0,Piura,Prepago,Mensual,17,22.92,9.3,370,0,0,3,7,1,0
CL801163,35.0,Lima,Prepago,Mensual,1,39.71,3.0,253,1,1,2,5,0,1
CL801164,37.0,Áncash,Postpago Premium,Mensual,1,120.9,30.0,528,2,0,1,8,0,0
CL801165,27.0,Lima,Prepago,Mensual,14,31.69,8.2,136,0,1,0,2,1,0
CL801166,38.0,Áncash,Postpago Básico,Mensual,2,58.21,16.3,347,1,1,4,4,1,1
CL801167,37.0,Lima,Prepago,Mensual,16,29.87,6.6,306,2,1,0,5,0,0
CL801168,59.0,La Libertad,Postpago Plus,Mensual,16,82.35,19.3,568,1,2,3,0,1,0
CL801169,31.0,Cusco,Postpago Plus,Anual,18,93.59,10.3,522,0,0,2,2,0,1
CL801170,37.0,Lima,Prepago,Mensual,3,20.93,11.8,306,2,0,3,1,1,0
CL801171,27.0,La Libertad,Postpago Básico,Mensual,10,35.4,22.4,288,1,0,4,1,1,1
CL801172,26.0,Lima,Prepago,Mensual,6,27.67,4.0,381,0,0,7,3,1,1
CL801173,34.0,Lima,Postpago Básico,Mensual,14,61.87,17.3,314,0,1,1,1,0,0
CL801174,26.0,Piura,Postpago Básico,Anual,26,49.58,45.5,572,2,0,1,9,1,0
CL801175,64.0,Áncash,Prepago,Mensual,3,35.49,5.4,242,2,0,1,2,1,0
CL801176,53.0,Piura,Prepago,Mensual,1,27.36,9.2,284,1,0,0,0,0,0
CL801177,33.0,Arequipa,Prepago,Mensual,14,26.01,8.6,388,0,1,0,2,1,1
CL801178,18.0,La Libertad,Prepago,Mensual,28,30.59,12.1,252,3,0,3,0,0,0
CL801179,44.0,Lima,Prepago,Mensual,21,25.17,7.5,125,1,1,2,2,0,0
CL801180,22.0,Lima,Postpago Premium,Mensual,5,144.17,,559,0,0,1,9,1,0
CL801181,39.0,Lima,Postpago Básico,Anual,6,51.5,,315,0,0,0,0,1,0
CL801182,53.0,Lima,Prepago,Mensual,3,32.51,8.8,319,1,2,2,3,0,1
CL801183,47.0,Lima,Postpago Plus,Mensual,1,87.87,16.3,464,1,1,5,0,1,1
CL801184,42.0,Cusco,Prepago,Mensual,13,40.97,4.5,235,0,0,3,2,0,1
CL801185,35.0,Lima,Prepago,Mensual,6,36.95,5.9,451,1,0,1,8,1,0
CL801186,44.0,Lima,Prepago,Mensual,31,27.47,7.0,276,0,0,2,0,0,0
CL801187,50.0,Arequipa,Prepago,Mensual,12,27.85,11.7,170,1,1,2,18,1,0
CL801188,32.0,Lima,Postpago Básico,Anual,8,51.44,20.1,268,1,0,2,2,1,0
CL801189,61.0,Piura,Prepago,Mensual,1,28.72,11.1,180,0,1,2,7,1,0
CL801190,32.0,Lima,Prepago,Mensual,10,29.84,15.7,409,0,0,6,6,1,0
CL801191,41.0,Junín,Postpago Básico,Anual,4,58.85,4.9,445,0,0,2,5,1,0
CL801192,41.0,Lima,Prepago,Mensual,23,25.78,14.7,320,0,0,2,3,0,0
CL801193,35.0,La Libertad,Prepago,Mensual,2,25.16,5.1,236,0,0,6,2,1,1
CL801194,33.0,Arequipa,Prepago,Mensual,14,27.16,3.4,408,0,0,3,0,1,1
CL801195,50.0,Junín,Prepago,Mensual,5,26.38,6.6,305,2,0,1,4,0,0
CL801196,39.0,Lima,Prepago,Mensual,15,28.41,10.2,414,1,0,2,1,1,0
CL801197,20.0,Lima,Prepago,Mensual,23,23.16,15.4,410,1,2,2,1,1,0
CL801198,74.0,Cusco,Prepago,Mensual,19,34.44,3.6,308,0,0,1,1,1,0
CL801199,18.0,Cusco,Prepago,Mensual,3,32.71,14.8,136,0,1,1,1,0,0
CL801200,23.0,Lima,Prepago,Mensual,19,27.91,11.7,486,2,2,2,5,1,0
CL801201,33.0,Piura,Postpago Básico,Anual,15,60.92,13.2,489,0,0,5,4,1,1
CL801202,49.0,Arequipa,Prepago,Mensual,5,35.14,,403,0,0,0,9,1,0
CL801203,27.0,Áncash,Postpago Plus,Mensual,7,88.37,11.9,598,1,0,1,6,1,0
CL801204,44.0,Lima,Postpago Básico,Mensual,18,64.44,44.6,441,0,1,4,0,0,0
CL801205,39.0,Cusco,Prepago,Mensual,9,30.2,8.5,244,0,2,3,0,0,0
CL801206,50.0,Lima,Postpago Plus,18 meses,19,105.36,12.9,256,0,0,0,11,1,1
CL801207,35.0,La Libertad,Prepago,Mensual,27,27.91,15.6,519,1,0,2,9,0,0
CL801208,30.0,Lima,Postpago Plus,Mensual,7,81.7,25.2,373,1,2,0,1,1,0
CL801209,39.0,Lima,Postpago Básico,18 meses,29,39.22,16.2,280,1,1,3,0,1,0
CL801210,42.0,Lima,Postpago Básico,Mensual,12,55.66,22.8,170,1,0,2,1,1,0
CL801211,48.0,Piura,Postpago Plus,Anual,27,95.64,23.2,635,1,1,1,1,1,0
CL801212,52.0,Lima,Postpago Básico,Mensual,37,57.14,17.9,345,0,2,1,0,1,0
CL801213,27.0,Áncash,Prepago,Mensual,11,34.94,25.4,348,0,1,3,3,1,1
CL801214,30.0,Lima,Postpago Básico,Mensual,14,60.16,14.4,479,1,0,7,0,0,1
CL801215,45.0,Lima,Prepago,Mensual,1,30.05,,107,1,1,4,0,1,0
CL801216,44.0,Lima,Prepago,Mensual,4,33.03,14.3,252,1,0,4,6,0,1
CL801217,33.0,Lima,Postpago Premium,Anual,7,124.08,18.7,632,2,0,0,3,1,0
CL801218,37.0,Lambayeque,Postpago Básico,Mensual,11,66.34,8.1,591,0,0,3,3,1,0
CL801219,43.0,Lima,Prepago,Mensual,3,32.66,12.4,223,0,0,4,3,1,1
CL801220,18.0,Lima,Postpago Básico,Mensual,36,56.65,21.6,296,0,1,2,1,1,0
CL801221,34.0,Lima,Prepago,Mensual,6,29.8,11.2,339,0,0,4,6,1,0
CL801222,34.0,Lima,Prepago,Mensual,1,24.71,37.1,187,1,0,1,0,1,0
CL801223,30.0,Áncash,Prepago,Mensual,5,29.85,16.6,497,2,0,1,2,1,0
CL801224,63.0,Lima,Postpago Básico,18 meses,24,65.67,14.5,388,0,1,2,2,0,0
CL801225,18.0,Piura,Prepago,Mensual,13,26.41,4.9,304,1,1,1,0,0,0
CL801226,31.0,Cusco,Prepago,Mensual,15,32.73,9.0,294,2,0,4,4,0,0
CL801227,63.0,Lima,Postpago Básico,Anual,8,80.33,4.4,238,0,0,1,2,0,0
CL801228,63.0,Cusco,Prepago,Mensual,16,27.46,13.9,239,1,0,2,11,0,1
CL801229,33.0,Áncash,Postpago Básico,18 meses,1,46.6,23.7,290,0,1,1,6,1,0
CL801230,39.0,Arequipa,Postpago Básico,18 meses,18,53.47,5.1,245,1,0,1,0,1,0
CL801231,49.0,Cusco,Prepago,Mensual,5,25.49,4.6,455,0,1,0,0,1,0
CL801232,47.0,Lima,Prepago,Mensual,2,30.43,2.4,256,2,0,3,7,0,1
CL801233,26.0,Lima,Postpago Plus,Anual,8,84.78,16.8,293,0,1,1,0,0,0
CL801234,32.0,Lima,Postpago Plus,Mensual,1,80.59,24.6,846,1,0,0,0,0,0
CL801235,52.0,Áncash,Prepago,Mensual,2,29.97,8.6,337,0,2,1,2,0,1
CL801236,18.0,Lima,Prepago,Mensual,47,33.85,7.2,547,0,1,3,0,1,0
CL801237,35.0,Arequipa,Postpago Básico,18 meses,6,57.37,12.4,439,0,0,2,1,1,0
CL801238,47.0,La Libertad,Postpago Básico,Anual,16,68.78,13.9,529,2,0,1,0,1,0
CL801239,43.0,Lima,Prepago,Mensual,9,31.19,,348,0,2,3,2,1,0
CL801240,41.0,Lima,Prepago,Mensual,3,25.74,8.6,138,0,1,0,10,1,0
CL801241,28.0,Junín,Prepago,Mensual,2,28.74,25.6,308,0,1,1,7,1,0
CL801242,35.0,Lima,Postpago Plus,Anual,33,78.26,27.6,462,2,0,5,7,1,0
CL801243,47.0,La Libertad,Prepago,Mensual,19,33.21,17.1,69,1,1,1,6,1,0
CL801244,31.0,Lambayeque,Prepago,Mensual,22,27.29,22.1,92,1,0,2,3,1,0
CL801245,49.0,Piura,Prepago,Mensual,8,29.94,2.8,442,0,1,2,4,0,1
CL801246,62.0,Áncash,Postpago Básico,Anual,28,61.67,27.3,98,1,0,3,2,0,0
CL801247,44.0,Cusco,Prepago,Mensual,9,28.18,16.2,400,1,0,3,1,1,0
CL801248,40.0,Lima,Postpago Premium,Anual,3,119.07,21.0,428,0,0,4,2,1,0
CL801249,64.0,Junín,Postpago Premium,Anual,25,158.56,20.3,453,2,2,2,2,0,0
CL801250,34.0,Cusco,Prepago,Mensual,5,27.39,5.1,217,1,0,1,1,1,0
CL801251,65.0,Piura,Postpago Premium,18 meses,13,116.65,32.6,619,2,1,2,1,1,0
CL801252,42.0,Arequipa,Prepago,Mensual,6,37.04,6.7,344,0,2,3,0,1,0
CL801253,55.0,Lima,Prepago,Mensual,9,26.63,10.3,414,1,2,2,3,1,1
CL801254,35.0,Junín,Postpago Plus,Anual,17,63.72,6.2,438,0,0,2,10,0,0
CL801255,43.0,Lima,Prepago,Mensual,3,28.62,8.0,369,0,1,2,2,0,0
CL801256,61.0,Cusco,Prepago,Mensual,15,24.63,8.0,326,1,2,1,9,1,1
CL801257,31.0,Cusco,Postpago Básico,Mensual,6,60.76,17.8,409,0,0,1,6,1,0
CL801258,18.0,Junín,Prepago,Mensual,35,23.29,4.9,239,1,0,4,4,0,0
CL801259,42.0,Junín,Postpago Plus,Mensual,13,64.19,17.5,444,1,1,3,6,1,0
CL801260,56.0,Lima,Postpago Plus,Anual,8,88.8,23.1,330,1,1,4,0,1,1
CL801261,40.0,Lima,Prepago,Mensual,5,37.48,6.2,293,0,2,0,0,0,1
CL801262,58.0,Áncash,Postpago Básico,Anual,1,40.34,5.7,324,0,2,1,3,0,0
CL801263,34.0,Lima,Prepago,Mensual,16,27.72,19.6,497,0,0,3,0,0,0
CL801264,36.0,Lima,Postpago Plus,18 meses,5,65.86,7.6,481,3,0,1,5,1,0
CL801265,38.0,Lima,Prepago,Mensual,17,23.62,8.1,341,2,1,2,6,1,0
CL801266,39.0,Lambayeque,Postpago Básico,Mensual,14,46.15,7.2,537,0,0,1,2,0,0
CL801267,59.0,Lima,Prepago,Mensual,17,34.34,8.2,201,2,1,2,5,1,0
CL801268,45.0,Lima,Postpago Plus,Anual,11,88.96,13.2,361,0,0,3,3,0,1
CL801269,22.0,Lima,Prepago,Mensual,60,27.22,4.6,153,0,0,5,1,1,0
CL801270,50.0,La Libertad,Prepago,Mensual,27,27.94,2.4,436,1,0,1,5,1,0
CL801271,38.0,Lima,Prepago,Mensual,5,27.55,5.0,537,0,0,3,3,0,0
CL801272,26.0,La Libertad,Prepago,Mensual,7,32.64,11.9,380,1,1,2,0,1,0
CL801273,32.0,Piura,Postpago Básico,Anual,16,54.66,7.3,130,1,0,2,1,0,0
CL801274,34.0,Lima,Prepago,Mensual,10,35.39,6.9,32,1,1,3,5,1,1
CL801275,45.0,Lima,Prepago,Mensual,37,19.79,20.5,131,0,1,1,2,0,0
CL801276,29.0,Lima,Postpago Básico,Mensual,3,50.86,3.6,298,0,1,0,4,1,0
CL801277,37.0,Piura,Prepago,Mensual,2,30.21,9.8,335,0,0,2,2,1,0
CL801278,19.0,Lima,Prepago,Mensual,2,25.78,14.8,282,0,0,5,1,1,1
CL801279,66.0,Lima,Postpago Plus,18 meses,9,63.55,41.6,435,0,3,2,1,1,0
CL801280,25.0,Lima,Prepago,Mensual,8,22.48,21.1,30,1,2,4,3,0,0
CL801281,33.0,Áncash,Postpago Premium,18 meses,12,117.45,25.3,496,0,3,2,7,1,0
CL801282,61.0,Lambayeque,Prepago,Mensual,1,33.96,7.2,212,3,0,3,2,1,0
CL801283,18.0,Lima,Prepago,Mensual,1,20.83,24.9,325,1,1,4,4,1,1
CL801284,18.0,Junín,Postpago Plus,Mensual,10,61.35,32.8,350,1,1,0,4,1,0
CL801285,46.0,Lambayeque,Prepago,Mensual,29,31.45,22.9,208,1,2,1,1,1,0
CL801286,46.0,Lima,Postpago Básico,18 meses,4,54.79,8.2,501,3,1,3,2,1,0
CL801287,41.0,Piura,Postpago Básico,Mensual,8,51.98,30.5,461,0,1,1,7,1,0
CL801288,55.0,Lima,Postpago Básico,Mensual,64,51.18,7.3,542,2,1,1,0,1,0
CL801289,33.0,Lima,Prepago,Mensual,14,27.94,12.5,221,3,0,1,8,1,0
CL801290,18.0,Piura,Postpago Básico,18 meses,1,50.59,4.4,287,1,0,4,5,0,0
CL801291,39.0,Lima,Prepago,Mensual,14,25.23,10.2,205,0,1,1,6,1,1
CL801292,32.0,Lima,Prepago,Mensual,17,29.48,12.2,193,0,1,3,6,1,0
CL801293,27.0,Arequipa,Prepago,Mensual,14,31.22,4.4,442,0,2,1,7,1,0
CL801294,56.0,Áncash,Prepago,Mensual,6,31.9,5.4,92,0,0,1,2,0,0
CL801295,52.0,Lima,Postpago Plus,Mensual,8,61.41,8.0,509,1,3,2,3,1,0
CL801296,31.0,Lima,Prepago,Mensual,4,35.39,4.7,421,1,0,1,1,0,0
CL801297,43.0,Lima,Postpago Básico,Mensual,5,62.21,16.2,166,1,0,2,0,1,1
CL801298,,Lima,Prepago,Mensual,8,33.1,8.4,213,0,0,3,2,1,1
CL801299,29.0,Lima,Prepago,Mensual,12,31.67,8.7,479,0,0,1,4,1,0
CL801300,35.0,Lambayeque,Prepago,Mensual,19,29.64,9.0,288,3,1,4,1,1,0
CL801301,18.0,Cusco,Postpago Básico,Mensual,1,52.62,39.3,332,1,1,1,2,1,0
CL801302,34.0,Junín,Prepago,Mensual,8,33.97,,336,0,1,1,0,1,1
CL801303,18.0,Junín,Postpago Básico,Mensual,19,61.43,17.2,493,1,1,2,1,1,0
CL801304,25.0,Lambayeque,Postpago Plus,18 meses,11,90.09,65.3,423,1,0,1,4,0,0
CL801305,23.0,Arequipa,Postpago Premium,Anual,15,146.25,59.6,750,0,0,1,0,1,0
CL801306,72.0,Junín,Postpago Básico,Anual,3,56.33,9.0,291,0,0,1,0,1,0
CL801307,52.0,Lima,Postpago Básico,18 meses,11,46.95,14.9,541,0,0,2,2,1,0
CL801308,52.0,Piura,Prepago,Mensual,6,25.91,4.8,211,0,0,2,1,1,0
CL801309,52.0,Lima,Postpago Premium,Anual,1,136.08,8.0,694,0,0,5,2,0,0
CL801310,36.0,Lima,Prepago,Mensual,12,23.41,14.1,181,1,1,2,2,1,1
CL801311,33.0,Cusco,Prepago,Mensual,3,29.39,8.1,0,3,1,2,8,1,0
CL801312,58.0,Lima,Postpago Básico,Anual,10,60.62,5.5,301,0,1,1,2,1,0
CL801313,,Lima,Postpago Básico,18 meses,24,57.41,12.1,327,2,1,5,4,0,0
CL801314,30.0,Lima,Prepago,Mensual,17,27.54,23.5,0,3,1,1,2,0,1
CL801315,32.0,Lima,Prepago,Mensual,4,33.12,8.6,43,0,5,6,4,1,1
CL801316,23.0,Lima,Postpago Premium,18 meses,1,166.38,30.2,458,0,1,2,12,0,0
CL801317,23.0,Lima,Prepago,Mensual,10,32.31,4.3,295,0,0,1,4,0,0
CL801318,39.0,Lima,Prepago,Mensual,14,31.16,2.3,365,0,0,3,0,0,0
CL801319,32.0,Lima,Postpago Premium,Anual,11,160.5,33.6,496,0,0,0,2,1,0
CL801320,52.0,Piura,Prepago,Mensual,20,37.22,,419,1,0,1,0,0,0
CL801321,34.0,Junín,Prepago,Mensual,13,29.06,22.0,462,2,0,0,9,1,0
CL801322,33.0,Lima,Postpago Premium,Mensual,3,143.1,5.3,310,0,1,2,6,1,0
CL801323,46.0,Lima,Postpago Básico,Mensual,2,33.54,15.7,449,2,0,2,0,0,0
CL801324,37.0,La Libertad,Postpago Básico,18 meses,3,39.22,,422,0,1,3,2,1,0
CL801325,35.0,Junín,Prepago,Mensual,4,34.83,11.6,287,2,0,6,2,1,1
CL801326,36.0,La Libertad,Postpago Básico,18 meses,36,58.08,17.9,399,2,1,2,5,0,0
CL801327,32.0,Lima,Postpago Premium,18 meses,1,136.86,37.2,533,1,0,3,3,0,1
CL801328,35.0,Áncash,Postpago Plus,Anual,20,87.91,22.7,168,2,1,3,4,1,0
CL801329,18.0,Áncash,Prepago,Mensual,13,27.86,11.7,344,1,0,3,0,0,0
CL801330,46.0,Lima,Postpago Plus,Mensual,1,80.68,14.1,296,3,3,6,5,0,1
CL801331,56.0,La Libertad,Prepago,Mensual,6,26.56,11.9,381,0,0,1,2,1,0
CL801332,50.0,Cusco,Postpago Básico,Mensual,2,51.84,18.4,176,0,0,3,9,1,0
CL801333,23.0,Arequipa,Prepago,Mensual,40,27.71,5.3,230,2,1,5,1,1,0
CL801334,27.0,Lima,Postpago Plus,Anual,9,89.14,11.9,562,0,0,2,1,1,0
CL801335,18.0,Lambayeque,Prepago,Mensual,4,26.36,6.8,227,0,1,3,3,0,0
CL801336,41.0,Lima,Postpago Plus,18 meses,6,92.96,10.6,334,0,1,2,0,1,0
CL801337,24.0,Lima,Prepago,Mensual,36,26.41,10.4,388,1,2,2,7,0,1
CL801338,54.0,Lima,Prepago,Mensual,5,38.89,4.4,215,3,1,0,1,0,0
CL801339,39.0,La Libertad,Postpago Básico,18 meses,3,48.33,27.3,449,0,1,3,4,1,0
CL801340,41.0,Lima,Prepago,Mensual,11,33.7,2.6,229,0,0,2,1,0,0
CL801341,18.0,Lima,Postpago Plus,Anual,2,78.08,15.5,390,0,0,2,6,0,0
CL801342,38.0,Junín,Prepago,Mensual,5,27.68,4.9,159,0,0,0,5,0,0
CL801343,29.0,Arequipa,Prepago,Mensual,3,23.75,5.0,245,0,1,3,0,1,0
CL801344,27.0,Junín,Prepago,Mensual,42,30.31,6.3,440,2,0,1,1,1,0
CL801345,30.0,La Libertad,Postpago Básico,Mensual,34,49.12,41.5,357,0,1,1,2,1,0
CL801346,44.0,Lambayeque,Postpago Básico,18 meses,5,60.59,21.2,337,1,1,2,1,1,0
CL801347,20.0,Cusco,Prepago,Mensual,1,25.28,2.5,190,1,1,2,0,0,0
CL801348,38.0,Arequipa,Postpago Básico,Anual,18,57.29,3.9,403,0,2,0,2,0,0
CL801349,18.0,Lima,Postpago Plus,Mensual,13,71.05,32.7,493,1,1,4,2,0,0
CL801350,54.0,Lima,Prepago,Mensual,15,29.46,11.4,247,1,1,2,2,1,0
CL801351,20.0,Lima,Postpago Premium,Mensual,34,101.82,5.5,603,1,1,2,9,0,0
CL801352,49.0,Cusco,Postpago Premium,Mensual,34,138.59,10.1,529,2,0,6,1,1,0
CL801353,42.0,Lima,Prepago,Mensual,23,30.04,20.0,380,1,1,2,7,1,0
CL801354,28.0,Cusco,Postpago Básico,Anual,14,50.96,10.5,481,1,0,1,13,1,1
CL801355,47.0,Piura,Prepago,Mensual,17,27.51,6.3,205,0,1,2,0,1,0
CL801356,49.0,Arequipa,Prepago,Mensual,24,27.85,14.1,0,3,1,3,1,1,0
CL801357,50.0,Lima,Prepago,Mensual,11,21.49,5.9,342,0,0,4,10,1,1
CL801358,39.0,Piura,Prepago,Mensual,5,28.02,7.5,327,1,2,0,7,1,0
CL801359,35.0,Áncash,Postpago Básico,18 meses,49,49.88,3.1,418,0,1,2,4,1,0
CL801360,48.0,Piura,Postpago Básico,Mensual,12,55.06,10.2,461,0,1,3,2,0,0
CL801361,45.0,Lima,Prepago,Mensual,32,33.26,6.5,280,1,0,2,1,0,0
CL801362,59.0,Piura,Prepago,Mensual,6,35.23,8.3,166,0,0,1,1,1,0
CL801363,41.0,Junín,Postpago Básico,Mensual,13,53.09,11.3,507,0,0,1,0,1,0
CL801364,21.0,Lima,Postpago Básico,18 meses,6,51.87,1.7,359,0,0,3,3,0,0
CL801365,37.0,Lambayeque,Postpago Básico,Mensual,1,55.99,1.8,116,0,0,1,7,1,1
CL801366,32.0,Lima,Postpago Básico,Anual,2,65.87,26.5,223,0,0,4,0,0,0
CL801367,23.0,Lima,Postpago Básico,Anual,7,65.51,23.4,571,0,1,2,20,0,1
CL801368,37.0,Cusco,Prepago,Mensual,17,37.96,13.1,273,3,0,0,1,1,0
CL801369,33.0,La Libertad,Postpago Plus,Anual,8,77.14,6.5,469,0,0,4,0,0,1
CL801370,56.0,Lima,Prepago,Mensual,7,26.46,9.5,228,1,3,2,2,1,0
CL801371,59.0,Piura,Postpago Premium,Mensual,21,168.39,19.6,383,0,0,2,1,0,0
CL801372,50.0,Lima,Prepago,Mensual,29,24.46,10.2,142,2,0,3,2,1,0
CL801373,22.0,Lima,Postpago Básico,Mensual,10,50.93,4.6,455,3,0,2,0,1,1
CL801374,18.0,Lima,Prepago,Mensual,12,28.71,34.5,431,0,2,2,3,1,1
CL801375,36.0,Junín,Postpago Básico,Anual,4,64.56,7.1,230,1,0,1,9,1,0
CL801376,18.0,Lima,Postpago Plus,18 meses,8,73.04,29.6,335,0,0,2,10,1,1
CL801377,18.0,Lima,Prepago,Mensual,8,36.04,13.6,481,0,2,4,1,1,1
CL801378,25.0,La Libertad,Postpago Básico,Anual,9,48.01,34.3,359,0,0,2,0,0,0
CL801379,37.0,Junín,Postpago Básico,Mensual,7,49.04,4.5,389,0,1,0,1,1,0
CL801380,39.0,Piura,Prepago,Mensual,12,27.93,7.4,393,0,0,0,9,1,0
CL801381,54.0,Lambayeque,Prepago,Mensual,16,32.07,12.4,222,0,1,2,0,0,1
CL801382,27.0,Lima,Prepago,Mensual,30,23.28,9.9,393,0,1,3,4,1,0
CL801383,28.0,La Libertad,Postpago Plus,Mensual,38,65.19,58.1,256,0,0,0,2,1,0
CL801384,42.0,Lima,Postpago Básico,Mensual,2,42.07,20.7,288,0,1,4,0,0,0
CL801385,48.0,Junín,Postpago Básico,Anual,25,59.77,3.0,410,0,0,3,0,0,0
CL801386,38.0,Lima,Prepago,Mensual,6,29.1,4.6,384,0,0,4,3,1,0
CL801387,21.0,Lima,Postpago Básico,Anual,8,38.99,15.3,323,0,2,4,1,1,1
CL801388,50.0,Arequipa,Prepago,Mensual,16,28.86,5.1,326,0,1,3,2,1,0
CL801389,72.0,Arequipa,Prepago,Mensual,23,28.1,15.9,204,0,1,2,0,0,0
CL801390,31.0,Junín,Prepago,Mensual,7,36.28,6.5,501,1,0,1,10,1,0
CL801391,50.0,Cusco,Prepago,Mensual,8,23.9,1.2,285,3,1,5,2,1,0
CL801392,36.0,Lima,Prepago,Mensual,19,29.03,15.8,151,2,0,1,7,0,0
CL801393,61.0,Arequipa,Postpago Plus,Mensual,9,85.62,14.4,460,1,1,5,2,1,0
CL801394,19.0,Cusco,Postpago Plus,Mensual,4,79.45,37.1,631,2,3,1,2,0,1
CL801395,25.0,Lima,Postpago Básico,Mensual,9,46.99,20.7,437,1,0,2,3,1,0
CL801396,25.0,La Libertad,Postpago Premium,18 meses,10,113.73,6.7,656,1,2,2,2,1,0
CL801397,,La Libertad,Postpago Plus,18 meses,4,70.87,43.1,460,0,0,1,1,1,0
CL801398,46.0,Cusco,Prepago,Mensual,8,28.87,4.4,194,0,1,3,2,0,1
CL801399,18.0,Junín,Prepago,Mensual,26,23.46,11.5,264,3,2,0,29,0,0
CL801400,18.0,Cusco,Postpago Básico,Anual,6,61.32,16.5,66,0,0,2,2,1,0
CL801401,48.0,Lima,Postpago Básico,Mensual,18,66.5,22.8,413,2,0,1,1,0,0
CL801402,18.0,Arequipa,Prepago,Mensual,52,28.93,7.5,192,1,0,0,4,1,0
CL801403,23.0,La Libertad,Prepago,Mensual,5,26.82,17.2,271,0,1,0,1,1,0
CL801404,31.0,Lima,Postpago Plus,Anual,34,89.75,13.8,397,0,2,2,9,1,1
CL801405,48.0,La Libertad,Postpago Básico,Mensual,13,41.75,24.6,117,2,0,3,1,1,0
CL801406,23.0,Junín,Prepago,Mensual,19,27.71,8.2,514,1,1,3,14,1,0
CL801407,45.0,Lima,Postpago Básico,Mensual,16,60.52,13.2,437,1,2,2,2,0,0
CL801408,18.0,Junín,Postpago Básico,Mensual,12,50.36,3.5,409,0,0,2,2,1,0
CL801409,25.0,Arequipa,Postpago Plus,Mensual,6,85.24,6.2,549,0,0,3,5,0,0
CL801410,40.0,Lima,Prepago,Mensual,1,28.77,7.5,392,0,0,2,10,1,0
CL801411,49.0,Lambayeque,Prepago,Mensual,13,31.67,1.0,231,1,1,5,3,0,0
CL801412,29.0,La Libertad,Postpago Básico,Anual,8,54.65,26.3,235,1,0,3,2,1,1
CL801413,45.0,Áncash,Prepago,Mensual,4,26.28,10.6,412,2,1,1,2,1,0
CL801414,18.0,La Libertad,Prepago,Mensual,12,33.04,9.8,223,1,1,2,0,1,0
CL801415,45.0,Lima,Prepago,Mensual,7,26.81,1.7,331,2,2,1,5,1,0
CL801416,50.0,Lima,Postpago Básico,Mensual,4,56.2,15.7,403,0,1,4,5,1,0
CL801417,28.0,Lima,Postpago Básico,Anual,9,63.76,6.6,292,0,1,2,1,0,0
CL801418,44.0,Lima,Prepago,Mensual,4,23.66,,233,0,1,0,10,1,0
CL801419,28.0,Piura,Postpago Básico,Mensual,17,62.8,14.5,383,0,0,4,2,1,1
CL801420,18.0,Lambayeque,Postpago Básico,Mensual,30,56.04,19.4,480,1,0,4,13,1,1
CL801421,39.0,Lima,Postpago Plus,18 meses,12,87.65,11.4,361,0,0,1,4,1,0
CL801422,32.0,Junín,Prepago,Mensual,30,33.46,12.0,78,0,0,0,2,0,0
CL801423,29.0,Lambayeque,Prepago,Mensual,11,30.47,13.6,496,0,4,1,4,1,0
CL801424,44.0,Junín,Prepago,Mensual,13,28.99,9.4,332,0,0,0,2,0,0
CL801425,58.0,Lambayeque,Prepago,Mensual,16,34.98,3.8,122,0,0,1,4,1,0
CL801426,55.0,Lima,Postpago Básico,Mensual,10,67.52,20.8,555,0,0,1,1,1,0
CL801427,18.0,Lima,Postpago Básico,18 meses,58,48.72,4.1,439,0,0,2,2,0,0
CL801428,38.0,Lima,Prepago,Mensual,4,30.1,8.8,396,1,1,1,2,0,0
CL801429,39.0,La Libertad,Prepago,Mensual,4,23.19,4.5,312,0,1,3,0,1,0
CL801430,20.0,Junín,Prepago,Mensual,17,28.73,11.6,214,1,1,0,2,1,0
CL801431,37.0,Lambayeque,Prepago,Mensual,38,36.37,7.4,422,1,4,1,0,0,0
CL801432,18.0,Lima,Postpago Premium,Anual,6,141.71,17.6,572,0,0,2,2,0,1
CL801433,46.0,Lima,Prepago,Mensual,2,26.97,6.3,104,2,0,2,0,1,0
CL801434,33.0,Lima,Prepago,Mensual,56,31.67,6.2,295,0,2,4,8,1,0
CL801435,40.0,Piura,Prepago,Mensual,38,22.3,6.3,294,0,5,2,8,1,1
CL801436,53.0,Lima,Postpago Básico,Anual,3,47.33,11.6,435,0,0,0,0,0,0
CL801437,53.0,Lambayeque,Postpago Básico,Mensual,7,50.07,17.4,472,0,2,1,4,1,0
CL801438,53.0,Arequipa,Prepago,Mensual,8,29.97,12.7,173,3,1,2,1,0,0
CL801439,34.0,Lima,Prepago,Mensual,3,23.75,9.1,454,3,1,2,2,0,0
CL801440,64.0,Lima,Postpago Plus,Mensual,15,69.81,21.5,602,0,0,2,7,1,0
CL801441,26.0,Arequipa,Postpago Premium,Mensual,18,96.21,94.2,602,1,0,0,1,1,0
CL801442,18.0,Áncash,Prepago,Mensual,10,24.5,22.4,279,0,0,1,6,0,0
CL801443,18.0,Cusco,Prepago,Mensual,31,30.41,4.5,487,0,1,3,0,1,0
CL801444,53.0,Piura,Postpago Plus,Anual,5,76.19,27.4,565,1,0,3,1,1,0
CL801445,61.0,Lambayeque,Prepago,Mensual,8,21.9,17.7,178,1,0,3,3,1,0
CL801446,41.0,Áncash,Postpago Plus,Anual,24,95.7,10.2,688,2,0,3,4,0,1
CL801447,46.0,Lima,Prepago,Mensual,39,28.38,3.0,459,1,1,2,11,1,0
CL801448,31.0,Áncash,Prepago,Mensual,1,33.23,5.8,344,0,0,3,2,0,0
CL801449,37.0,Lima,Postpago Premium,Mensual,5,116.74,39.2,493,1,1,3,1,0,0
CL801450,39.0,Lima,Prepago,Mensual,4,24.77,15.4,154,3,1,2,8,1,0
CL801451,23.0,Lima,Prepago,Mensual,27,30.5,8.8,263,0,0,1,1,1,0
CL801452,36.0,Cusco,Prepago,Mensual,14,29.5,7.0,472,0,2,0,6,1,0
CL801453,25.0,Áncash,Prepago,Mensual,3,32.99,8.6,362,2,3,3,2,1,1
CL801454,19.0,Arequipa,Postpago Básico,Mensual,5,57.7,10.5,236,0,0,2,0,1,1
CL801455,46.0,Arequipa,Prepago,Mensual,86,31.32,2.5,376,0,2,1,4,1,0
CL801456,47.0,Lima,Prepago,Mensual,2,30.55,2.7,430,2,1,3,3,1,1
CL801457,21.0,Lima,Postpago Básico,Anual,20,40.6,3.7,421,0,1,2,5,1,0
CL801458,48.0,Lima,Postpago Básico,Anual,9,50.22,5.7,245,0,1,1,12,1,0
CL801459,36.0,La Libertad,Prepago,Mensual,2,33.28,3.9,76,1,1,0,7,1,0
CL801460,61.0,Junín,Postpago Básico,Mensual,9,62.68,17.2,484,1,1,0,0,1,0
CL801461,42.0,Áncash,Prepago,Mensual,3,34.5,2.5,250,1,0,1,5,1,0
CL801462,18.0,Junín,Prepago,Mensual,5,22.64,14.0,367,0,0,2,9,1,0
CL801463,41.0,Cusco,Prepago,Mensual,2,28.78,20.0,351,0,1,1,3,1,1
CL801464,51.0,Lima,Prepago,Mensual,3,27.36,8.8,460,0,1,1,2,1,0
CL801465,44.0,Arequipa,Prepago,Mensual,3,25.96,7.1,0,0,0,1,1,0,0
CL801466,18.0,Lambayeque,Prepago,Mensual,3,34.14,5.4,339,2,1,1,1,1,0
CL801467,57.0,Lima,Prepago,Mensual,25,27.67,2.4,421,0,0,0,1,0,0
CL801468,26.0,Lambayeque,Prepago,Mensual,9,30.83,6.8,193,0,2,1,3,0,1
CL801469,18.0,Lambayeque,Prepago,Mensual,33,30.16,5.0,312,0,1,1,3,0,0
CL801470,50.0,Arequipa,Prepago,Mensual,12,31.86,11.0,140,1,0,4,0,1,1
CL801471,44.0,Arequipa,Prepago,Mensual,4,28.87,4.4,319,1,0,4,4,1,1
CL801472,39.0,Cusco,Postpago Plus,Mensual,19,78.52,5.6,482,1,0,1,3,0,0
CL801473,25.0,Cusco,Postpago Plus,Mensual,19,68.65,16.7,410,3,0,0,6,0,0
CL801474,64.0,Áncash,Postpago Básico,18 meses,9,72.9,8.5,425,1,0,1,1,0,0
CL801475,18.0,Piura,Prepago,Mensual,16,28.31,10.8,162,1,2,2,4,0,1
CL801476,33.0,La Libertad,Prepago,Mensual,3,25.2,11.2,294,0,0,3,1,1,0
CL801477,28.0,Cusco,Prepago,Mensual,12,28.8,4.5,200,3,2,2,1,0,0
CL801478,,Cusco,Postpago Plus,18 meses,13,100.48,9.9,169,3,0,3,6,1,0
CL801479,34.0,La Libertad,Postpago Básico,Anual,17,65.74,20.9,433,1,2,4,6,1,0
CL801480,48.0,Cusco,Postpago Plus,Mensual,10,66.55,53.1,444,0,2,2,2,0,1
CL801481,25.0,Áncash,Prepago,Mensual,14,29.96,11.8,302,0,1,1,8,1,0
CL801482,19.0,Lima,Postpago Plus,Anual,4,86.72,28.8,646,1,1,1,2,1,0
CL801483,42.0,Arequipa,Postpago Básico,Mensual,19,57.62,10.0,405,0,2,3,3,0,0
CL801484,48.0,Cusco,Prepago,Mensual,4,31.14,12.5,224,0,0,1,3,1,1
CL801485,50.0,Lima,Postpago Básico,18 meses,27,59.55,16.4,395,1,4,1,0,1,1
CL801486,40.0,Cusco,Postpago Premium,18 meses,4,132.86,13.5,281,1,0,3,6,1,0
CL801487,22.0,Lima,Prepago,Mensual,8,27.22,3.1,263,1,0,3,3,1,0
CL801488,36.0,Piura,Postpago Básico,18 meses,6,52.07,24.6,261,0,2,2,4,1,1
CL801489,40.0,Lima,Postpago Básico,Mensual,10,48.01,14.8,192,0,2,1,7,1,0
CL801490,33.0,Cusco,Postpago Básico,Mensual,5,59.8,7.6,486,1,2,2,16,1,0
CL801491,,Cusco,Prepago,Mensual,26,14.21,5.3,241,0,3,4,9,0,1
CL801492,,Áncash,Postpago Plus,Anual,4,96.74,26.4,227,0,0,0,0,0,0
CL801493,47.0,La Libertad,Postpago Básico,Mensual,4,29.5,17.8,365,0,1,1,0,0,0
CL801494,33.0,Lima,Prepago,Mensual,5,22.68,13.4,504,2,1,7,12,0,1
CL801495,45.0,Lambayeque,Postpago Básico,18 meses,7,48.55,14.3,458,3,4,2,3,1,0
CL801496,41.0,Cusco,Prepago,Mensual,2,29.51,15.7,209,0,0,7,7,1,1
CL801497,35.0,Junín,Postpago Premium,Anual,12,113.67,51.9,534,0,0,3,8,0,0
CL801498,44.0,Junín,Prepago,Mensual,5,26.74,19.6,401,2,0,3,1,0,0
CL801499,31.0,Lima,Postpago Premium,Mensual,20,88.49,32.6,132,3,1,1,16,1,0
