id_cliente,edad,departamento,plan,tipo_contrato,meses_antiguedad,cargo_mensual_soles,gb_datos_mes,minutos_llamadas_mes,lineas_adicionales,tickets_soporte_6m,caidas_servicio_mes,dias_ultimo_pago_vencido,factura_electronica,churn
CL106497,21.0,Lima,Postpago Básico,18 meses,26,34.4,11.1,432,1,1,3,0,1,0
CL103140,33.0,Junín,Prepago,Mensual,9,22.22,7.6,215,0,2,0,1,0,0
CL106959,18.0,Lima,Postpago Premium,18 meses,29,134.87,27.0,516,0,1,3,7,1,0
CL105839,41.0,Lima,Prepago,Mensual,7,23.8,7.3,150,1,1,1,9,1,1
CL106303,24.0,Arequipa,Prepago,Mensual,13,25.84,3.9,247,1,0,1,1,0,0
CL101773,44.0,Lima,Postpago Plus,Mensual,5,74.4,30.2,350,1,1,2,5,1,0
CL101703,47.0,Lambayeque,Postpago Básico,Mensual,19,40.48,11.1,304,0,0,1,11,1,0
CL104609,49.0,Cusco,Postpago Premium,18 meses,2,124.91,12.6,645,0,1,0,0,1,0
CL101846,51.0,Lima,Prepago,Mensual,66,26.83,14.2,289,0,0,2,2,0,0
CL105565,43.0,Lima,Prepago,Mensual,4,23.22,12.5,438,2,1,1,1,0,1
CL101666,48.0,Lima,Postpago Plus,Mensual,44,55.64,30.4,573,0,1,1,0,0,0
CL105234,23.0,Áncash,Postpago Plus,Mensual,9,61.65,39.4,507,0,0,1,8,1,0
CL103335,27.0,Arequipa,Prepago,Mensual,93,22.78,8.5,550,0,0,2,15,1,0
CL103765,45.0,Junín,Postpago Plus,Anual,3,52.1,14.6,364,1,1,0,1,0,1
CL100902,18.0,Junín,Prepago,Mensual,79,23.71,9.7,300,0,1,2,5,0,1
CL107128,50.0,Lima,Postpago Plus,Anual,20,80.72,23.3,258,1,1,2,5,0,0
CL104564,49.0,Lima,Prepago,Mensual,69,23.68,1.3,430,0,0,2,2,1,0
CL100009,36.0,Lima,Postpago Básico,Mensual,28,38.7,11.0,327,1,1,0,10,0,0
CL106496,37.0,Áncash,Postpago Básico,18 meses,37,36.48,9.9,295,1,2,1,2,1,0
CL104587,21.0,La Libertad,Postpago Premium,Mensual,34,108.96,22.4,547,0,2,1,2,0,0
CL103007,18.0,La Libertad,Prepago,Mensual,20,26.8,25.8,324,1,0,1,1,1,0
CL105656,29.0,Piura,Postpago Premium,Mensual,51,93.74,34.9,380,0,0,1,4,0,0
CL104318,39.0,Lima,Postpago Plus,Mensual,38,76.26,31.0,476,0,0,3,11,0,0
CL101887,37.0,Piura,Prepago,Mensual,24,29.6,20.6,569,2,1,1,10,1,0
CL104802,28.0,La Libertad,Prepago,Mensual,41,32.62,19.3,425,1,0,2,2,0,1
CL106011,36.0,Cusco,Postpago Plus,Mensual,3,78.53,32.8,414,3,0,1,3,0,0
CL102792,74.0,Lima,Postpago Plus,Mensual,35,84.37,26.6,504,0,0,1,6,0,0
CL100160,30.0,Lima,Prepago,Mensual,1,17.65,14.7,343,0,0,2,1,1,0
CL104080,32.0,Cusco,Prepago,Mensual,19,27.39,11.0,370,0,0,1,5,0,1
CL104649,36.0,Lambayeque,Postpago Básico,Anual,3,42.09,10.6,456,0,0,1,10,1,0
CL100024,65.0,Lima,Postpago Plus,Anual,12,54.58,5.4,259,1,0,2,2,1,0
CL107304,51.0,Áncash,Postpago Básico,Anual,49,59.0,10.2,96,3,1,1,2,0,0
CL106790,37.0,La Libertad,Prepago,Mensual,10,34.36,4.3,667,2,0,0,8,0,0
CL101943,46.0,Arequipa,Prepago,Mensual,3,26.76,6.3,355,0,1,1,4,0,0
CL101142,28.0,Junín,Postpago Plus,18 meses,3,76.73,20.5,586,0,2,4,1,1,1
CL100096,42.0,Lima,Prepago,Mensual,16,19.53,5.0,123,2,0,0,3,1,0
CL104343,83.0,Lima,Prepago,Mensual,12,30.26,8.7,461,1,1,0,15,1,1
CL103183,20.0,Lima,Prepago,Mensual,52,24.34,9.8,543,1,0,2,6,1,0
CL101301,60.0,Lambayeque,Postpago Básico,Anual,7,51.02,21.4,422,2,0,0,2,1,0
CL105560,23.0,Junín,Postpago Premium,Mensual,9,111.36,,683,1,1,2,1,1,0
CL105646,22.0,Piura,Postpago Básico,Mensual,4,27.79,11.7,329,1,0,1,0,1,0
CL106295,45.0,La Libertad,Postpago Plus,Anual,7,57.67,,459,0,0,1,10,0,0
CL103764,18.0,Lima,Prepago,Mensual,21,30.53,2.5,417,1,0,1,2,1,0
CL100660,30.0,Lima,Prepago,Mensual,21,26.8,2.8,0,0,2,0,4,1,0
CL104601,29.0,Junín,Postpago Premium,18 meses,8,95.37,35.6,421,0,0,1,2,1,0
CL107448,18.0,Arequipa,Postpago Básico,Mensual,13,50.98,20.2,378,0,0,1,13,0,0
CL103793,45.0,Junín,Prepago,Mensual,35,20.78,12.7,308,1,1,1,8,0,0
CL102352,47.0,Cusco,Prepago,Mensual,7,28.89,26.3,450,0,0,1,1,1,0
CL103358,31.0,Cusco,Postpago Básico,Anual,20,46.24,12.2,469,0,1,0,4,1,0
CL107466,47.0,Cusco,Prepago,Mensual,41,28.72,5.1,278,1,2,0,6,0,0
CL103843,46.0,Lima,Postpago Básico,Anual,46,46.27,23.4,300,0,0,0,10,1,0
CL100830,42.0,Lima,Postpago Básico,Mensual,29,44.99,4.7,308,3,0,1,0,1,0
CL101924,35.0,Piura,Prepago,Mensual,52,19.92,13.2,213,0,1,1,4,1,0
CL107059,39.0,Junín,Postpago Básico,Mensual,30,30.69,5.0,374,0,1,1,1,1,0
CL101920,41.0,Áncash,Postpago Básico,18 meses,4,34.9,10.2,320,0,0,2,1,0,0
CL102698,38.0,Lima,Postpago Básico,18 meses,7,42.63,4.4,341,2,2,1,2,1,0
CL103446,51.0,Áncash,Postpago Básico,Mensual,12,38.45,15.0,387,2,0,2,4,0,1
CL105438,39.0,Áncash,Postpago Premium,Mensual,2,137.71,34.9,685,0,0,1,1,0,0
CL106663,33.0,Lima,Postpago Plus,Mensual,17,63.6,38.3,519,0,3,0,3,1,0
CL104881,47.0,Lambayeque,Postpago Básico,18 meses,6,34.29,12.6,225,1,1,1,2,1,0
CL104156,27.0,Arequipa,Postpago Premium,Mensual,29,114.95,,341,0,1,1,8,1,0
CL104683,48.0,Lambayeque,Postpago Plus,Mensual,14,78.38,12.1,368,2,2,0,0,1,0
CL107310,21.0,Lima,Postpago Básico,Mensual,18,50.65,20.1,342,1,1,0,3,1,0
CL106195,30.0,Lima,Postpago Básico,18 meses,31,39.49,13.7,331,0,0,1,6,1,1
CL102996,64.0,Lima,Postpago Básico,Anual,20,51.53,6.1,383,2,1,1,11,0,0
CL103494,38.0,Junín,Prepago,Mensual,40,25.32,10.2,202,0,0,0,2,1,1
CL106433,18.0,Lambayeque,Postpago Premium,Mensual,62,104.29,15.1,463,0,1,1,3,1,0
CL106949,18.0,Lima,Postpago Plus,Anual,17,81.03,15.3,521,0,1,0,0,1,0
CL105658,40.0,Cusco,Prepago,Mensual,96,22.19,23.0,296,1,0,0,3,0,0
CL105466,53.0,Lima,Postpago Plus,Mensual,13,64.97,24.5,259,1,1,0,5,0,0
CL104965,32.0,Cusco,Prepago,Mensual,14,24.2,2.5,388,0,1,4,1,1,0
CL102439,55.0,Lima,Postpago Plus,Anual,3,74.22,9.2,555,3,3,0,0,0,0
CL107016,25.0,Lima,Postpago Básico,Anual,16,36.9,,343,0,3,0,4,1,0
CL103962,28.0,Junín,Postpago Plus,Anual,4,67.2,11.7,635,0,0,0,5,1,0
CL104408,34.0,Lima,Postpago Plus,18 meses,67,92.09,24.2,405,0,0,1,0,0,0
CL103069,45.0,Lima,Postpago Básico,18 meses,15,58.66,3.4,427,2,0,0,3,1,0
CL107306,35.0,Lima,Prepago,Mensual,26,32.98,3.0,232,2,0,0,0,0,0
CL105310,36.0,Lima,Postpago Básico,Anual,2,44.55,12.0,626,1,2,2,0,1,0
CL106800,62.0,Lima,Postpago Básico,18 meses,26,40.44,15.8,410,0,1,0,3,0,1
CL106482,29.0,Lambayeque,Postpago Plus,18 meses,30,73.94,2.6,574,1,0,0,3,0,0
CL100689,48.0,La Libertad,Postpago Básico,18 meses,5,36.27,7.6,233,2,0,3,1,0,0
CL104285,27.0,Lima,Prepago,Mensual,21,25.13,20.0,434,1,1,3,6,0,0
CL104043,48.0,Lima,Postpago Premium,Anual,7,114.0,6.4,780,0,0,0,15,0,0
CL106266,31.0,Lambayeque,Prepago,Mensual,27,34.06,9.0,281,1,4,1,4,1,0
CL103760,55.0,Lima,Postpago Premium,Mensual,8,100.31,6.7,549,2,1,1,0,1,1
CL107469,18.0,Junín,Postpago Básico,Mensual,25,34.21,14.1,529,0,0,3,6,1,0
CL107309,30.0,Lima,Postpago Básico,Mensual,4,45.8,14.0,553,2,1,0,2,0,0
CL101184,38.0,Áncash,Prepago,Mensual,3,24.09,1.5,272,0,1,0,1,1,0
CL107080,34.0,Lima,Postpago Plus,Anual,1,69.41,10.9,264,0,0,3,5,1,0
CL102407,59.0,Junín,Prepago,Mensual,32,24.37,2.3,126,1,0,5,0,1,0
CL100126,39.0,Lima,Prepago,Mensual,10,24.98,18.1,396,0,1,0,4,1,0
CL102742,50.0,La Libertad,Prepago,Mensual,37,28.63,5.3,207,0,0,1,4,1,0
CL106719,29.0,La Libertad,Postpago Básico,Anual,48,43.31,14.9,322,1,1,2,1,1,0
CL103386,50.0,Junín,Postpago Básico,Anual,26,48.9,10.6,189,0,1,1,3,0,0
CL101395,56.0,La Libertad,Prepago,Mensual,21,24.22,14.3,134,3,0,1,2,1,1
CL100347,41.0,Cusco,Prepago,Mensual,21,23.6,23.3,309,0,0,0,3,1,0
CL102923,18.0,Lima,Postpago Básico,Mensual,66,33.9,7.9,259,1,3,1,0,0,0
CL103988,33.0,Lima,Postpago Premium,Mensual,4,130.58,21.4,578,2,0,1,11,1,1
CL101422,40.0,Lima,Postpago Básico,18 meses,10,48.41,5.0,374,0,0,3,4,1,0
CL105314,28.0,Lima,Prepago,Mensual,2,25.8,11.0,332,0,0,2,3,1,0
CL106978,27.0,La Libertad,Postpago Plus,Mensual,1,77.28,21.2,494,0,0,1,6,1,0
CL104014,58.0,Lima,Postpago Básico,18 meses,6,51.67,24.2,243,1,1,2,4,0,0
CL104678,56.0,Lima,Prepago,Mensual,10,20.89,8.0,309,1,0,2,4,1,1
CL105089,37.0,Cusco,Prepago,Mensual,80,32.89,12.1,303,1,1,0,1,0,0
CL102735,43.0,Lima,Postpago Básico,Anual,4,33.9,3.9,324,2,0,2,8,0,1
CL100136,18.0,Cusco,Postpago Premium,18 meses,1,116.73,8.1,657,3,1,1,2,1,0
CL104044,49.0,Lima,Postpago Básico,Mensual,27,48.98,16.8,559,1,1,1,0,1,0
CL104838,46.0,Cusco,Prepago,Mensual,9,26.19,,402,0,2,1,6,1,1
CL103857,50.0,Arequipa,Postpago Básico,Anual,35,41.13,12.5,195,1,0,1,3,1,0
CL101612,38.0,Piura,Postpago Plus,Mensual,44,60.39,32.4,637,0,2,0,0,0,0
CL107264,31.0,Lima,Postpago Básico,Mensual,5,41.39,22.5,445,1,1,1,2,0,0
CL100341,40.0,Lima,Postpago Premium,Mensual,1,106.44,24.6,568,1,1,2,0,0,0
CL102629,44.0,Junín,Prepago,Mensual,42,34.05,3.0,275,0,0,2,0,0,0
CL107260,42.0,La Libertad,Postpago Plus,Anual,7,58.67,32.1,290,0,1,1,3,0,0
CL105351,18.0,Junín,Postpago Plus,Mensual,48,59.38,17.0,591,0,0,2,0,1,0
CL103883,68.0,Lambayeque,Postpago Básico,Anual,3,35.24,31.1,489,3,2,0,9,0,0
CL100766,32.0,Cusco,Prepago,Mensual,4,19.81,3.8,247,1,0,0,2,0,0
CL103215,18.0,Arequipa,Postpago Plus,Anual,22,52.32,14.8,454,1,1,0,0,1,0
CL100068,18.0,Áncash,Prepago,Mensual,96,21.67,6.8,283,1,3,0,0,1,0
CL104632,37.0,La Libertad,Prepago,Mensual,31,27.93,17.2,208,0,1,0,2,0,0
CL104539,37.0,Lima,Prepago,Mensual,46,20.43,9.2,431,2,0,0,1,0,0
CL105021,49.0,Lima,Postpago Plus,Anual,5,68.82,31.2,316,1,2,0,0,1,0
CL107033,49.0,Lima,Prepago,Mensual,4,27.06,17.6,367,3,1,0,0,1,0
CL102226,,Cusco,Postpago Plus,Anual,3,65.94,,403,1,0,2,5,1,0
CL105176,32.0,Piura,Prepago,Mensual,2,24.8,8.0,0,0,0,0,1,1,0
CL105472,37.0,Lima,Postpago Premium,18 meses,7,115.44,20.2,550,1,2,0,1,1,1
CL101487,27.0,Lambayeque,Postpago Básico,Mensual,22,47.28,16.8,292,2,0,2,4,0,1
CL100523,40.0,Áncash,Postpago Básico,18 meses,69,49.26,31.4,109,0,0,2,0,1,0
CL100985,25.0,Junín,Postpago Premium,Anual,50,114.5,29.7,432,1,0,1,9,1,0
CL105152,33.0,Cusco,Postpago Básico,Anual,96,69.01,19.6,293,0,0,1,2,1,0
CL103208,36.0,Lima,Prepago,Mensual,35,33.73,10.1,174,0,0,1,2,0,0
CL105503,39.0,Lima,Postpago Básico,Mensual,21,36.52,2.9,308,2,1,0,2,1,0
CL101689,29.0,La Libertad,Postpago Básico,Anual,43,45.74,23.5,391,0,2,0,4,1,0
CL100572,35.0,Junín,Postpago Básico,18 meses,40,35.49,32.3,248,1,0,1,2,1,0
CL103136,41.0,La Libertad,Postpago Plus,Anual,14,71.02,12.8,396,0,0,1,7,0,0
CL105780,51.0,Junín,Postpago Premium,Anual,18,80.46,91.7,751,0,2,1,6,1,0
CL103397,51.0,Piura,Prepago,Mensual,29,27.08,17.7,349,2,0,0,0,0,0
CL102815,35.0,Lima,Postpago Básico,Anual,45,50.01,21.1,368,0,0,3,1,0,0
CL106202,42.0,Áncash,Postpago Básico,Anual,1,30.74,6.2,494,0,0,2,2,1,0
CL100584,50.0,Junín,Postpago Premium,18 meses,3,131.3,19.5,684,0,1,2,1,0,0
CL106544,48.0,Lima,Prepago,Mensual,11,26.16,20.2,243,0,0,0,9,1,0
CL101026,34.0,Áncash,Postpago Premium,Anual,73,106.91,41.9,650,0,0,0,11,1,0
CL107317,62.0,La Libertad,Postpago Premium,Mensual,70,128.08,9.2,212,1,0,2,5,1,0
CL106392,36.0,Junín,Prepago,Mensual,22,22.22,15.4,157,1,0,4,0,1,0
CL102979,42.0,Cusco,Postpago Plus,Mensual,14,76.65,12.6,463,2,0,1,0,1,0
CL106605,54.0,Junín,Prepago,Mensual,8,25.72,7.2,256,0,0,4,0,1,1
CL104663,52.0,Lima,Prepago,Mensual,50,19.14,3.2,396,1,0,2,0,0,0
CL105456,48.0,Junín,Prepago,Mensual,9,29.21,14.7,347,0,0,1,10,1,1
CL103522,49.0,Lima,Prepago,Mensual,15,31.48,1.9,236,0,1,2,1,1,1
CL100202,50.0,Junín,Postpago Básico,Mensual,9,51.8,26.3,513,1,1,0,4,1,0
CL100439,44.0,Lambayeque,Postpago Básico,Mensual,15,40.41,14.9,349,2,1,0,0,1,0
CL103249,27.0,Junín,Postpago Básico,Mensual,27,48.54,18.8,335,2,0,1,3,0,1
CL106370,38.0,Áncash,Postpago Plus,Anual,10,85.87,10.4,622,0,0,1,2,1,0
CL101173,46.0,Lambayeque,Postpago Plus,Anual,6,77.67,10.1,658,1,1,2,0,0,0
CL100981,22.0,Junín,Postpago Plus,Anual,4,57.13,18.5,461,0,1,2,10,1,0
CL101287,54.0,Lima,Prepago,Mensual,8,19.62,18.6,256,0,0,3,3,1,0
CL101298,58.0,Cusco,Postpago Plus,Anual,9,65.53,10.5,306,0,0,0,19,0,0
CL106149,23.0,Junín,Postpago Plus,Mensual,4,69.09,25.9,552,1,0,0,3,1,0
CL106310,50.0,Cusco,Prepago,Mensual,85,28.88,18.7,288,0,0,2,0,1,0
CL105721,30.0,Lima,Prepago,Mensual,23,19.97,6.1,132,1,2,2,1,1,0
CL100497,33.0,Áncash,Postpago Básico,Anual,24,48.89,33.5,172,0,1,1,14,0,1
CL103492,21.0,Lima,Postpago Plus,18 meses,60,62.33,11.9,416,0,2,3,0,1,0
CL107126,54.0,La Libertad,Prepago,Mensual,22,20.99,6.0,697,0,0,1,5,0,0
CL101857,52.0,Piura,Prepago,Mensual,16,21.56,16.2,282,2,2,3,9,1,0
CL104934,34.0,Lima,Postpago Básico,18 meses,8,49.57,4.5,380,0,3,0,0,0,1
CL101910,18.0,Lima,Prepago,Mensual,1,23.93,3.6,343,0,0,0,4,1,0
CL100853,32.0,Cusco,Postpago Premium,Anual,2,104.57,24.6,485,1,0,1,1,1,0
CL103035,37.0,Arequipa,Postpago Plus,Anual,79,74.21,47.6,467,0,3,0,5,1,0
CL105671,34.0,Lambayeque,Postpago Plus,18 meses,3,66.73,6.1,337,0,0,1,10,1,0
CL102209,18.0,Lima,Prepago,Mensual,16,22.05,14.9,351,0,1,1,1,1,0
CL106344,60.0,Lima,Prepago,Mensual,8,27.24,3.4,188,1,1,2,2,0,1
CL107385,40.0,Cusco,Postpago Plus,18 meses,29,80.08,18.0,429,0,0,1,1,0,0
CL106840,41.0,Lambayeque,Postpago Plus,18 meses,17,79.97,3.9,454,0,3,2,5,1,0
CL105211,77.0,Arequipa,Prepago,Mensual,8,26.79,12.3,0,0,0,0,0,1,0
CL107398,18.0,La Libertad,Postpago Premium,Anual,15,90.25,43.0,648,0,0,2,0,1,0
CL104751,61.0,Lima,Postpago Básico,18 meses,27,51.15,43.8,522,1,2,0,7,1,0
CL105346,30.0,Piura,Postpago Plus,18 meses,40,64.4,30.9,428,3,1,0,0,1,0
CL102060,75.0,La Libertad,Postpago Premium,Mensual,1,100.29,10.4,432,0,1,1,0,1,1
CL104648,51.0,Lima,Prepago,Mensual,2,20.06,8.6,339,1,1,1,1,0,0
CL101472,53.0,Cusco,Prepago,Mensual,8,24.59,11.7,195,0,0,0,10,1,0
CL103619,18.0,Lima,Postpago Premium,Anual,8,114.53,14.6,713,0,2,2,4,0,0
CL100302,39.0,Lima,Postpago Básico,Anual,42,50.07,64.4,369,1,1,2,17,1,0
CL100030,18.0,Lima,Postpago Plus,Mensual,5,79.79,10.5,495,2,0,2,1,1,0
CL102121,51.0,Arequipa,Prepago,Mensual,15,29.96,2.7,326,3,1,1,9,1,0
CL103340,29.0,Arequipa,Prepago,Mensual,21,25.03,17.8,106,1,2,3,4,1,0
CL103512,24.0,Lima,Postpago Premium,18 meses,13,106.24,,424,0,1,2,0,1,0
CL104232,54.0,Lima,Postpago Plus,Mensual,37,64.68,59.1,132,0,0,0,7,1,0
CL100976,61.0,Lima,Postpago Básico,Anual,1,36.33,9.6,198,0,1,0,8,0,1
CL102890,,La Libertad,Prepago,Mensual,11,27.46,5.1,471,0,0,2,6,1,0
CL102230,36.0,Junín,Prepago,Mensual,5,25.69,8.7,298,1,1,2,0,1,0
CL105883,37.0,Lima,Postpago Premium,Anual,4,137.86,,643,1,3,0,0,1,0
CL106736,21.0,Junín,Prepago,Mensual,73,21.17,10.0,40,0,0,3,0,1,1
CL102642,24.0,Áncash,Postpago Básico,Mensual,1,42.42,31.4,362,0,1,1,6,1,0
CL105249,43.0,Lima,Postpago Plus,Mensual,19,45.15,46.3,600,0,1,1,9,1,0
CL103519,45.0,Cusco,Postpago Plus,Mensual,56,79.34,9.5,354,0,1,1,3,1,0
CL107043,54.0,Piura,Prepago,Mensual,11,21.92,24.7,259,0,1,0,0,1,0
CL106841,35.0,Cusco,Postpago Premium,18 meses,6,112.28,29.9,511,0,0,0,1,0,0
CL101467,49.0,La Libertad,Prepago,Mensual,34,30.82,17.1,231,0,1,0,6,1,0
CL106118,35.0,Junín,Postpago Plus,Mensual,8,74.1,63.5,530,0,1,1,4,1,0
CL101411,24.0,Lima,Postpago Premium,Mensual,13,109.6,21.8,322,0,1,0,0,1,0
CL105661,61.0,La Libertad,Prepago,Mensual,3,28.77,13.3,390,1,0,1,4,1,0
CL102220,39.0,Lima,Prepago,Mensual,9,29.65,10.3,416,2,1,0,0,0,0
CL105593,43.0,Lima,Prepago,Mensual,10,31.73,11.1,367,0,2,3,0,1,1
CL106758,30.0,Arequipa,Postpago Básico,Anual,1,46.62,,416,0,0,0,1,0,0
CL105016,36.0,Lima,Postpago Básico,Mensual,96,44.82,9.6,436,2,0,0,1,1,0
CL104890,,Lima,Prepago,Mensual,34,24.76,15.5,219,2,1,1,4,1,0
CL107355,33.0,Lima,Postpago Básico,Anual,3,41.57,8.7,493,1,2,0,7,1,0
CL100635,29.0,La Libertad,Prepago,Mensual,52,35.04,8.1,393,0,2,0,0,1,0
CL100295,34.0,Lima,Postpago Premium,18 meses,44,101.14,29.3,493,0,0,2,2,1,0
CL103557,54.0,La Libertad,Postpago Premium,Anual,2,78.31,21.5,451,0,0,0,1,1,0
CL102804,43.0,Arequipa,Prepago,Mensual,20,18.21,4.7,351,0,0,1,1,1,0
CL101477,18.0,Lima,Postpago Premium,Mensual,96,119.6,47.2,470,1,0,1,0,0,0
CL101690,34.0,Lima,Postpago Plus,Mensual,37,100.27,8.6,425,2,0,0,2,1,0
CL106820,18.0,Áncash,Postpago Básico,Mensual,17,47.41,18.3,391,0,2,0,7,1,0
CL104203,18.0,Junín,Postpago Básico,Mensual,6,42.72,38.3,659,0,0,0,6,0,0
CL102994,18.0,Cusco,Postpago Básico,Anual,43,36.01,31.9,357,1,1,1,9,1,0
CL106104,62.0,Junín,Postpago Básico,18 meses,24,51.98,7.4,383,0,0,2,2,1,0
CL104365,49.0,Arequipa,Prepago,Mensual,13,22.86,8.7,151,1,0,1,0,1,0
CL103683,21.0,Lima,Postpago Básico,18 meses,41,43.57,32.4,444,1,1,0,2,0,0
CL105880,,Lambayeque,Prepago,Mensual,35,22.62,5.4,108,0,0,0,2,1,0
CL100835,43.0,Lambayeque,Postpago Básico,Anual,7,49.54,14.1,195,1,0,0,0,1,0
CL103960,50.0,Arequipa,Prepago,Mensual,44,24.2,11.8,224,3,1,0,1,1,0
CL102500,,Lima,Prepago,Mensual,4,26.4,4.7,141,2,3,1,15,1,0
CL101015,27.0,Piura,Prepago,Mensual,15,25.72,12.6,359,0,1,1,4,1,0
CL100392,41.0,Arequipa,Postpago Básico,18 meses,87,34.09,,522,0,0,3,5,1,0
CL105815,18.0,Lima,Postpago Plus,Mensual,5,62.15,52.5,382,0,0,4,4,1,0
CL107053,32.0,Lima,Postpago Básico,Mensual,39,57.5,31.7,365,0,2,2,3,1,0
CL106298,21.0,Cusco,Prepago,Mensual,15,21.53,7.5,152,0,0,0,2,1,0
CL102229,18.0,Lima,Postpago Básico,Anual,6,52.34,5.6,220,0,1,2,1,0,0
CL106219,50.0,La Libertad,Postpago Básico,18 meses,4,48.1,5.2,493,1,1,0,1,0,0
CL100170,40.0,Cusco,Prepago,Mensual,12,28.22,23.6,473,0,0,2,5,0,1
CL102419,42.0,Lima,Postpago Premium,Mensual,15,88.61,15.0,541,1,0,0,0,1,0
CL100117,33.0,Piura,Postpago Plus,Mensual,96,89.33,8.5,357,0,0,1,2,0,0
CL104118,43.0,Lima,Prepago,Mensual,8,24.62,9.5,287,0,1,1,1,1,0
CL104728,50.0,La Libertad,Postpago Básico,Mensual,10,48.32,,370,0,3,0,1,1,0
CL100444,21.0,La Libertad,Prepago,Mensual,14,25.5,13.0,262,0,1,0,0,1,0
CL102809,46.0,Arequipa,Prepago,Mensual,6,27.06,,244,0,2,0,4,1,1
CL107410,49.0,Arequipa,Postpago Plus,Anual,1,78.02,26.1,406,0,1,0,2,1,0
CL100649,49.0,Lima,Prepago,Mensual,18,22.61,10.0,249,2,1,0,0,1,0
CL105163,43.0,Junín,Postpago Básico,Anual,29,42.53,32.6,639,0,2,3,3,1,0
CL104558,32.0,Lambayeque,Prepago,Mensual,32,25.47,7.4,210,0,2,0,0,1,1
CL102536,34.0,Lima,Postpago Plus,Anual,30,81.49,33.5,410,2,1,1,4,1,0
CL103295,29.0,Arequipa,Postpago Premium,18 meses,13,123.13,51.3,322,0,0,1,3,1,0
CL100827,18.0,Lima,Prepago,Mensual,3,25.34,5.8,281,2,0,1,7,0,0
CL106309,22.0,Arequipa,Postpago Plus,18 meses,28,43.89,29.4,651,0,0,1,1,0,0
CL102622,48.0,Áncash,Prepago,Mensual,7,20.86,9.1,444,3,1,0,7,1,0
CL107222,39.0,Junín,Postpago Básico,Mensual,78,45.35,25.6,391,0,1,2,2,0,0
CL106054,50.0,La Libertad,Prepago,Mensual,36,20.93,13.3,41,2,0,2,0,1,0
CL104191,35.0,La Libertad,Postpago Plus,Mensual,28,48.8,5.9,429,1,0,2,4,1,0
CL101554,28.0,Cusco,Prepago,Mensual,13,24.33,2.3,264,2,0,1,1,1,0
CL102686,53.0,Lima,Prepago,Mensual,19,21.18,12.7,270,1,1,0,4,0,0
CL101470,38.0,Lima,Postpago Premium,Mensual,34,128.26,23.5,654,0,2,3,6,1,1
CL102382,28.0,Lima,Prepago,Mensual,13,20.95,8.5,205,2,1,1,8,0,1
CL101716,54.0,Arequipa,Prepago,Mensual,9,22.33,7.4,217,1,0,0,11,1,0
CL104183,18.0,Cusco,Postpago Básico,18 meses,6,39.18,21.2,285,0,2,1,1,1,0
CL106726,25.0,Cusco,Prepago,Mensual,58,28.68,8.4,133,2,1,1,7,0,0
CL106147,54.0,La Libertad,Prepago,Mensual,34,32.26,8.0,270,1,1,0,0,0,0
CL106535,41.0,La Libertad,Prepago,Mensual,3,22.03,37.8,368,3,0,0,3,1,0
CL100929,24.0,Junín,Postpago Plus,Anual,32,61.61,6.0,473,2,0,2,2,1,0
CL101009,61.0,Lima,Postpago Básico,Mensual,73,30.55,4.1,510,1,2,2,0,1,0
CL101347,20.0,Piura,Prepago,Mensual,28,29.95,8.2,185,1,0,2,2,1,0
CL103709,55.0,Junín,Postpago Plus,Anual,29,64.77,9.3,295,1,1,0,12,0,0
CL101661,18.0,Piura,Postpago Básico,Anual,1,39.3,19.0,295,0,2,0,1,1,0
CL101641,51.0,Junín,Prepago,Mensual,96,21.98,9.0,324,1,0,0,1,1,0
CL106683,30.0,Lima,Postpago Plus,Anual,9,90.22,1.4,479,0,1,2,3,1,0
CL103944,59.0,Arequipa,Prepago,Mensual,10,23.7,1.1,298,3,2,1,1,1,1
CL106811,35.0,Junín,Prepago,Mensual,86,24.31,13.1,579,1,0,3,21,1,0
CL101839,56.0,Áncash,Postpago Plus,Anual,23,77.58,14.3,512,0,1,1,6,1,0
CL104102,36.0,Lima,Postpago Básico,Mensual,33,40.31,41.5,377,2,1,0,0,1,0
CL104227,36.0,Lambayeque,Prepago,Mensual,45,17.29,4.8,152,1,0,4,6,1,0
CL103237,44.0,Lima,Prepago,Mensual,6,31.15,21.7,275,2,1,0,4,1,0
CL102373,22.0,Junín,Prepago,Mensual,17,19.62,5.6,399,0,0,0,4,1,0
CL107078,29.0,Arequipa,Prepago,Mensual,1,31.91,10.7,200,0,2,1,5,0,0
CL100627,32.0,Lambayeque,Prepago,Mensual,1,26.43,15.6,245,0,1,3,3,0,1
CL105726,64.0,Cusco,Postpago Básico,18 meses,22,40.29,14.8,617,1,1,3,0,0,1
CL102152,42.0,Áncash,Postpago Plus,18 meses,96,84.84,3.9,455,0,0,0,0,1,0
CL103114,45.0,Lima,Postpago Básico,Mensual,16,46.49,14.9,318,1,2,1,0,1,0
CL102199,44.0,Lima,Postpago Básico,Mensual,18,51.34,26.4,272,1,2,0,0,1,0
CL105673,56.0,Lima,Postpago Básico,Mensual,9,46.67,18.8,288,1,1,1,0,1,0
CL102651,18.0,Áncash,Postpago Básico,Mensual,47,44.28,29.3,470,0,0,1,2,0,0
CL102939,18.0,Lima,Prepago,Mensual,81,29.14,9.8,228,0,2,1,0,0,0
CL103518,36.0,La Libertad,Postpago Básico,Mensual,4,49.43,11.2,331,0,3,1,2,0,0
CL105601,24.0,Lima,Prepago,Mensual,3,30.72,8.5,305,0,0,1,0,0,0
CL102435,31.0,Lima,Postpago Premium,Anual,96,118.17,30.4,747,0,0,2,0,1,0
CL101670,50.0,Lima,Prepago,Mensual,4,21.35,11.4,324,1,0,1,1,0,0
CL102240,53.0,Piura,Prepago,Mensual,47,24.51,3.7,341,2,1,2,5,0,0
CL105690,46.0,Lima,Postpago Básico,Mensual,17,34.61,12.0,464,0,1,1,2,1,0
CL104491,18.0,Piura,Postpago Plus,Anual,7,84.59,17.7,492,0,2,2,0,1,0
CL103030,50.0,Lambayeque,Postpago Plus,Mensual,6,63.51,50.2,503,1,1,0,6,1,1
CL106563,33.0,Arequipa,Postpago Premium,Mensual,35,126.25,12.0,569,2,1,1,1,1,0
CL103266,18.0,Lima,Prepago,Mensual,13,21.71,9.5,241,0,2,1,1,1,0
CL100536,43.0,Lambayeque,Postpago Básico,Mensual,2,37.33,11.8,351,3,0,2,10,1,0
CL103602,18.0,Junín,Postpago Básico,Anual,21,52.63,13.4,355,0,1,1,0,0,0
CL102692,57.0,Cusco,Postpago Plus,Mensual,5,74.64,24.2,543,0,0,2,2,0,0
CL106191,44.0,Áncash,Prepago,Mensual,6,26.34,2.7,348,0,1,2,3,1,0
CL102936,32.0,Lima,Prepago,Mensual,4,22.78,14.5,440,2,0,2,5,1,0
CL106564,34.0,Arequipa,Postpago Básico,18 meses,55,51.51,11.9,367,0,0,3,15,0,0
CL105938,69.0,Lima,Postpago Básico,18 meses,7,33.17,18.4,546,1,1,2,3,1,0
CL103836,67.0,Lima,Postpago Plus,Mensual,2,63.96,9.9,505,1,0,2,5,0,1
CL102764,40.0,Arequipa,Prepago,Mensual,13,33.22,2.8,245,1,2,0,14,1,1
CL103269,50.0,Lambayeque,Prepago,Mensual,39,20.65,18.4,255,0,1,0,6,1,0
CL107480,53.0,Junín,Postpago Básico,Mensual,6,37.36,2.8,494,1,3,1,2,1,0
CL107232,31.0,Áncash,Prepago,Mensual,71,24.4,3.6,218,0,1,1,1,0,0
CL101657,56.0,Lambayeque,Postpago Plus,Anual,7,83.85,54.9,310,0,2,0,0,1,0
CL103257,54.0,La Libertad,Prepago,Mensual,3,21.07,4.6,60,1,2,2,6,1,0
CL103914,36.0,Lima,Postpago Básico,Anual,3,35.97,13.0,439,0,0,1,5,1,0
CL104652,53.0,Piura,Prepago,Mensual,24,23.91,3.0,246,0,2,4,11,0,1
CL104854,20.0,Lima,Prepago,Mensual,3,20.38,19.0,526,3,3,0,1,0,1
CL103504,44.0,Lima,Postpago Plus,18 meses,18,63.4,6.4,527,1,1,0,3,1,0
CL107271,19.0,Cusco,Postpago Premium,Mensual,15,119.0,8.9,550,2,1,0,8,0,1
CL105237,32.0,Lima,Prepago,Mensual,5,22.88,16.2,392,1,0,4,4,1,0
CL100769,42.0,Áncash,Postpago Básico,Mensual,41,45.12,3.5,453,1,3,0,8,1,0
CL104024,45.0,Arequipa,Postpago Plus,Mensual,33,76.36,7.0,248,0,0,0,0,0,0
CL106476,18.0,Lima,Postpago Plus,18 meses,11,75.12,3.6,530,0,2,3,0,0,1
CL106777,43.0,Lima,Postpago Básico,Mensual,11,44.61,7.5,392,0,1,0,5,0,1
CL104712,51.0,Lima,Postpago Básico,Anual,62,60.81,20.3,358,1,2,1,3,1,0
CL106941,43.0,Lima,Postpago Básico,Mensual,1,35.19,13.0,424,1,1,0,1,1,0
CL106756,24.0,Piura,Postpago Plus,Anual,60,70.38,3.7,283,0,2,0,0,1,0
CL100442,60.0,Lima,Postpago Plus,Mensual,22,62.48,30.1,500,1,0,0,3,1,0
CL105448,47.0,Lima,Postpago Básico,Mensual,10,36.13,,447,1,2,1,5,1,1
CL105162,55.0,Lima,Prepago,Mensual,4,20.07,25.3,352,0,1,2,0,1,1
CL104750,40.0,Lima,Prepago,Mensual,1,29.68,3.5,269,0,1,0,0,1,0
CL104412,58.0,Lima,Postpago Plus,Anual,69,42.5,22.5,548,0,0,3,0,1,0
CL102769,18.0,Lima,Postpago Premium,Anual,51,130.9,11.8,758,1,0,2,1,1,0
CL104307,18.0,Lima,Prepago,Mensual,28,21.26,12.3,258,0,3,2,4,0,1
CL104871,24.0,Arequipa,Prepago,Mensual,76,24.68,2.0,297,0,1,2,1,1,0
CL106035,35.0,Lambayeque,Postpago Plus,Anual,21,65.37,11.8,560,1,1,0,0,1,0
CL102963,39.0,Lima,Postpago Básico,Mensual,27,37.88,1.4,245,0,0,0,5,1,0
CL105092,48.0,La Libertad,Prepago,Mensual,12,21.74,2.4,401,0,2,0,1,0,1
CL101519,,Áncash,Prepago,Mensual,96,25.74,24.1,405,0,0,2,16,0,1
CL105765,47.0,Arequipa,Postpago Básico,Anual,17,48.4,11.0,217,0,0,1,0,1,0
CL100156,31.0,Lima,Prepago,Mensual,48,22.77,19.8,174,2,0,2,17,1,0
CL103121,30.0,Lima,Prepago,Mensual,15,21.06,8.0,280,0,0,0,0,1,0
CL100256,52.0,Cusco,Postpago Plus,Mensual,13,60.74,43.2,572,0,1,1,2,0,0
CL103197,53.0,Lima,Prepago,Mensual,20,27.86,20.9,273,0,0,1,4,1,0
CL103564,46.0,Cusco,Postpago Premium,Mensual,43,67.28,22.3,482,0,2,3,7,1,0
CL102550,40.0,Lima,Postpago Básico,18 meses,7,37.04,15.4,360,2,0,0,4,1,0
CL102141,27.0,Lima,Postpago Básico,Mensual,26,48.56,42.5,362,1,1,1,0,0,0
CL101503,55.0,Lima,Postpago Básico,Anual,3,51.63,26.2,241,2,1,2,1,0,0
CL103935,55.0,La Libertad,Prepago,Mensual,10,29.7,14.6,464,2,0,0,3,1,0
CL101012,27.0,Lambayeque,Postpago Básico,18 meses,2,48.92,8.6,145,2,0,1,4,1,0
CL102874,41.0,Lima,Prepago,Mensual,14,33.16,8.8,202,0,0,3,1,1,1
CL102829,,Lambayeque,Postpago Plus,Anual,5,63.39,18.2,480,0,2,1,1,0,0
CL102944,23.0,Lima,Prepago,Mensual,96,21.02,9.1,416,1,1,2,8,1,0
CL106570,35.0,Arequipa,Postpago Plus,Anual,12,72.96,11.3,614,1,0,1,1,1,0
CL106918,53.0,Lima,Prepago,Mensual,31,21.17,14.2,455,2,0,4,0,0,0
CL107100,41.0,La Libertad,Prepago,Mensual,16,22.2,35.4,284,2,0,4,2,1,0
CL101445,64.0,Lima,Postpago Básico,18 meses,20,47.78,36.9,497,0,1,1,4,0,0
CL106235,39.0,Lima,Prepago,Mensual,34,25.9,19.1,209,3,2,1,2,0,0
CL103175,48.0,La Libertad,Prepago,Mensual,13,30.51,10.5,235,0,0,1,0,1,0
CL104758,39.0,La Libertad,Prepago,Mensual,2,24.25,1.6,605,0,1,0,1,0,0
CL100093,35.0,La Libertad,Postpago Básico,Mensual,27,39.24,7.2,552,1,0,1,15,1,0
CL101765,31.0,Lima,Prepago,Mensual,2,23.15,14.4,89,2,0,0,3,0,0
CL107054,34.0,Lima,Prepago,Mensual,23,24.89,2.3,367,1,1,2,2,1,0
CL103280,46.0,Cusco,Postpago Básico,18 meses,3,39.88,14.4,293,1,0,2,1,0,0
CL102538,41.0,Lima,Prepago,Mensual,33,26.64,13.8,234,0,0,2,0,1,0
CL104460,45.0,La Libertad,Postpago Básico,18 meses,66,57.02,28.2,98,0,1,1,2,1,0
CL103859,38.0,Áncash,Prepago,Mensual,7,30.02,6.8,176,2,0,1,5,1,0
CL105737,33.0,Cusco,Postpago Básico,Anual,40,50.91,22.6,281,1,2,0,15,0,0
CL102728,44.0,Junín,Postpago Básico,Anual,10,46.24,7.9,304,1,0,0,13,1,0
CL106267,33.0,Arequipa,Postpago Plus,Mensual,14,66.71,5.2,432,1,1,1,0,1,0
CL102664,42.0,Lima,Postpago Básico,18 meses,2,54.53,15.9,623,0,1,3,0,1,0
CL102798,33.0,Lima,Postpago Básico,Mensual,96,39.8,14.6,313,1,0,2,4,0,0
CL104661,57.0,Lima,Postpago Premium,18 meses,19,119.97,23.6,487,2,0,2,12,1,0
CL101899,26.0,Arequipa,Prepago,Mensual,23,17.7,,167,3,1,1,13,1,1
CL102042,50.0,Piura,Postpago Básico,18 meses,3,45.3,17.7,325,0,1,2,0,1,0
CL101249,18.0,Lima,Postpago Premium,Anual,38,84.33,8.8,495,0,0,2,1,0,0
CL101046,39.0,Áncash,Prepago,Mensual,10,27.7,3.8,284,3,1,0,6,0,1
CL100209,43.0,Lima,Postpago Básico,Mensual,1,41.05,22.6,448,1,0,1,5,0,0
CL106907,19.0,Arequipa,Postpago Plus,Anual,16,74.61,10.1,485,0,1,1,1,0,0
CL105511,37.0,Arequipa,Postpago Básico,18 meses,3,41.99,26.1,500,1,1,0,1,1,0
CL100477,36.0,Lima,Postpago Básico,Anual,96,46.83,44.8,318,0,1,0,3,1,0
CL105080,53.0,La Libertad,Prepago,Mensual,62,24.71,7.1,238,2,1,0,3,0,0
CL105649,25.0,Arequipa,Prepago,Mensual,2,22.71,8.8,241,2,0,0,1,1,0
CL106771,46.0,Piura,Postpago Básico,Mensual,15,46.16,11.0,427,0,1,2,0,0,1
CL105508,44.0,Lima,Postpago Plus,Mensual,4,73.75,11.8,541,0,1,1,0,1,1
CL104106,39.0,Lima,Postpago Plus,Mensual,14,72.52,22.0,247,0,1,3,4,1,0
CL102348,53.0,Áncash,Prepago,Mensual,49,26.61,8.4,254,0,0,2,3,1,0
CL102263,26.0,Lambayeque,Prepago,Mensual,6,22.8,2.6,312,1,0,2,11,1,0
CL102170,18.0,Lambayeque,Postpago Básico,Anual,16,47.0,6.2,453,0,1,0,1,1,0
CL100386,35.0,La Libertad,Postpago Plus,Anual,18,77.78,42.8,507,0,1,3,9,0,0
CL106562,40.0,Arequipa,Prepago,Mensual,41,22.18,22.0,252,0,0,3,1,1,0
CL105919,59.0,Junín,Prepago,Mensual,4,20.81,4.4,60,0,0,1,2,1,0
CL103768,41.0,Cusco,Postpago Básico,Anual,4,43.6,13.5,222,1,2,3,0,1,0
CL102794,27.0,Piura,Postpago Plus,Mensual,10,57.89,15.9,433,0,1,1,9,0,1
CL105965,,Lambayeque,Prepago,Mensual,19,28.16,,73,1,0,1,0,1,0
CL106071,18.0,Junín,Prepago,Mensual,2,33.29,5.3,256,0,1,0,5,0,0
CL103252,18.0,Lima,Prepago,Mensual,13,31.57,15.7,281,0,1,0,2,1,0
CL100999,53.0,Lima,Prepago,Mensual,13,29.11,5.2,395,1,0,2,6,1,0
CL101339,21.0,Lima,Prepago,Mensual,14,23.34,2.7,306,1,0,1,7,0,0
CL107167,31.0,La Libertad,Prepago,Mensual,3,21.62,7.1,343,0,2,3,0,1,0
CL104257,31.0,Lambayeque,Postpago Básico,Mensual,80,53.44,10.9,371,1,0,3,11,1,0
CL105889,34.0,Lambayeque,Prepago,Mensual,24,28.47,2.6,270,3,1,3,5,1,1
CL104163,31.0,Junín,Postpago Básico,Anual,7,47.76,23.6,465,1,0,0,0,1,0
CL106478,24.0,Lima,Prepago,Mensual,34,16.51,11.5,183,0,0,2,0,0,0
CL105061,31.0,Lima,Prepago,Mensual,13,31.33,11.8,248,0,0,0,13,0,0
CL101305,60.0,Lambayeque,Postpago Premium,Anual,55,115.85,11.2,411,0,1,1,10,1,0
CL102425,50.0,La Libertad,Postpago Plus,18 meses,22,59.94,12.8,395,0,0,0,2,1,0
CL102201,47.0,Lambayeque,Postpago Premium,Anual,10,115.08,11.8,558,0,2,1,8,1,0
CL106294,47.0,Lima,Prepago,Mensual,18,30.0,14.2,86,1,0,1,3,1,0
CL107489,43.0,Áncash,Prepago,Mensual,71,29.37,8.9,312,0,0,1,7,1,0
CL106780,21.0,Áncash,Postpago Básico,Anual,60,51.04,6.2,384,0,0,1,3,1,1
CL101335,34.0,Áncash,Postpago Plus,Mensual,20,86.72,29.7,722,1,1,0,2,1,0
CL104422,55.0,Junín,Postpago Básico,Anual,34,29.38,21.3,431,0,1,2,3,1,0
CL104496,18.0,Lima,Postpago Básico,Anual,16,36.18,14.1,490,1,1,1,0,0,0
CL103273,23.0,Lima,Postpago Plus,Anual,20,75.75,6.1,371,3,0,0,3,0,0
CL102554,30.0,Lima,Prepago,Mensual,4,31.81,2.8,455,0,0,1,8,1,1
CL101579,,Junín,Postpago Plus,18 meses,44,69.98,17.9,622,0,1,0,1,0,0
CL102656,18.0,Junín,Postpago Básico,Anual,38,39.24,12.7,582,1,0,0,0,1,0
CL102264,35.0,Arequipa,Postpago Básico,18 meses,2,41.66,15.1,541,1,0,0,5,1,0
CL107200,47.0,Lima,Prepago,Mensual,41,24.53,9.2,510,0,2,1,6,1,0
CL106121,26.0,Lambayeque,Prepago,Mensual,4,19.47,14.6,325,0,1,1,1,1,0
CL105813,31.0,Lima,Postpago Plus,Anual,16,82.19,24.1,433,0,0,1,12,1,0
CL102467,28.0,Arequipa,Postpago Básico,Mensual,71,49.54,7.1,433,1,0,2,9,1,0
CL103379,55.0,Lima,Postpago Premium,18 meses,6,130.84,36.7,516,0,1,1,6,1,0
CL101978,36.0,Áncash,Postpago Plus,18 meses,44,52.58,19.1,502,0,1,0,0,1,0
CL107025,49.0,Piura,Postpago Básico,Mensual,17,31.94,3.2,381,1,1,2,0,0,0
CL102134,18.0,Junín,Postpago Básico,Mensual,88,43.64,17.8,203,1,0,2,0,0,0
CL106437,37.0,Lambayeque,Prepago,Mensual,2,24.15,4.3,225,0,0,1,12,1,0
CL106804,35.0,Piura,Postpago Plus,Anual,60,55.97,18.6,297,1,0,5,6,1,0
CL106473,19.0,Piura,Postpago Básico,Anual,44,54.62,3.5,114,1,0,0,7,1,0
CL100082,29.0,Áncash,Postpago Plus,Mensual,2,66.25,11.4,539,0,2,2,0,1,0
CL105308,18.0,Lima,Prepago,Mensual,6,24.07,19.3,285,0,1,0,0,1,0
CL105209,33.0,Cusco,Prepago,Mensual,60,20.02,5.4,254,1,0,0,0,1,0
CL107060,18.0,Lima,Prepago,Mensual,5,23.8,28.3,367,1,1,0,3,1,0
CL100608,18.0,Lima,Postpago Plus,Mensual,96,74.03,6.0,363,0,1,0,1,0,0
CL102345,31.0,Lima,Prepago,Mensual,20,22.27,8.3,279,0,1,0,5,1,0
CL100685,65.0,Lima,Prepago,Mensual,7,26.05,6.5,275,0,0,1,0,1,1
CL102771,64.0,Piura,Postpago Plus,Mensual,15,73.99,19.2,656,0,0,3,4,0,1
CL101491,33.0,Lima,Postpago Plus,18 meses,1,79.06,11.8,781,2,1,1,4,0,0
CL105161,58.0,Lima,Postpago Premium,18 meses,16,132.3,6.8,510,0,0,3,0,1,1
CL102609,63.0,Lambayeque,Prepago,Mensual,34,28.62,17.2,433,0,1,1,5,1,0
CL103389,32.0,Áncash,Prepago,Mensual,47,29.97,13.8,221,1,0,1,0,0,0
CL101110,47.0,Lambayeque,Prepago,Mensual,18,26.35,7.5,273,0,0,1,0,1,0
CL107381,35.0,Lima,Prepago,Mensual,12,21.57,11.3,233,0,0,1,1,0,1
CL102655,36.0,Piura,Postpago Premium,Mensual,45,119.2,53.2,538,1,1,1,1,1,0
CL106905,39.0,Lima,Postpago Plus,Mensual,23,65.85,15.8,411,3,1,2,1,1,0
CL103558,33.0,Lima,Postpago Básico,Anual,43,48.51,25.6,274,0,0,0,9,1,0
CL101723,18.0,Lima,Postpago Básico,Anual,47,49.34,10.0,249,0,0,0,9,1,0
CL101312,54.0,Lima,Postpago Básico,Anual,23,43.15,7.7,300,2,1,0,0,1,1
CL101802,20.0,La Libertad,Prepago,Mensual,19,22.59,8.9,281,1,0,2,0,0,0
CL102787,36.0,Piura,Postpago Básico,18 meses,53,51.5,15.2,312,0,1,2,8,0,0
CL103315,47.0,Cusco,Prepago,Mensual,10,23.55,10.8,496,0,1,2,2,1,1
CL103995,41.0,Lima,Prepago,Mensual,1,30.16,7.0,270,0,3,0,4,1,1
CL100203,23.0,Piura,Prepago,Mensual,5,25.54,1.3,266,1,1,2,22,1,1
CL104952,34.0,La Libertad,Prepago,Mensual,25,29.21,15.6,343,0,1,3,7,0,0
CL107249,49.0,Áncash,Postpago Básico,Anual,26,37.82,40.4,339,0,1,0,3,1,1
CL106381,33.0,La Libertad,Postpago Plus,Anual,70,91.49,25.3,449,3,0,0,0,1,0
CL101550,45.0,Lima,Prepago,Mensual,16,25.18,7.3,363,0,1,2,0,0,0
CL106536,71.0,Lima,Prepago,Mensual,11,26.52,18.1,275,0,0,0,5,1,0
CL103635,,Lima,Prepago,Mensual,7,18.98,9.1,391,1,1,1,0,0,1
CL101454,71.0,La Libertad,Prepago,Mensual,18,26.85,2.6,211,1,0,3,5,1,0
CL105486,53.0,Lima,Postpago Plus,Anual,9,63.4,4.0,469,0,4,1,1,1,0
CL104536,28.0,Piura,Postpago Básico,18 meses,11,47.28,26.1,298,0,1,0,2,1,0
CL107191,41.0,Lima,Prepago,Mensual,7,23.88,8.1,356,0,1,0,0,0,0
CL100588,24.0,Arequipa,Prepago,Mensual,9,26.71,17.3,299,1,0,0,1,1,1
CL105263,40.0,Piura,Postpago Plus,Anual,11,74.35,43.6,286,0,0,0,1,1,0
CL106931,38.0,Lambayeque,Postpago Plus,Mensual,37,58.64,26.6,450,0,2,0,1,1,1
CL105697,44.0,Piura,Postpago Premium,Anual,9,86.81,22.7,598,0,3,1,0,1,0
CL100577,48.0,Lima,Postpago Básico,Mensual,38,54.99,15.6,273,1,2,0,5,0,0
CL107321,18.0,La Libertad,Prepago,Mensual,9,26.86,11.4,482,3,0,1,0,1,0
CL107230,44.0,Junín,Prepago,Mensual,60,23.75,5.4,308,2,1,0,3,0,0
CL100297,50.0,Lima,Postpago Plus,Anual,8,51.72,65.9,708,0,0,0,0,0,0
CL102153,25.0,Piura,Postpago Plus,Mensual,11,80.1,8.2,363,1,1,2,0,0,0
CL101733,48.0,Lima,Prepago,Mensual,37,22.75,15.9,166,0,0,1,2,0,0
CL102262,36.0,Lima,Postpago Básico,Mensual,29,46.37,29.4,376,0,0,0,5,0,0
CL101965,42.0,Piura,Prepago,Mensual,19,26.84,16.0,385,0,0,3,0,1,0
CL103348,26.0,Lima,Postpago Plus,Mensual,81,67.76,19.2,348,0,0,0,13,1,0
CL101727,33.0,Lima,Postpago Plus,Mensual,4,88.4,20.7,375,1,1,4,7,1,1
CL106882,53.0,La Libertad,Postpago Básico,Mensual,59,52.04,6.7,202,1,1,2,5,0,0
CL107174,50.0,Lima,Prepago,Mensual,14,31.43,1.9,363,0,0,2,1,1,0
CL106572,39.0,La Libertad,Postpago Básico,18 meses,55,41.3,8.2,454,1,0,3,3,0,0
CL103929,44.0,Junín,Postpago Premium,Mensual,6,130.34,27.6,524,1,0,1,0,1,0
CL104022,69.0,Lima,Prepago,Mensual,81,25.87,23.9,307,0,1,4,2,1,0
CL107297,31.0,Lima,Prepago,Mensual,10,23.88,12.2,467,0,1,2,7,0,0
CL102682,43.0,Lima,Prepago,Mensual,15,30.82,1.9,241,0,1,4,2,0,0
CL100648,44.0,Lima,Postpago Básico,Mensual,11,36.51,5.7,523,0,1,2,3,1,0
CL101818,27.0,Lima,Postpago Básico,18 meses,34,55.73,11.5,440,0,0,1,3,0,0
CL106853,33.0,Lima,Postpago Básico,Anual,31,42.62,31.4,408,1,0,1,3,1,0
CL106003,28.0,Lima,Prepago,Mensual,6,26.87,13.1,276,0,0,2,3,0,0
CL105776,34.0,Cusco,Postpago Plus,Mensual,56,66.32,30.5,563,1,0,0,0,1,0
CL102031,31.0,Lima,Postpago Básico,18 meses,3,44.54,4.2,274,3,1,3,1,1,0
CL100408,63.0,Piura,Prepago,Mensual,52,27.26,,23,1,3,1,1,0,0
CL107269,46.0,Áncash,Prepago,Mensual,21,27.36,6.4,145,0,1,0,0,1,0
CL104596,35.0,Cusco,Postpago Básico,18 meses,23,50.31,10.6,333,0,1,0,18,0,0
CL104015,20.0,Cusco,Postpago Básico,Mensual,96,57.17,31.8,340,3,0,1,3,1,0
CL102966,41.0,Lambayeque,Prepago,Mensual,36,31.01,2.4,280,3,0,1,3,1,0
CL102775,36.0,Arequipa,Prepago,Mensual,26,21.16,43.7,518,0,1,2,3,0,0
CL101828,42.0,Lima,Postpago Premium,Mensual,8,74.98,108.8,449,1,1,0,6,0,0
CL104769,74.0,La Libertad,Postpago Plus,Mensual,16,83.56,25.9,652,0,1,0,9,0,0
CL106919,33.0,Lambayeque,Postpago Básico,Anual,42,57.18,3.5,434,0,0,4,3,1,0
CL100618,43.0,Junín,Prepago,Mensual,22,30.56,3.6,197,0,1,0,1,1,0
CL103158,36.0,Arequipa,Postpago Premium,18 meses,76,134.33,30.5,620,1,1,0,3,1,0
CL107320,25.0,Áncash,Prepago,Mensual,11,17.88,19.0,315,0,0,2,1,0,0
CL102953,,Arequipa,Postpago Premium,Anual,11,115.31,39.0,575,1,0,2,2,1,1
CL104069,49.0,Arequipa,Prepago,Mensual,48,22.67,9.6,197,0,1,0,0,0,0
CL101076,40.0,Lima,Postpago Básico,Mensual,6,28.26,19.2,444,3,2,2,2,0,0
CL105754,34.0,Lambayeque,Prepago,Mensual,16,22.17,17.2,353,1,0,0,8,1,0
CL102761,18.0,La Libertad,Postpago Premium,Mensual,17,123.5,4.8,441,2,0,1,9,1,1
CL107390,38.0,Lambayeque,Prepago,Mensual,6,28.63,22.8,217,0,0,0,0,1,0
CL100267,32.0,Cusco,Prepago,Mensual,31,24.41,18.5,158,1,0,2,4,0,0
CL105562,40.0,Lima,Prepago,Mensual,10,26.27,18.3,399,0,2,2,17,0,0
CL106337,41.0,La Libertad,Prepago,Mensual,12,18.58,6.5,305,1,1,1,0,1,0
CL102987,42.0,Lima,Postpago Básico,Mensual,96,32.75,38.9,167,1,0,0,0,0,0
CL104228,51.0,Áncash,Postpago Básico,Mensual,15,51.2,16.6,294,3,0,0,5,1,0
CL100712,42.0,Lima,Postpago Plus,Mensual,12,66.62,4.1,388,1,3,3,1,1,0
CL100731,56.0,Arequipa,Prepago,Mensual,10,22.89,3.5,245,0,0,0,0,1,0
CL101766,35.0,Áncash,Postpago Premium,Mensual,96,105.54,19.8,664,0,0,2,0,1,0
CL102251,33.0,Arequipa,Postpago Plus,18 meses,17,61.19,10.8,672,0,0,3,1,0,0
CL101507,27.0,Lima,Postpago Básico,18 meses,46,47.42,6.4,289,0,1,2,6,1,0
CL100863,,Arequipa,Postpago Básico,Mensual,22,38.82,27.3,547,2,1,0,1,1,0
CL100107,44.0,Piura,Prepago,Mensual,14,22.07,11.4,441,0,2,1,2,0,0
CL104012,24.0,Arequipa,Postpago Premium,Anual,22,124.95,47.7,494,0,2,3,4,1,1
CL102711,35.0,La Libertad,Prepago,Mensual,22,29.75,12.0,207,1,1,2,4,1,0
CL103115,31.0,Cusco,Postpago Básico,Mensual,46,39.77,29.5,424,0,1,1,0,1,0
CL105180,32.0,Arequipa,Postpago Básico,Mensual,39,45.29,14.5,196,0,0,1,5,1,0
CL100149,25.0,Lima,Prepago,Mensual,3,25.79,16.6,230,2,1,0,14,0,0
CL103584,41.0,Lima,Postpago Premium,Anual,4,95.93,19.3,519,0,2,1,4,0,0
CL106393,30.0,Piura,Prepago,Mensual,9,25.34,,441,0,2,1,5,1,0
CL100111,37.0,Arequipa,Prepago,Mensual,40,26.37,3.8,237,0,0,1,7,1,0
CL102004,42.0,La Libertad,Prepago,Mensual,40,25.16,2.0,95,1,0,1,5,1,0
CL101291,57.0,Lima,Postpago Básico,18 meses,12,46.55,32.1,389,0,0,1,0,1,0
CL107125,22.0,La Libertad,Postpago Premium,Mensual,31,141.45,6.8,518,0,0,2,1,1,0
CL104844,51.0,Áncash,Postpago Básico,Mensual,29,52.45,13.4,213,1,4,1,5,1,0
CL100204,34.0,La Libertad,Prepago,Mensual,19,30.65,9.8,460,0,0,0,0,1,0
CL104063,41.0,Junín,Postpago Básico,18 meses,14,52.91,20.9,478,1,0,1,1,1,0
CL100950,45.0,Junín,Postpago Básico,18 meses,14,45.12,21.7,420,2,0,1,4,1,0
CL100842,39.0,Áncash,Postpago Básico,Mensual,26,57.35,3.6,396,0,0,2,3,1,0
CL100643,38.0,Arequipa,Prepago,Mensual,7,29.47,4.3,314,0,0,2,0,1,0
CL102811,46.0,Lima,Postpago Plus,Mensual,31,73.84,11.7,286,1,0,1,14,1,0
CL103610,40.0,Lima,Postpago Básico,Mensual,5,27.91,11.7,430,2,0,0,1,1,0
CL102861,36.0,Lima,Postpago Básico,Anual,68,52.23,19.1,434,1,1,1,0,1,0
CL102896,38.0,Arequipa,Postpago Premium,Mensual,16,81.18,51.0,630,0,2,0,12,1,0
CL100489,31.0,Arequipa,Postpago Básico,Mensual,15,37.13,24.0,268,3,1,2,1,1,1
CL102451,60.0,Lima,Postpago Plus,Anual,31,50.79,33.7,460,0,0,3,9,1,0
CL105489,38.0,La Libertad,Postpago Plus,Anual,10,59.43,13.3,465,0,1,4,3,0,1
CL100784,44.0,Lima,Postpago Premium,Mensual,31,125.72,24.7,608,0,1,0,0,1,0
CL101370,43.0,Lima,Prepago,Mensual,24,25.78,7.1,213,0,2,3,7,1,1
CL103439,31.0,Piura,Postpago Básico,Mensual,60,49.9,14.4,293,0,2,4,22,0,0
CL100468,40.0,Lima,Prepago,Mensual,12,15.82,2.4,614,1,1,0,0,1,0
CL106875,29.0,Áncash,Postpago Básico,Anual,4,41.68,14.7,398,1,1,0,4,0,0
CL104960,27.0,Áncash,Prepago,Mensual,10,27.43,10.1,371,0,1,1,3,1,1
CL100583,40.0,La Libertad,Postpago Básico,Mensual,21,44.74,15.5,477,0,2,1,9,1,0
CL105358,56.0,Lima,Prepago,Mensual,15,26.72,25.6,349,0,1,2,1,1,0
CL102417,35.0,Arequipa,Postpago Básico,Mensual,75,47.74,6.8,474,0,1,1,5,0,0
CL104071,29.0,Lima,Postpago Básico,Mensual,12,34.13,4.6,300,1,1,1,0,0,0
CL106479,18.0,Lima,Prepago,Mensual,9,24.77,5.6,320,0,1,2,1,0,0
CL103218,47.0,Lima,Prepago,Mensual,15,27.13,5.3,328,0,1,1,4,1,1
CL103930,45.0,Cusco,Postpago Básico,Mensual,7,40.42,6.9,524,1,0,0,0,1,0
CL102233,45.0,Cusco,Postpago Premium,18 meses,2,102.98,57.9,306,2,0,2,2,1,0
CL102671,40.0,Lima,Postpago Básico,Anual,11,42.95,8.5,523,1,2,1,0,0,0
CL103072,62.0,Lima,Postpago Plus,Anual,16,79.12,39.2,681,2,0,2,0,1,0
CL101433,20.0,Cusco,Prepago,Mensual,10,23.86,19.7,230,0,1,0,4,0,1
CL106988,71.0,Lima,Prepago,Mensual,4,23.53,19.6,286,1,0,1,1,1,0
CL101274,18.0,Lima,Prepago,Mensual,40,32.11,12.2,234,2,0,0,3,0,0
CL101329,32.0,Lambayeque,Prepago,Mensual,77,28.83,16.2,259,0,0,1,2,1,0
CL105535,28.0,Lima,Postpago Plus,Mensual,1,61.0,25.5,521,0,0,1,1,1,0
CL105189,23.0,Arequipa,Postpago Básico,18 meses,16,43.86,21.8,433,0,2,0,5,0,0
CL106106,32.0,Lima,Postpago Premium,Mensual,46,98.86,23.3,597,1,2,0,4,1,0
CL103749,49.0,La Libertad,Prepago,Mensual,14,19.63,4.6,419,2,2,1,1,1,1
CL106643,56.0,Lambayeque,Prepago,Mensual,2,21.22,10.6,368,0,2,0,5,1,0
CL103604,20.0,Lima,Postpago Premium,Mensual,2,109.24,87.1,506,1,2,1,11,1,0
CL103478,50.0,Lima,Postpago Premium,18 meses,66,114.89,19.5,554,1,0,1,6,0,0
CL105666,42.0,Arequipa,Prepago,Mensual,41,24.28,15.0,113,0,0,1,3,0,0
CL101843,27.0,Cusco,Postpago Premium,Anual,44,116.42,18.0,498,0,1,2,10,1,0
CL103790,50.0,Piura,Prepago,Mensual,15,29.5,5.4,315,0,3,0,2,1,0
CL101953,46.0,Piura,Postpago Premium,18 meses,96,86.97,33.6,562,0,2,2,2,0,0
CL106665,41.0,Cusco,Postpago Plus,18 meses,15,44.44,15.1,333,0,1,1,4,1,0
CL105322,30.0,La Libertad,Postpago Plus,18 meses,41,75.88,34.8,440,2,0,2,5,1,0
CL104211,42.0,Junín,Prepago,Mensual,30,20.26,17.7,207,0,1,2,0,0,0
CL101638,59.0,Lima,Prepago,Mensual,11,27.17,9.7,378,0,0,0,0,0,0
CL103953,48.0,Cusco,Postpago Plus,Anual,9,74.19,2.7,438,1,1,3,2,1,0
CL106379,33.0,La Libertad,Postpago Básico,Mensual,1,42.5,7.8,434,1,0,1,4,0,0
CL105623,38.0,Lima,Postpago Básico,Mensual,3,28.72,2.8,236,2,0,1,0,1,0
CL107036,51.0,Lima,Prepago,Mensual,12,31.83,6.1,329,1,1,0,2,1,0
CL104096,30.0,La Libertad,Postpago Básico,Mensual,21,47.15,10.7,435,3,2,0,9,0,0
CL101244,30.0,Arequipa,Prepago,Mensual,21,16.81,6.8,372,1,2,2,0,1,0
CL105353,23.0,Lambayeque,Postpago Básico,Mensual,13,61.67,5.8,316,2,0,1,4,1,0
CL106402,18.0,La Libertad,Prepago,Mensual,69,26.53,7.7,365,0,1,0,0,1,0
CL100542,36.0,Lima,Postpago Plus,Mensual,17,61.41,13.4,501,0,1,3,0,1,0
CL104889,27.0,Áncash,Postpago Premium,Anual,23,103.48,17.5,555,2,1,3,0,1,0
CL104280,42.0,Lima,Prepago,Mensual,22,28.81,6.7,476,0,1,3,1,1,1
CL102187,40.0,Lima,Postpago Básico,Anual,60,26.4,28.2,329,0,1,1,4,0,0
CL104345,40.0,La Libertad,Postpago Premium,Mensual,74,92.18,52.4,409,0,0,0,2,0,0
CL105214,53.0,Lima,Postpago Básico,Anual,2,38.86,12.7,351,0,1,3,1,0,0
CL106081,,Cusco,Prepago,Mensual,26,18.45,6.0,175,2,1,1,1,1,1
CL101088,25.0,Lima,Postpago Básico,Anual,5,49.12,2.5,457,0,0,0,8,0,0
CL100172,25.0,Lima,Prepago,Mensual,15,19.1,19.8,241,1,1,1,1,0,1
CL102269,41.0,Lima,Postpago Plus,Mensual,11,71.79,43.0,431,0,1,1,0,1,0
CL106765,47.0,Áncash,Postpago Básico,Anual,2,48.51,11.1,419,0,0,2,3,0,0
CL100952,54.0,La Libertad,Prepago,Mensual,23,25.04,4.7,253,0,1,2,0,1,0
CL106812,36.0,Lima,Prepago,Mensual,33,27.9,8.2,228,0,1,1,4,1,0
CL101988,48.0,Áncash,Postpago Premium,18 meses,25,132.96,17.5,435,2,1,0,0,1,0
CL103353,33.0,Lima,Prepago,Mensual,15,23.07,13.1,0,1,0,2,1,0,0
CL103545,50.0,Piura,Postpago Básico,Mensual,3,34.25,5.0,447,0,1,0,0,0,0
CL106024,33.0,La Libertad,Postpago Plus,Anual,13,65.97,25.2,430,1,1,0,0,0,0
CL105955,56.0,Lima,Postpago Básico,18 meses,74,44.67,9.4,499,1,1,0,2,1,0
CL102689,31.0,Lima,Postpago Básico,Anual,24,31.0,1.7,368,1,0,0,0,0,0
CL103973,37.0,Junín,Prepago,Mensual,28,25.11,5.7,310,1,1,0,2,1,0
CL105347,72.0,Áncash,Postpago Plus,18 meses,22,58.71,14.6,452,0,1,3,3,1,0
CL105354,47.0,Lima,Postpago Premium,Anual,4,106.05,26.2,399,0,1,1,0,1,0
CL103321,31.0,Lambayeque,Postpago Básico,Mensual,3,33.22,8.2,302,0,0,2,0,1,0
CL106164,34.0,Lima,Postpago Plus,Mensual,9,77.43,7.6,342,0,2,1,2,0,0
CL100367,57.0,Piura,Postpago Básico,18 meses,4,44.97,17.0,307,0,1,1,1,1,1
CL107449,31.0,Cusco,Postpago Básico,Mensual,10,45.41,10.4,354,1,0,2,2,1,0
CL102409,62.0,Junín,Postpago Premium,18 meses,6,94.05,3.1,366,0,0,1,7,0,1
CL100970,39.0,Lima,Prepago,Mensual,7,20.43,8.8,147,1,2,3,1,1,0
CL106852,36.0,Piura,Postpago Plus,Mensual,11,89.0,31.3,278,1,1,0,7,1,0
CL106842,18.0,Lima,Postpago Plus,Mensual,16,72.81,2.3,470,0,1,1,8,1,0
CL100200,50.0,Arequipa,Postpago Plus,Mensual,13,68.27,2.8,560,1,0,0,2,1,0
CL102765,46.0,Junín,Postpago Premium,Mensual,60,120.48,20.5,660,0,0,1,4,0,0
CL104756,37.0,Lima,Postpago Básico,18 meses,45,49.58,8.4,318,0,2,0,2,0,0
CL103872,50.0,Junín,Prepago,Mensual,86,24.82,7.9,145,0,3,1,2,1,0
CL107453,50.0,Junín,Postpago Básico,Mensual,11,35.48,26.2,357,0,1,2,9,1,1
CL106013,27.0,Lima,Postpago Básico,Mensual,2,44.06,28.6,456,1,3,2,0,0,0
CL102800,26.0,Lima,Postpago Premium,18 meses,69,111.24,23.1,472,0,1,0,6,1,0
CL106637,51.0,La Libertad,Postpago Plus,Anual,96,74.84,40.0,325,1,1,2,2,1,0
CL104437,22.0,Áncash,Prepago,Mensual,30,21.27,7.2,245,0,2,1,1,1,0
CL104314,37.0,Lima,Prepago,Mensual,30,20.78,14.0,167,2,0,0,0,1,0
CL100007,61.0,Junín,Postpago Plus,18 meses,24,64.91,11.6,433,1,2,2,0,1,0
CL102067,39.0,Lima,Postpago Premium,Anual,28,135.89,15.5,744,1,1,0,9,1,0
CL102797,56.0,La Libertad,Prepago,Mensual,9,30.25,2.6,135,1,1,0,5,1,0
CL101791,20.0,Lima,Prepago,Mensual,6,21.48,1.7,149,1,1,2,6,1,0
CL106611,50.0,Lima,Prepago,Mensual,17,22.82,9.8,99,2,0,0,2,0,0
CL102304,47.0,Piura,Postpago Básico,Mensual,4,35.12,10.7,299,1,0,3,14,1,0
CL107168,41.0,Cusco,Postpago Básico,18 meses,1,37.59,16.1,334,1,1,1,8,0,0
CL106876,33.0,Lima,Prepago,Mensual,8,26.29,21.2,209,1,2,0,13,0,0
CL100502,29.0,La Libertad,Postpago Premium,Anual,51,107.27,6.5,661,0,1,1,4,1,0
CL106091,35.0,Lima,Prepago,Mensual,22,21.95,5.0,384,0,0,0,7,1,0
CL102725,43.0,Áncash,Postpago Plus,Anual,62,80.5,23.1,320,0,1,1,6,1,0
CL105403,47.0,Lima,Prepago,Mensual,24,27.32,5.8,354,0,2,0,0,0,0
CL103744,39.0,Junín,Prepago,Mensual,15,27.86,,215,2,0,2,3,0,0
CL105570,19.0,Lima,Prepago,Mensual,14,29.65,6.8,350,2,1,1,4,0,0
CL100289,39.0,Lima,Prepago,Mensual,41,26.29,12.3,262,0,3,1,3,1,0
CL107034,18.0,Áncash,Prepago,Mensual,17,26.7,4.3,538,0,0,1,6,1,0
CL103200,33.0,Cusco,Postpago Plus,Mensual,24,67.89,8.0,398,0,2,1,2,1,0
CL102900,66.0,Lima,Postpago Básico,Anual,7,56.94,24.5,417,0,2,1,17,1,0
CL107143,18.0,Lima,Prepago,Mensual,10,23.57,4.0,400,1,0,1,2,0,0
CL100503,42.0,Arequipa,Postpago Básico,Anual,24,41.82,18.4,342,0,3,2,4,1,0
CL102604,59.0,Lima,Prepago,Mensual,1,24.03,11.5,289,2,1,1,6,1,0
CL104914,19.0,Lima,Prepago,Mensual,8,23.77,2.4,533,0,2,0,2,1,0
CL100452,18.0,Lambayeque,Postpago Plus,18 meses,5,66.2,8.3,399,1,0,0,1,0,0
CL105077,49.0,Áncash,Prepago,Mensual,6,25.99,3.2,408,1,0,2,0,1,0
CL103334,37.0,Cusco,Prepago,Mensual,17,23.72,10.9,191,0,1,2,6,1,0
CL103433,29.0,Lima,Prepago,Mensual,16,23.77,15.7,260,1,0,1,0,0,0
CL104436,36.0,Lima,Postpago Plus,18 meses,2,79.3,35.1,451,1,0,2,7,1,0
CL103569,51.0,Arequipa,Prepago,Mensual,69,27.84,7.3,386,1,1,0,0,0,0
CL104382,47.0,La Libertad,Prepago,Mensual,3,25.52,7.5,144,3,0,1,0,0,0
CL103782,59.0,Lima,Postpago Premium,Mensual,3,98.16,10.1,525,0,2,2,7,0,1
CL104864,30.0,Lima,Postpago Básico,Mensual,46,36.88,5.0,312,0,0,2,9,1,0
CL105315,40.0,La Libertad,Postpago Básico,Mensual,1,34.14,15.2,315,0,0,1,8,1,0
CL101457,28.0,Cusco,Postpago Básico,Mensual,10,51.97,8.0,193,0,0,1,0,0,0
CL106658,38.0,Lambayeque,Postpago Plus,18 meses,21,80.73,29.2,484,1,0,0,3,1,0
CL105670,56.0,Cusco,Postpago Básico,Anual,15,45.64,16.2,379,1,1,0,1,1,1
CL100084,60.0,Arequipa,Prepago,Mensual,11,28.03,1.9,427,1,0,0,0,0,0
CL101649,19.0,Arequipa,Postpago Plus,18 meses,8,83.3,44.4,567,1,1,0,1,1,0
CL106031,45.0,Lima,Postpago Básico,Mensual,55,42.09,11.2,496,0,1,1,4,1,0
CL102917,42.0,Cusco,Postpago Plus,Mensual,17,73.0,44.8,422,1,1,2,1,1,0
CL103268,18.0,Lima,Postpago Premium,Mensual,11,72.16,26.1,426,0,1,0,0,1,0
CL100336,57.0,Lima,Prepago,Mensual,3,28.64,15.6,210,0,0,0,1,0,0
CL103491,18.0,Lima,Prepago,Mensual,4,19.96,10.3,540,3,1,1,2,0,0
CL104271,58.0,Arequipa,Postpago Básico,Mensual,8,48.42,10.1,440,0,1,0,4,1,1
CL103417,18.0,Lambayeque,Postpago Plus,Mensual,20,64.55,5.5,295,0,0,5,1,0,0
CL103643,35.0,Lima,Prepago,Mensual,4,31.17,8.9,355,2,1,0,2,1,0
CL106631,30.0,Áncash,Prepago,Mensual,13,35.41,4.1,192,0,1,1,6,1,1
CL100963,46.0,Junín,Prepago,Mensual,5,22.25,,446,1,1,1,1,1,0
CL103783,35.0,Arequipa,Prepago,Mensual,6,21.72,20.4,321,2,0,1,0,0,0
CL101045,26.0,Arequipa,Prepago,Mensual,53,16.87,6.7,20,0,0,1,3,0,0
CL102960,41.0,Lima,Postpago Plus,Anual,85,71.52,17.3,477,0,1,2,4,1,0
CL103254,27.0,Piura,Prepago,Mensual,27,27.66,24.0,282,0,0,0,7,0,0
CL105210,40.0,Lima,Postpago Básico,Anual,1,32.27,31.2,503,0,2,1,5,1,0
CL102287,57.0,Lima,Postpago Plus,Mensual,5,81.28,19.5,623,1,0,0,7,1,1
CL107415,48.0,Lambayeque,Postpago Plus,Mensual,41,66.99,7.1,245,1,1,3,4,1,1
CL101743,43.0,Piura,Postpago Premium,Mensual,67,72.39,28.9,779,0,2,0,4,1,0
CL107413,35.0,Cusco,Postpago Básico,Mensual,7,47.24,23.2,371,0,0,1,7,1,1
CL106707,25.0,Áncash,Postpago Básico,Mensual,11,42.35,8.0,481,1,0,1,3,1,0
CL104603,53.0,Lima,Postpago Básico,18 meses,71,45.73,6.6,329,1,0,1,2,1,0
CL107012,18.0,La Libertad,Prepago,Mensual,10,29.42,17.2,268,0,0,1,3,1,0
CL105718,43.0,Lima,Prepago,Mensual,7,30.74,4.2,373,0,0,1,2,1,0
CL103794,34.0,La Libertad,Postpago Básico,Mensual,9,45.48,8.8,493,2,1,2,9,1,0
CL100702,26.0,Lima,Prepago,Mensual,24,28.06,4.5,329,1,0,0,0,0,0
CL100941,56.0,La Libertad,Postpago Plus,Mensual,55,74.4,24.9,423,0,2,0,0,1,0
CL102567,18.0,La Libertad,Prepago,Mensual,35,23.31,11.4,220,1,0,3,2,0,0
CL103071,20.0,Junín,Postpago Premium,Anual,10,126.27,7.1,590,0,0,1,19,1,0
CL106656,34.0,La Libertad,Postpago Básico,18 meses,64,33.79,15.3,450,1,2,0,12,0,0
CL104013,21.0,Lima,Prepago,Mensual,6,27.87,18.8,337,0,2,0,2,0,0
CL100037,39.0,Lima,Postpago Básico,Mensual,96,35.63,8.9,272,0,2,3,10,0,0
CL104254,,Junín,Postpago Plus,Anual,25,65.37,13.4,384,0,1,1,0,1,0
CL103524,24.0,Lima,Postpago Básico,18 meses,15,55.03,9.1,252,1,0,1,2,1,0
CL101683,,La Libertad,Prepago,Mensual,1,31.96,7.8,438,2,0,2,1,1,1
CL104845,31.0,Lima,Prepago,Mensual,40,23.01,10.2,184,1,1,1,6,0,0
CL107259,41.0,Lambayeque,Prepago,Mensual,14,26.72,11.6,244,0,0,1,0,1,0
CL105905,33.0,Lambayeque,Postpago Plus,Anual,40,65.32,15.1,430,0,1,1,3,1,0
CL101829,39.0,Lima,Postpago Básico,Anual,46,44.72,42.7,393,0,1,4,2,1,0
CL106078,32.0,Lima,Prepago,Mensual,46,29.64,12.5,0,1,1,3,3,1,0
CL104946,42.0,Lima,Postpago Básico,Anual,18,53.42,27.8,545,1,0,2,0,0,0
CL100546,60.0,Lambayeque,Postpago Básico,Mensual,20,54.87,5.6,429,0,0,2,8,1,0
CL106830,44.0,Lima,Postpago Básico,Anual,1,40.69,7.1,382,2,1,1,1,1,0
CL102160,39.0,Lima,Postpago Básico,Mensual,4,49.56,17.4,357,0,2,1,0,0,1
CL105568,39.0,Arequipa,Prepago,Mensual,17,25.63,6.8,436,1,0,2,24,1,1
CL106682,27.0,Lima,Postpago Básico,Anual,12,46.73,,342,0,0,1,0,1,0
CL100677,59.0,La Libertad,Postpago Básico,Mensual,39,53.21,9.0,475,0,1,1,1,1,0
CL101201,21.0,Lima,Postpago Básico,Mensual,91,52.71,27.1,260,0,2,5,13,1,0
CL100430,37.0,Lima,Postpago Premium,18 meses,15,107.09,12.7,805,1,0,0,6,1,0
CL102225,23.0,Lima,Prepago,Mensual,6,25.17,19.0,292,0,1,0,9,1,0
CL101296,41.0,Lima,Prepago,Mensual,4,20.5,10.7,406,0,0,3,0,1,0
CL107130,26.0,Lambayeque,Postpago Básico,Anual,26,44.78,13.5,505,1,0,0,2,1,0
CL100075,18.0,Cusco,Prepago,Mensual,96,20.46,3.6,483,1,1,3,1,1,0
CL105391,30.0,Lima,Postpago Básico,Anual,3,42.53,10.7,400,0,0,2,2,1,0
CL104504,32.0,Lima,Prepago,Mensual,18,24.49,2.7,337,0,1,1,15,0,0
CL105828,27.0,Lima,Postpago Básico,Anual,41,37.47,17.5,517,1,2,3,1,0,1
CL107272,51.0,Lima,Prepago,Mensual,4,26.43,7.3,382,0,0,3,1,0,0
CL101811,38.0,Lambayeque,Postpago Básico,Anual,6,48.35,12.9,410,0,0,0,0,1,0
CL104373,31.0,Lambayeque,Prepago,Mensual,40,26.41,7.7,253,0,2,1,3,0,0
CL101947,38.0,Arequipa,Postpago Premium,Anual,58,126.12,16.0,672,1,1,1,4,0,0
CL104260,69.0,La Libertad,Postpago Premium,Anual,1,54.28,27.9,584,1,0,1,3,1,0
CL106625,25.0,Lima,Postpago Premium,18 meses,3,134.88,31.1,659,0,1,3,9,0,1
CL100305,22.0,Junín,Postpago Básico,Mensual,38,44.31,3.4,38,2,2,1,3,1,0
CL105633,44.0,Lima,Prepago,Mensual,27,30.09,6.2,266,0,1,2,0,1,0
CL102855,47.0,Junín,Postpago Premium,Anual,10,125.82,79.5,365,1,4,2,5,1,0
CL103355,25.0,Áncash,Prepago,Mensual,45,28.07,4.5,389,0,0,1,1,1,0
CL104622,48.0,Lima,Postpago Básico,Mensual,24,47.98,13.4,479,0,0,1,0,0,0
CL101986,40.0,Lima,Prepago,Mensual,29,24.24,9.2,162,1,1,4,8,1,0
CL103758,21.0,Lima,Postpago Premium,Anual,68,133.59,51.2,505,0,0,0,4,1,0
CL103998,57.0,Áncash,Prepago,Mensual,7,24.16,9.3,149,0,0,1,3,1,0
CL102710,47.0,Lima,Postpago Premium,Mensual,21,115.02,13.5,353,0,2,1,1,0,0
CL105199,44.0,Junín,Postpago Básico,Anual,8,35.11,3.7,527,0,2,4,8,0,0
CL103698,46.0,Lima,Prepago,Mensual,19,26.1,4.5,417,0,0,3,4,1,1
CL100994,22.0,Lima,Postpago Premium,18 meses,38,114.63,15.7,458,0,2,1,0,1,0
CL105851,42.0,Lima,Postpago Plus,Anual,30,87.35,33.2,400,0,3,3,3,1,1
CL101658,49.0,Lima,Postpago Básico,Anual,96,31.26,15.2,330,2,1,1,8,1,0
CL104237,18.0,Lima,Postpago Plus,18 meses,44,77.23,6.0,393,0,1,2,5,1,0
CL104912,18.0,Lambayeque,Postpago Básico,18 meses,78,59.9,27.1,401,0,1,3,2,1,0
CL105169,30.0,Lima,Prepago,Mensual,23,21.85,13.0,265,0,3,1,5,0,0
CL106330,37.0,Lima,Postpago Básico,Anual,20,48.29,39.4,374,0,0,0,2,1,0
CL101246,39.0,Lima,Postpago Básico,Mensual,4,43.91,2.3,363,2,0,1,13,0,1
CL107492,31.0,Lambayeque,Postpago Plus,18 meses,11,87.07,13.0,442,3,0,2,8,1,0
CL105361,23.0,Piura,Prepago,Mensual,9,26.59,6.7,61,0,0,1,8,0,0
CL101964,50.0,Lima,Postpago Plus,Anual,13,66.63,26.4,324,1,1,1,11,1,0
CL106698,18.0,Lima,Postpago Plus,Mensual,12,51.38,5.5,480,0,1,2,2,1,0
CL104816,62.0,Lima,Prepago,Mensual,3,29.19,15.3,14,0,1,3,2,1,1
CL101873,33.0,La Libertad,Postpago Premium,Anual,9,109.33,7.9,448,3,2,0,3,1,0
CL101265,18.0,Lima,Postpago Plus,Mensual,6,63.27,22.4,512,1,1,0,5,1,0
CL102634,33.0,Lima,Postpago Básico,Mensual,34,32.0,10.0,488,1,1,1,1,0,0
CL103154,48.0,Cusco,Prepago,Mensual,29,14.21,17.4,278,0,1,1,2,0,0
CL105892,49.0,Lima,Postpago Básico,Mensual,8,48.39,6.6,306,1,0,1,4,0,1
CL106424,33.0,La Libertad,Prepago,Mensual,41,24.52,1.9,308,1,0,0,3,0,0
CL104253,32.0,Piura,Postpago Básico,Mensual,93,42.93,3.1,394,0,0,2,0,1,0
CL103516,71.0,Junín,Postpago Básico,Anual,62,36.2,18.5,442,0,1,2,3,1,0
CL100642,38.0,La Libertad,Prepago,Mensual,23,22.37,5.9,155,0,1,0,1,0,1
CL106960,36.0,Lima,Prepago,Mensual,49,29.32,3.3,174,0,1,2,4,1,0
CL106748,37.0,Lima,Postpago Básico,Anual,27,45.26,18.0,513,1,0,2,6,1,0
CL103018,32.0,Áncash,Prepago,Mensual,29,27.48,11.1,331,0,1,2,0,1,0
CL101750,36.0,Arequipa,Postpago Básico,Mensual,9,43.32,32.4,0,0,0,1,7,1,0
CL102543,55.0,Áncash,Prepago,Mensual,26,19.0,19.9,351,0,1,1,0,1,1
CL101816,45.0,Lima,Postpago Plus,Mensual,10,44.52,14.7,519,1,0,0,0,1,0
CL100101,32.0,Lima,Postpago Plus,Mensual,35,52.69,25.6,676,0,0,0,7,1,0
CL104767,48.0,Cusco,Postpago Básico,18 meses,22,38.79,30.6,486,1,1,2,9,1,0
CL105742,56.0,Lima,Postpago Plus,Anual,30,68.46,22.2,428,1,0,0,3,1,0
CL106990,36.0,Piura,Prepago,Mensual,1,22.53,0.4,127,0,0,1,3,1,0
CL106677,39.0,Lima,Postpago Plus,Anual,3,52.32,9.3,420,0,0,2,1,0,0
CL102708,34.0,Cusco,Prepago,Mensual,13,23.48,8.1,278,0,0,1,0,1,0
CL101016,36.0,Lima,Postpago Básico,Anual,6,37.92,8.4,491,1,0,3,2,0,0
CL104795,46.0,La Libertad,Prepago,Mensual,88,24.5,,284,0,0,2,8,1,0
CL103915,25.0,Cusco,Prepago,Mensual,47,22.87,22.3,250,0,0,1,0,0,1
CL104801,18.0,La Libertad,Prepago,Mensual,23,34.23,26.2,338,0,1,1,9,1,0
CL106271,31.0,Cusco,Prepago,Mensual,16,24.91,8.8,306,0,1,0,3,0,1
CL101204,18.0,Áncash,Prepago,Mensual,15,26.07,10.5,336,0,0,3,5,1,1
CL105099,24.0,Arequipa,Postpago Plus,Anual,96,54.4,17.6,371,0,1,4,1,1,0
CL101654,49.0,Junín,Postpago Premium,18 meses,2,108.84,63.7,754,2,2,0,1,1,0
CL104862,37.0,Áncash,Prepago,Mensual,12,27.67,10.7,337,1,0,0,0,0,0
CL100362,48.0,Junín,Prepago,Mensual,9,23.93,13.0,46,1,1,0,1,1,0
CL105538,34.0,Arequipa,Prepago,Mensual,1,26.82,7.5,255,1,1,3,4,1,1
CL104697,21.0,Cusco,Postpago Básico,Mensual,40,55.34,,476,1,0,0,5,0,0
CL107184,47.0,Lambayeque,Prepago,Mensual,29,23.85,9.7,418,1,0,2,1,0,0
CL105108,18.0,Junín,Postpago Básico,Mensual,64,49.41,5.4,331,0,0,0,0,1,0
CL106514,59.0,Arequipa,Prepago,Mensual,12,25.04,1.5,255,0,2,1,2,0,1
CL107356,40.0,Lambayeque,Postpago Plus,Mensual,54,47.86,12.7,448,0,1,0,0,1,0
CL107115,18.0,Lima,Postpago Plus,Mensual,3,69.42,18.7,536,0,3,0,1,1,0
CL106621,32.0,Lambayeque,Prepago,Mensual,9,24.74,16.8,345,0,2,2,4,0,0
CL101375,27.0,Junín,Prepago,Mensual,14,23.08,13.9,411,0,1,4,5,0,0
CL103039,61.0,Áncash,Postpago Básico,Mensual,31,56.78,7.0,360,1,0,0,2,1,0
CL101419,44.0,Lima,Postpago Premium,Anual,96,92.84,32.0,480,0,1,1,4,0,0
CL105190,49.0,Arequipa,Postpago Básico,18 meses,4,45.69,7.2,291,0,2,1,3,1,1
CL105450,45.0,Lima,Prepago,Mensual,1,28.82,6.6,185,2,0,3,2,0,0
CL103376,45.0,Arequipa,Prepago,Mensual,21,25.93,14.6,122,1,0,1,16,0,0
CL104725,47.0,Lambayeque,Prepago,Mensual,1,17.78,6.1,327,0,0,1,2,1,0
CL101340,33.0,Lima,Prepago,Mensual,2,23.59,2.6,279,1,1,1,10,0,1
CL103413,18.0,Lima,Prepago,Mensual,4,25.29,10.1,203,1,0,2,7,0,0
CL103213,71.0,Lima,Postpago Básico,18 meses,10,49.14,13.3,307,1,1,2,5,1,0
CL103739,26.0,Lambayeque,Postpago Básico,Anual,55,40.37,31.0,230,0,0,1,0,1,0
CL101905,27.0,Lima,Postpago Básico,Anual,20,51.68,22.5,413,0,0,0,14,1,0
CL102891,33.0,Junín,Postpago Premium,18 meses,1,119.96,12.4,478,1,2,1,10,1,0
CL101203,62.0,Lima,Postpago Plus,18 meses,44,83.94,31.6,511,0,1,2,7,1,0
CL106506,20.0,Arequipa,Postpago Premium,Anual,3,91.34,28.4,552,0,0,1,8,1,0
CL100679,37.0,Lambayeque,Prepago,Mensual,16,19.14,14.5,299,1,2,1,2,1,0
CL100272,53.0,Lima,Prepago,Mensual,12,28.18,6.8,519,0,0,0,9,1,0
CL104589,18.0,La Libertad,Postpago Plus,Anual,3,82.83,16.2,314,1,1,1,8,1,0
CL104167,52.0,Lima,Postpago Básico,18 meses,67,36.48,43.1,351,0,0,2,1,0,0
CL102463,43.0,Áncash,Postpago Básico,Mensual,35,47.73,27.2,455,0,1,1,3,1,0
CL104164,40.0,Áncash,Postpago Básico,Anual,1,37.0,19.1,437,3,2,0,0,1,0
CL103750,38.0,Lima,Prepago,Mensual,38,28.49,12.1,262,0,0,0,0,1,0
CL103373,49.0,Áncash,Prepago,Mensual,68,17.36,4.4,367,1,0,3,10,1,0
CL106961,48.0,Arequipa,Prepago,Mensual,35,27.48,16.7,256,0,0,1,0,0,0
CL103728,54.0,Lima,Postpago Plus,18 meses,2,59.64,26.2,446,3,3,1,0,0,0
CL101101,50.0,Áncash,Prepago,Mensual,96,22.91,2.4,247,0,2,0,4,0,0
CL104409,38.0,Junín,Prepago,Mensual,35,25.95,14.3,182,0,0,3,5,1,1
CL101508,25.0,Lima,Prepago,Mensual,5,21.92,16.2,240,0,2,1,0,0,0
CL102985,43.0,Lambayeque,Prepago,Mensual,9,30.18,6.8,339,0,0,3,7,0,0
CL101014,26.0,Lima,Prepago,Mensual,5,24.99,22.8,480,2,1,1,3,0,0
CL104921,27.0,La Libertad,Prepago,Mensual,7,23.4,6.5,132,2,0,6,1,1,0
CL101752,34.0,La Libertad,Postpago Plus,Anual,8,86.43,10.9,373,2,1,2,1,0,1
CL105026,53.0,Lambayeque,Postpago Básico,Mensual,10,51.69,27.6,238,0,3,0,2,1,0
CL102486,33.0,Arequipa,Postpago Plus,Anual,7,68.48,1.8,544,0,1,0,1,1,0
CL106115,21.0,Lima,Postpago Plus,Mensual,31,82.22,5.7,301,1,0,0,4,0,0
CL104525,46.0,Áncash,Postpago Básico,Mensual,3,35.09,5.3,224,1,0,2,2,1,0
CL100086,19.0,Lima,Postpago Plus,Mensual,7,81.03,5.9,413,0,1,0,1,1,1
CL104765,44.0,Lima,Prepago,Mensual,50,25.04,5.2,453,2,0,1,6,1,0
CL106220,19.0,Lima,Postpago Básico,Mensual,7,42.31,13.9,381,1,1,0,5,1,0
CL102818,42.0,Lima,Postpago Básico,Anual,17,47.26,4.4,496,0,0,1,0,1,0
CL105075,37.0,Arequipa,Prepago,Mensual,17,24.85,9.9,182,0,0,0,4,0,0
CL102223,20.0,Piura,Prepago,Mensual,35,24.59,6.1,350,2,0,1,15,0,0
CL106289,25.0,Arequipa,Postpago Plus,Anual,20,77.44,4.1,353,1,2,2,5,0,0
CL100662,30.0,Arequipa,Prepago,Mensual,10,29.97,,455,0,2,3,1,1,0
CL100935,46.0,Piura,Prepago,Mensual,25,28.83,12.7,305,2,0,2,4,1,0
CL105934,18.0,Lima,Prepago,Mensual,33,23.84,9.3,240,1,0,1,0,1,1
CL100876,28.0,Lima,Postpago Básico,Anual,56,58.21,27.9,504,0,0,3,9,1,0
CL102022,44.0,Lima,Prepago,Mensual,67,21.09,11.6,303,2,1,3,2,1,0
CL107042,47.0,La Libertad,Prepago,Mensual,7,26.39,13.8,205,2,0,2,4,1,0
CL104940,26.0,Piura,Postpago Plus,18 meses,26,59.27,6.2,553,3,0,0,5,0,0
CL106485,23.0,La Libertad,Postpago Plus,18 meses,29,76.2,16.4,189,0,1,1,0,1,0
CL101932,25.0,Piura,Postpago Plus,Mensual,35,70.66,6.6,498,0,3,3,1,0,0
CL105534,18.0,Arequipa,Postpago Plus,18 meses,12,73.32,4.1,427,2,1,3,0,1,0
CL105048,24.0,Arequipa,Prepago,Mensual,12,21.27,3.9,216,0,1,0,1,1,0
CL106528,39.0,Arequipa,Postpago Básico,Anual,14,33.21,22.5,393,0,0,3,3,1,0
CL103004,46.0,Lima,Prepago,Mensual,7,23.5,14.1,111,0,0,0,9,1,0
CL101245,46.0,Lima,Prepago,Mensual,53,26.48,9.2,320,0,0,1,0,0,0
CL105067,32.0,La Libertad,Prepago,Mensual,4,22.29,5.9,334,0,2,1,1,1,0
CL103302,37.0,Piura,Prepago,Mensual,19,19.88,16.3,450,0,1,3,1,1,0
CL103318,39.0,Lima,Prepago,Mensual,3,27.04,4.9,503,1,0,2,2,0,1
CL105330,43.0,Arequipa,Postpago Plus,Anual,29,83.21,27.7,598,0,0,1,4,1,0
CL104497,47.0,Lima,Postpago Básico,Mensual,55,41.58,2.2,362,2,0,0,1,1,0
CL105258,36.0,Lima,Postpago Básico,Mensual,41,51.9,14.7,357,0,2,0,2,0,0
CL101582,32.0,Lambayeque,Postpago Básico,Mensual,31,33.24,20.3,288,1,0,0,0,0,0
CL100773,31.0,Lima,Postpago Plus,Anual,9,79.18,54.6,288,1,0,1,0,1,0
CL104517,40.0,Lima,Prepago,Mensual,35,31.33,3.7,417,0,1,2,0,0,0
CL104633,41.0,Cusco,Prepago,Mensual,12,28.48,9.0,235,0,0,0,8,1,0
CL104195,33.0,Lima,Postpago Básico,Mensual,16,39.12,69.1,523,2,0,0,15,0,0
CL101992,38.0,Arequipa,Prepago,Mensual,72,17.42,7.0,256,0,2,0,0,1,0
CL100339,25.0,Lima,Postpago Premium,Mensual,6,117.04,28.1,649,0,1,2,5,1,1
CL102420,39.0,Piura,Prepago,Mensual,20,15.69,6.8,330,0,1,2,1,1,0
CL104123,61.0,Piura,Postpago Básico,Anual,22,53.95,2.5,395,0,1,2,4,0,0
CL106734,18.0,Arequipa,Prepago,Mensual,12,20.05,18.7,186,1,1,1,13,0,0
CL102384,35.0,Piura,Prepago,Mensual,2,26.06,16.5,361,0,0,2,2,0,0
CL100922,32.0,Junín,Postpago Básico,Mensual,14,40.5,7.3,322,1,0,2,0,1,0
CL105170,64.0,Piura,Postpago Plus,18 meses,24,67.65,,506,0,0,2,0,1,0
CL103000,33.0,La Libertad,Postpago Plus,18 meses,49,71.02,32.1,317,0,0,0,2,1,0
CL105805,42.0,Lambayeque,Postpago Plus,Anual,5,62.01,23.9,498,0,0,2,10,1,0
CL106685,44.0,La Libertad,Prepago,Mensual,6,30.12,3.8,389,1,0,0,2,1,0
CL100727,35.0,Lambayeque,Prepago,Mensual,4,26.91,15.6,178,0,0,1,13,1,0
CL104624,25.0,La Libertad,Prepago,Mensual,5,22.11,9.5,286,1,0,1,2,1,0
CL106582,45.0,Cusco,Postpago Plus,Mensual,36,74.15,27.5,551,1,0,1,21,0,0
CL100420,27.0,La Libertad,Postpago Básico,18 meses,16,43.7,20.8,338,0,0,1,1,1,0
CL102476,30.0,Lambayeque,Prepago,Mensual,19,21.82,9.0,603,0,1,1,0,1,0
CL103831,47.0,Lima,Postpago Básico,Anual,33,52.74,7.0,200,0,2,1,3,1,0
CL100197,24.0,Lima,Postpago Plus,Mensual,34,67.16,17.2,544,1,0,3,0,1,0
CL104909,25.0,Lambayeque,Prepago,Mensual,10,23.88,11.5,298,0,0,1,4,1,0
CL101285,55.0,Lima,Postpago Premium,Mensual,55,83.78,48.1,640,3,2,1,7,1,0
CL103055,34.0,Junín,Postpago Básico,Anual,50,39.13,32.2,551,3,0,2,1,1,0
CL105545,45.0,Lambayeque,Prepago,Mensual,9,21.38,,340,1,1,0,1,1,0
CL102840,39.0,Lima,Postpago Plus,Anual,21,86.89,23.4,311,1,2,2,0,0,0
CL104990,60.0,Lima,Prepago,Mensual,13,26.16,12.5,423,0,1,2,0,0,0
CL100879,25.0,Piura,Postpago Básico,Mensual,5,41.71,22.8,426,0,2,0,7,1,0
CL104766,52.0,Lambayeque,Postpago Básico,Mensual,30,63.66,12.5,381,0,1,0,0,1,0
CL107387,37.0,Lima,Prepago,Mensual,21,24.19,13.7,487,1,1,1,6,0,1
CL105644,26.0,La Libertad,Postpago Básico,Anual,1,49.37,11.5,275,2,0,1,2,0,0
CL104550,52.0,Áncash,Prepago,Mensual,7,27.17,9.1,191,0,0,0,0,0,0
CL101749,31.0,Lima,Postpago Básico,Mensual,30,48.12,15.2,287,0,0,2,0,0,0
CL101430,23.0,Piura,Postpago Premium,Anual,9,109.38,1.1,806,0,1,1,11,1,0
CL101090,21.0,Lima,Prepago,Mensual,26,24.78,7.7,233,0,1,1,0,1,0
CL104501,51.0,Áncash,Postpago Básico,Mensual,18,44.35,14.5,386,0,1,2,2,1,0
CL106844,31.0,Lambayeque,Postpago Básico,18 meses,96,38.45,41.2,405,0,2,2,12,0,0
CL105981,52.0,Lima,Postpago Básico,Anual,53,49.43,19.3,358,0,1,1,10,0,0
CL103889,36.0,La Libertad,Prepago,Mensual,1,28.73,12.5,227,1,1,2,1,1,0
CL104122,24.0,Junín,Postpago Plus,Anual,47,78.12,10.5,423,1,1,0,6,0,0
CL107358,45.0,Áncash,Prepago,Mensual,49,27.88,13.3,284,0,0,1,10,1,0
CL100140,51.0,La Libertad,Postpago Básico,Mensual,24,38.05,22.1,361,0,2,1,0,1,0
CL105745,48.0,Junín,Prepago,Mensual,17,23.33,7.3,208,0,1,1,0,1,0
CL102047,41.0,Piura,Postpago Básico,Mensual,31,47.03,11.3,287,1,0,0,0,1,0
CL100889,38.0,Piura,Postpago Plus,Mensual,96,75.56,36.2,528,0,0,2,12,1,0
CL102817,30.0,Lima,Postpago Básico,Mensual,15,53.76,7.9,350,0,0,1,22,0,0
CL103029,42.0,Lima,Prepago,Mensual,10,26.63,8.8,442,1,0,0,2,0,0
CL100349,30.0,Lima,Prepago,Mensual,96,31.66,10.1,429,0,0,2,3,1,0
CL105897,35.0,Lambayeque,Postpago Plus,Mensual,29,81.05,9.7,574,1,2,3,5,1,0
CL101311,41.0,Cusco,Postpago Premium,Mensual,20,108.02,3.1,515,1,0,1,4,1,0
CL102835,37.0,Lambayeque,Postpago Básico,Mensual,3,46.81,6.1,453,0,0,2,4,0,0
CL104813,22.0,Arequipa,Postpago Premium,Mensual,30,110.24,33.5,507,0,1,0,10,0,0
CL105994,49.0,Lima,Postpago Básico,Anual,46,47.53,36.9,408,1,3,3,4,1,0
CL105370,31.0,Piura,Prepago,Mensual,1,25.59,19.3,188,0,1,2,6,1,1
CL104327,28.0,Lima,Postpago Plus,Anual,12,75.63,43.4,549,1,2,0,2,0,0
CL104879,46.0,Lambayeque,Prepago,Mensual,4,23.71,12.8,183,2,0,1,0,1,0
CL106731,25.0,Lima,Postpago Básico,Mensual,23,53.8,23.5,288,0,0,1,0,1,0
CL102254,32.0,Lima,Postpago Premium,Mensual,11,110.79,25.9,605,0,1,1,1,0,0
CL106558,,Lima,Postpago Plus,Anual,46,51.4,10.1,471,0,2,1,6,1,0
CL104717,43.0,Lima,Postpago Básico,Mensual,62,54.33,17.5,365,1,0,0,3,1,1
CL101748,32.0,Áncash,Postpago Básico,Anual,15,55.36,12.6,561,0,0,1,1,1,0
CL101838,25.0,Arequipa,Postpago Plus,Anual,2,73.87,7.9,520,3,3,0,9,1,0
CL102406,36.0,Lambayeque,Postpago Básico,Mensual,64,41.23,5.4,534,0,0,1,1,1,0
CL107325,26.0,Áncash,Prepago,Mensual,6,24.98,4.3,468,0,0,2,2,1,0
CL100782,34.0,La Libertad,Postpago Básico,Anual,17,51.15,23.4,359,0,0,2,2,1,0
CL100488,18.0,Junín,Postpago Básico,Anual,3,30.63,4.0,308,0,0,0,1,1,1
CL106450,39.0,Lambayeque,Prepago,Mensual,3,29.43,4.2,333,0,1,1,19,1,1
CL102507,36.0,Lambayeque,Postpago Premium,Anual,24,140.07,8.2,715,3,0,1,6,1,0
CL107084,24.0,Lambayeque,Postpago Básico,Mensual,1,50.94,5.5,464,0,1,1,2,1,0
CL107008,29.0,La Libertad,Prepago,Mensual,41,25.4,5.6,181,0,1,3,3,0,0
CL102693,35.0,Lima,Postpago Premium,Anual,18,135.01,46.8,628,0,2,0,0,0,1
CL105442,31.0,La Libertad,Postpago Plus,Mensual,42,77.75,16.6,423,1,0,1,6,1,0
CL102051,49.0,Lima,Prepago,Mensual,50,25.03,8.0,300,0,0,3,1,1,0
CL103615,38.0,Cusco,Postpago Plus,Mensual,62,71.69,18.8,599,1,1,3,0,0,0
CL104546,55.0,Lima,Postpago Premium,18 meses,7,117.92,24.0,688,1,1,0,5,0,0
CL106375,36.0,Piura,Prepago,Mensual,15,25.02,9.9,267,1,1,0,11,1,0
CL107152,46.0,Lima,Postpago Premium,18 meses,3,116.17,55.1,662,2,1,2,1,1,0
CL105046,18.0,Piura,Prepago,Mensual,17,27.1,15.2,202,0,1,1,5,1,0
CL104821,32.0,Cusco,Prepago,Mensual,6,25.98,12.6,318,0,0,2,1,0,0
CL104779,30.0,Áncash,Postpago Básico,18 meses,12,55.27,16.7,369,3,1,2,3,1,0
CL103753,18.0,La Libertad,Postpago Plus,Mensual,25,75.09,25.7,514,0,2,1,0,0,0
CL105138,37.0,La Libertad,Prepago,Mensual,6,20.73,2.6,313,0,3,1,4,1,0
CL106555,24.0,Arequipa,Postpago Básico,Anual,6,43.06,6.0,400,0,2,2,2,1,0
CL101911,39.0,Junín,Prepago,Mensual,10,25.99,12.9,138,0,0,0,0,0,0
CL102017,33.0,Cusco,Prepago,Mensual,7,25.35,11.8,211,3,0,2,1,1,0
CL102684,21.0,Lima,Prepago,Mensual,16,28.56,,419,1,0,0,2,0,0
CL105895,48.0,Áncash,Postpago Plus,Mensual,3,69.0,8.7,483,1,0,0,0,0,0
CL103282,42.0,Lima,Prepago,Mensual,17,27.93,12.0,412,0,0,1,7,1,1
CL104645,51.0,Lima,Postpago Premium,Mensual,21,121.37,7.0,450,0,1,2,9,1,0
CL100262,25.0,Junín,Prepago,Mensual,26,29.13,3.8,159,1,0,3,0,0,0
CL100221,54.0,Piura,Postpago Básico,18 meses,16,44.66,10.2,404,0,3,2,3,0,1
CL106541,46.0,Lambayeque,Prepago,Mensual,1,28.47,27.7,529,1,3,3,2,1,1
CL104562,47.0,Piura,Prepago,Mensual,26,31.85,13.8,229,0,1,3,4,1,0
CL102324,,Arequipa,Prepago,Mensual,27,26.91,13.4,391,0,0,1,2,1,1
CL104800,29.0,La Libertad,Postpago Básico,18 meses,27,46.72,5.4,428,1,0,5,0,1,1
CL105140,36.0,Cusco,Postpago Básico,18 meses,22,50.08,16.0,374,1,0,1,1,1,0
CL100599,60.0,Lima,Postpago Básico,Anual,3,43.34,6.0,413,0,0,0,4,1,0
CL107210,69.0,Lima,Postpago Básico,18 meses,1,38.39,24.6,512,1,1,1,0,0,0
CL103955,44.0,Áncash,Postpago Básico,Anual,32,46.15,13.1,455,0,1,2,5,1,0
CL105126,51.0,Lambayeque,Postpago Básico,Mensual,34,39.52,19.2,565,0,0,2,0,1,0
CL106182,33.0,Arequipa,Postpago Plus,Mensual,6,53.28,10.9,549,1,0,1,2,1,0
CL100638,48.0,Lima,Postpago Plus,Anual,55,60.43,22.5,359,2,1,0,0,1,0
CL103603,22.0,Lambayeque,Prepago,Mensual,12,21.44,5.1,462,2,1,2,1,1,0
CL105065,18.0,Lima,Postpago Básico,Anual,2,40.74,19.2,429,1,1,2,1,1,0
CL103526,28.0,Lima,Prepago,Mensual,15,28.82,3.6,231,0,0,0,1,1,0
CL100445,18.0,La Libertad,Postpago Plus,18 meses,81,69.29,30.7,438,0,2,0,0,1,0
CL106542,,Lima,Postpago Premium,Anual,41,113.41,14.1,535,0,2,1,3,1,0
CL104101,38.0,Junín,Postpago Básico,Anual,70,55.36,5.1,412,0,0,2,3,1,0
CL107149,44.0,Lima,Postpago Básico,Mensual,1,44.68,24.5,404,3,0,1,13,1,0
CL102265,53.0,Piura,Prepago,Mensual,46,25.06,3.2,195,1,0,1,0,1,0
CL105995,63.0,Lima,Prepago,Mensual,96,24.21,,311,3,1,1,1,1,0
CL106167,44.0,Lima,Postpago Básico,Mensual,44,31.23,8.8,435,3,0,0,10,0,0
CL100792,38.0,Piura,Prepago,Mensual,9,27.31,11.2,541,0,1,1,10,1,1
CL100412,38.0,La Libertad,Prepago,Mensual,25,23.77,8.1,267,0,1,1,0,0,0
CL104713,32.0,La Libertad,Postpago Premium,Anual,6,124.4,20.1,617,1,1,2,4,1,1
CL107224,28.0,Arequipa,Postpago Básico,Anual,2,47.58,4.8,442,0,1,1,0,1,0
CL100407,33.0,La Libertad,Postpago Plus,Mensual,96,74.31,8.6,407,0,1,1,3,0,0
CL101584,49.0,Lima,Postpago Básico,Mensual,56,42.47,17.3,374,2,1,5,0,1,0
CL104476,44.0,Áncash,Postpago Básico,Mensual,77,49.46,,371,0,1,3,8,1,0
CL105419,,Lima,Prepago,Mensual,12,23.91,3.5,501,1,2,1,3,0,1
CL102257,46.0,Junín,Postpago Plus,Anual,9,76.35,16.2,382,0,0,1,22,0,1
CL104090,36.0,Lima,Prepago,Mensual,20,25.25,2.5,153,0,2,4,12,0,0
CL102652,43.0,Lima,Postpago Plus,Mensual,33,74.24,17.3,286,0,0,0,0,1,0
CL101233,51.0,Lima,Postpago Básico,18 meses,25,38.71,5.6,419,3,0,1,2,1,0
CL102995,35.0,Lima,Postpago Básico,Anual,21,49.93,21.4,194,1,1,1,17,1,1
CL102002,65.0,Lima,Postpago Premium,Mensual,17,77.29,21.0,805,0,0,2,13,1,0
CL101103,27.0,Lambayeque,Postpago Plus,18 meses,23,67.78,47.3,314,0,2,3,1,0,0
CL102185,18.0,Lima,Prepago,Mensual,32,26.36,11.1,313,1,1,1,1,1,0
CL107435,43.0,La Libertad,Postpago Básico,18 meses,39,49.61,7.5,579,0,0,0,0,1,0
CL103382,49.0,Lambayeque,Postpago Premium,Mensual,33,127.12,,678,1,0,1,0,0,0
CL106072,21.0,Lima,Prepago,Mensual,11,18.58,,375,1,2,3,0,1,1
CL100344,26.0,Junín,Postpago Plus,Anual,20,63.89,11.0,305,0,0,0,0,1,0
CL102154,47.0,Lima,Postpago Básico,Mensual,48,39.01,21.3,238,1,0,0,5,0,0
CL101052,50.0,Arequipa,Prepago,Mensual,1,20.62,8.0,183,0,1,0,6,1,0
CL100124,29.0,Lima,Prepago,Mensual,2,22.89,22.5,340,2,3,0,11,1,1
CL106591,,Junín,Postpago Plus,Anual,20,51.59,20.8,509,1,1,0,2,1,0
CL104837,40.0,Lima,Prepago,Mensual,69,20.0,13.3,317,2,1,1,5,1,0
CL101642,41.0,Arequipa,Postpago Básico,Mensual,55,46.87,5.6,581,2,0,1,4,0,0
CL104048,53.0,Arequipa,Prepago,Mensual,25,20.17,2.8,281,0,0,1,0,0,0
CL102770,42.0,Lambayeque,Prepago,Mensual,30,26.05,12.6,294,2,1,0,7,1,0
CL102151,45.0,Junín,Prepago,Mensual,33,32.23,15.8,252,0,0,0,0,0,0
CL102082,43.0,Cusco,Postpago Plus,Anual,41,74.91,23.2,204,0,0,0,4,1,0
CL101784,26.0,Lima,Prepago,Mensual,33,28.97,8.1,406,0,1,1,1,1,1
CL102259,18.0,Lima,Postpago Básico,Mensual,70,44.58,4.1,423,0,1,0,7,1,0
CL105400,18.0,Lima,Postpago Plus,18 meses,90,80.84,16.3,478,0,0,0,13,1,0
CL103174,35.0,Arequipa,Postpago Básico,Mensual,75,41.47,10.2,44,0,0,0,1,1,0
CL101463,36.0,Lima,Prepago,Mensual,96,37.0,5.4,197,1,1,3,0,0,0
CL106172,42.0,Cusco,Postpago Básico,Anual,18,44.74,32.1,246,0,0,0,2,1,0
CL104586,,Lima,Postpago Básico,Mensual,23,49.97,32.3,153,1,0,2,1,1,0
CL101179,18.0,Áncash,Prepago,Mensual,26,21.07,19.6,296,0,2,4,10,0,1
CL102952,46.0,Arequipa,Prepago,Mensual,11,21.75,6.8,292,0,0,3,13,1,0
CL104410,45.0,Lima,Prepago,Mensual,9,22.45,18.5,113,0,1,0,0,0,0
CL100650,23.0,Lima,Postpago Básico,Mensual,30,39.86,12.7,451,1,1,3,0,0,0
CL105621,43.0,Lima,Prepago,Mensual,17,24.2,3.4,575,1,0,2,7,1,1
CL102935,31.0,Arequipa,Postpago Básico,18 meses,6,41.47,3.0,173,2,0,3,1,1,0
CL105121,37.0,Arequipa,Prepago,Mensual,2,24.82,9.3,426,0,0,3,0,1,0
CL104729,25.0,Lima,Postpago Básico,Anual,17,48.63,13.6,376,0,0,3,0,1,1
CL103597,58.0,Junín,Postpago Plus,Anual,60,75.39,10.3,421,0,0,2,6,1,0
CL101465,49.0,Áncash,Postpago Básico,18 meses,31,37.64,7.4,264,2,0,2,2,0,0
CL100193,28.0,Lima,Postpago Plus,Anual,72,83.41,5.7,434,0,1,0,1,1,0
CL100509,45.0,Arequipa,Prepago,Mensual,20,25.43,3.5,317,1,0,1,6,1,0
CL104922,52.0,Lima,Prepago,Mensual,19,25.02,5.9,176,0,1,1,0,1,1
CL105184,20.0,Lambayeque,Prepago,Mensual,56,23.34,15.7,257,0,1,2,3,1,0
CL107188,45.0,Áncash,Prepago,Mensual,37,20.75,3.9,424,0,0,2,8,0,1
CL106695,32.0,Lambayeque,Prepago,Mensual,27,26.99,7.5,38,0,1,1,2,0,0
CL104734,18.0,Arequipa,Postpago Premium,18 meses,61,103.65,20.1,499,0,0,1,0,0,0
CL106192,40.0,Lambayeque,Prepago,Mensual,22,29.05,10.2,212,0,0,2,1,0,0
CL105717,38.0,Cusco,Postpago Premium,Mensual,24,111.59,19.5,541,0,1,1,8,0,0
CL102094,36.0,Cusco,Postpago Premium,Mensual,46,97.7,38.1,604,2,2,1,0,0,0
CL106080,38.0,La Libertad,Prepago,Mensual,10,26.25,4.6,395,2,0,1,7,1,0
CL106423,46.0,Lima,Postpago Plus,Anual,37,78.8,32.3,496,2,3,1,13,0,0
CL101883,43.0,Lambayeque,Postpago Plus,18 meses,19,74.86,7.1,522,0,0,1,1,1,0
CL101290,,Junín,Postpago Básico,Mensual,8,45.54,7.0,260,0,2,0,4,0,1
CL100131,28.0,Junín,Postpago Premium,Mensual,1,125.86,7.3,600,0,0,1,2,1,0
CL102836,36.0,Arequipa,Postpago Básico,Anual,5,49.5,10.6,318,0,0,0,9,0,1
CL105402,35.0,Lambayeque,Postpago Básico,Anual,56,57.97,2.8,306,1,0,1,12,1,0
CL104768,61.0,Lima,Prepago,Mensual,1,26.67,5.5,177,0,1,2,0,1,0
CL106652,41.0,Cusco,Postpago Básico,Anual,28,43.16,5.4,401,0,1,1,0,1,0
CL106532,34.0,Cusco,Postpago Plus,Mensual,10,69.53,3.6,558,0,0,2,6,1,0
CL100404,52.0,Arequipa,Postpago Premium,Anual,19,120.73,43.2,518,2,0,1,0,0,0
CL103661,,Lambayeque,Postpago Premium,Mensual,23,117.76,1.5,502,1,0,0,0,1,0
CL103045,25.0,Lima,Postpago Premium,Mensual,2,137.12,27.2,644,0,2,3,1,1,0
CL101248,43.0,Lima,Postpago Plus,Mensual,2,67.95,30.3,221,2,0,1,4,1,0
CL105537,36.0,Áncash,Postpago Básico,Mensual,27,33.52,16.6,353,1,1,0,12,1,0
CL100998,40.0,Cusco,Postpago Premium,18 meses,23,102.14,24.2,800,0,0,6,1,1,0
CL103481,40.0,La Libertad,Postpago Plus,18 meses,4,62.02,9.0,808,0,0,1,0,0,0
CL100358,39.0,Lima,Postpago Básico,Anual,38,56.67,3.6,456,1,0,0,1,1,0
CL104823,42.0,La Libertad,Postpago Plus,Mensual,7,79.93,8.3,454,0,3,1,10,0,0
CL103566,46.0,Junín,Postpago Plus,Anual,22,66.96,23.2,474,0,0,0,1,1,0
CL107070,38.0,Arequipa,Postpago Básico,Mensual,38,42.63,32.1,394,1,1,1,6,0,1
CL100567,23.0,Piura,Prepago,Mensual,18,26.96,10.4,436,0,0,0,9,0,0
CL101120,41.0,Arequipa,Postpago Básico,Mensual,26,30.06,13.8,280,2,2,2,2,0,0
CL100980,25.0,Cusco,Postpago Premium,Mensual,69,111.61,12.1,704,1,0,1,6,1,0
CL100312,18.0,Arequipa,Prepago,Mensual,43,30.27,16.1,354,0,0,2,10,1,0
CL104259,51.0,Lima,Prepago,Mensual,6,26.97,11.3,426,2,2,3,4,1,0
CL100469,18.0,Lima,Postpago Básico,Mensual,49,37.68,21.3,262,0,3,0,9,0,0
CL102515,,Áncash,Postpago Plus,Mensual,37,61.18,4.3,510,0,1,0,1,1,0
CL106376,18.0,Lima,Prepago,Mensual,28,26.03,9.3,190,0,0,2,1,1,0
CL101268,26.0,Lima,Postpago Básico,Anual,25,48.47,10.5,210,0,1,0,1,0,0
CL102296,26.0,Lima,Postpago Plus,Mensual,7,82.23,16.0,530,2,0,3,7,1,1
CL102391,46.0,Cusco,Postpago Plus,Anual,53,73.91,9.0,403,3,1,0,2,1,0
CL100686,57.0,Áncash,Postpago Básico,Mensual,56,48.78,7.2,550,0,0,2,6,1,0
CL105832,44.0,Piura,Prepago,Mensual,11,22.85,5.0,372,1,0,1,6,0,0
CL103076,47.0,Piura,Prepago,Mensual,3,24.41,8.8,224,1,3,0,10,0,0
CL101767,21.0,Lima,Prepago,Mensual,9,22.35,16.7,540,1,0,2,6,0,0
CL101775,34.0,Arequipa,Postpago Básico,Mensual,12,40.72,7.7,338,0,0,3,4,1,0
CL104789,21.0,Lima,Postpago Plus,18 meses,79,67.87,,541,2,0,3,1,1,0
CL102393,25.0,Lima,Prepago,Mensual,45,23.44,6.1,302,0,2,1,3,1,0
CL105706,18.0,Lima,Postpago Premium,18 meses,25,116.58,67.0,561,0,1,0,11,0,0
CL106408,46.0,Lima,Postpago Básico,Anual,25,50.44,21.5,412,0,2,1,3,0,1
CL105017,18.0,Lambayeque,Postpago Básico,Mensual,10,39.68,22.0,533,1,0,0,0,1,0
CL100072,30.0,Lambayeque,Postpago Plus,Anual,4,63.12,28.5,487,0,1,1,12,1,0
CL102314,51.0,Lima,Prepago,Mensual,38,19.29,7.2,505,0,0,2,10,0,0
CL100812,28.0,Cusco,Postpago Premium,18 meses,6,89.69,22.7,636,2,1,1,13,1,0
CL105408,49.0,Arequipa,Prepago,Mensual,13,25.53,4.1,309,1,0,1,2,1,0
CL107193,31.0,Piura,Postpago Básico,Anual,63,49.9,7.8,564,1,0,0,5,1,0
CL101734,50.0,Lima,Postpago Plus,Anual,46,62.63,14.4,398,0,1,1,2,1,0
CL100644,49.0,Cusco,Postpago Básico,Mensual,19,35.62,2.7,575,1,1,0,12,0,0
CL107147,26.0,Lima,Postpago Plus,18 meses,10,84.52,,376,1,2,2,0,1,1
CL101769,54.0,Lima,Postpago Plus,Mensual,23,64.39,11.4,679,2,1,2,0,1,0
CL101156,45.0,Lima,Prepago,Mensual,8,33.82,9.1,135,2,0,3,5,1,0
CL105578,25.0,Arequipa,Postpago Plus,Anual,20,81.01,9.1,292,1,2,0,1,1,0
CL107026,49.0,Lima,Postpago Básico,Anual,95,44.83,5.4,501,1,2,1,0,1,0
CL106475,40.0,La Libertad,Prepago,Mensual,6,26.57,7.4,248,3,1,0,1,1,0
CL101850,47.0,Lima,Prepago,Mensual,41,25.38,27.2,285,0,1,2,1,0,0
CL102868,45.0,Lima,Postpago Premium,Mensual,2,105.23,7.5,686,1,0,2,1,1,0
CL106023,18.0,Piura,Postpago Plus,Anual,4,67.69,57.2,445,0,0,2,3,1,0
CL102821,48.0,Lambayeque,Postpago Básico,Mensual,30,40.99,7.4,435,0,1,2,0,1,1
CL104660,46.0,Lima,Postpago Plus,Mensual,23,72.44,1.0,378,0,0,2,0,0,0
CL100735,18.0,Lima,Postpago Plus,Anual,11,62.71,34.6,518,0,1,1,2,1,1
CL100296,25.0,Junín,Postpago Premium,Anual,42,93.48,19.1,748,0,1,1,0,1,0
CL103193,21.0,Lima,Postpago Plus,Mensual,5,67.27,10.1,486,0,0,1,3,1,0
CL107145,46.0,Cusco,Postpago Plus,Anual,47,64.34,28.5,306,0,0,2,15,1,0
CL105973,46.0,Lima,Postpago Premium,Mensual,4,123.3,20.0,442,1,1,0,2,1,0
CL100654,37.0,Piura,Postpago Plus,Mensual,67,69.95,18.4,462,2,1,0,2,0,0
CL103040,38.0,Cusco,Prepago,Mensual,6,20.69,28.0,332,0,0,1,1,0,0
CL100021,18.0,Junín,Prepago,Mensual,5,25.48,3.0,105,0,1,1,3,1,0
CL103428,30.0,Lima,Postpago Premium,Anual,21,105.67,36.4,478,0,1,0,7,1,0
CL100804,43.0,Arequipa,Prepago,Mensual,34,21.22,3.0,107,3,1,2,5,0,0
CL105974,45.0,Cusco,Postpago Premium,18 meses,15,119.71,22.3,691,0,1,1,2,0,0
CL104783,41.0,Áncash,Postpago Básico,Mensual,32,32.47,5.9,284,0,0,2,0,1,0
CL100951,30.0,Arequipa,Prepago,Mensual,12,20.48,5.4,197,1,1,0,3,1,0
CL104727,65.0,Piura,Prepago,Mensual,18,23.99,15.7,141,0,0,1,0,1,0
CL101731,30.0,La Libertad,Prepago,Mensual,28,20.75,5.3,62,3,0,1,0,1,0
CL106516,24.0,Lima,Postpago Plus,Mensual,40,76.39,12.7,449,1,0,2,0,1,0
CL103414,43.0,Áncash,Prepago,Mensual,43,25.57,3.4,159,3,1,1,0,1,0
CL104398,,Lambayeque,Prepago,Mensual,37,32.9,4.2,527,0,1,2,9,1,0
CL103081,40.0,Cusco,Prepago,Mensual,44,24.35,6.9,518,1,0,1,6,0,0
CL103107,31.0,Lima,Postpago Básico,Mensual,96,47.28,6.6,269,0,0,4,2,1,0
CL100768,27.0,Junín,Prepago,Mensual,52,32.55,5.2,220,0,2,2,2,1,0
CL104003,34.0,Lima,Prepago,Mensual,27,19.55,6.7,346,3,2,2,1,1,0
CL104190,51.0,Lima,Prepago,Mensual,15,18.67,3.9,299,0,0,2,8,1,0
CL101155,23.0,Lima,Prepago,Mensual,13,25.27,16.2,345,0,1,3,6,0,0
CL102145,51.0,Junín,Postpago Premium,Mensual,5,85.28,23.7,442,1,0,0,3,1,0
CL107083,74.0,Arequipa,Prepago,Mensual,25,17.57,1.9,388,0,0,1,6,1,0
CL103547,30.0,Lima,Postpago Premium,18 meses,12,88.8,22.8,468,2,1,0,3,0,0
CL101974,35.0,Lambayeque,Prepago,Mensual,6,30.02,14.2,346,1,1,1,4,0,0
CL101624,18.0,Áncash,Postpago Básico,18 meses,6,40.81,8.0,402,2,0,0,2,1,0
CL102598,45.0,Lima,Postpago Premium,18 meses,68,138.78,19.6,518,1,2,2,4,1,0
CL102776,48.0,Lima,Postpago Básico,Mensual,65,43.5,23.1,514,2,0,2,0,0,0
CL103279,46.0,Lambayeque,Prepago,Mensual,2,34.6,18.2,152,1,0,2,2,1,0
CL100385,18.0,Piura,Postpago Premium,Mensual,48,113.49,28.4,613,0,0,0,9,1,0
CL105166,32.0,Áncash,Prepago,Mensual,4,26.06,,359,0,1,4,1,0,0
CL105242,31.0,Lima,Prepago,Mensual,7,31.65,15.1,179,1,1,0,6,1,1
CL103327,44.0,Lima,Postpago Plus,Mensual,45,61.88,24.0,519,0,1,2,5,1,0
CL105865,33.0,La Libertad,Prepago,Mensual,5,25.03,18.2,306,0,1,5,0,0,1
CL100151,34.0,Junín,Postpago Plus,Mensual,57,68.89,38.6,350,3,0,0,1,1,0
CL100549,19.0,Lima,Postpago Básico,Mensual,10,52.94,9.1,669,0,0,0,2,0,0
CL104155,19.0,Lima,Prepago,Mensual,1,26.31,13.7,605,1,1,1,0,0,0
CL104860,27.0,Lambayeque,Postpago Básico,Mensual,3,41.77,11.2,164,1,0,2,7,1,1
CL102059,29.0,Piura,Prepago,Mensual,16,27.12,7.6,372,1,1,3,0,1,0
CL106160,39.0,Arequipa,Postpago Plus,Mensual,31,50.9,13.1,529,1,2,1,4,0,1
CL102065,59.0,Arequipa,Postpago Premium,Mensual,18,116.63,39.0,459,1,0,0,1,0,0
CL102819,37.0,Piura,Postpago Premium,Anual,21,115.87,25.9,457,1,1,2,1,1,0
CL103645,48.0,La Libertad,Postpago Plus,Mensual,24,65.25,72.6,529,1,0,0,2,1,0
CL104456,19.0,Lima,Prepago,Mensual,42,23.84,1.2,439,1,1,0,0,1,0
CL107256,34.0,Lima,Postpago Básico,Mensual,23,43.61,4.7,471,0,1,2,2,1,0
CL103234,18.0,Cusco,Prepago,Mensual,3,24.89,13.9,472,0,2,0,1,1,0
CL102509,42.0,La Libertad,Postpago Básico,Mensual,31,48.21,22.4,276,2,2,1,16,1,0
CL106456,31.0,Lima,Postpago Básico,Mensual,14,32.65,11.2,432,0,1,1,1,1,0
CL101501,39.0,Lima,Postpago Premium,Anual,14,122.93,16.4,435,1,0,0,0,0,0
CL102523,39.0,Cusco,Postpago Básico,Mensual,19,47.23,,171,1,0,0,3,0,0
CL103309,41.0,Piura,Prepago,Mensual,1,25.1,9.5,288,2,0,2,2,0,0
CL103033,42.0,Lima,Prepago,Mensual,34,28.42,29.9,344,1,1,1,2,0,0
CL101531,32.0,Arequipa,Prepago,Mensual,18,19.36,9.0,373,3,0,5,8,1,1
CL106113,22.0,Lima,Postpago Premium,Anual,6,80.11,39.1,530,0,0,0,3,0,0
CL101616,19.0,Piura,Prepago,Mensual,17,24.57,2.0,310,0,1,2,1,0,0
CL106580,51.0,La Libertad,Postpago Plus,Mensual,32,60.29,41.7,397,0,1,4,0,0,0
CL106306,51.0,La Libertad,Postpago Plus,18 meses,65,77.59,72.8,659,0,0,2,3,1,0
CL103180,49.0,Lima,Postpago Premium,Anual,20,113.8,18.1,439,0,2,1,1,1,0
CL101100,50.0,Lima,Prepago,Mensual,1,20.91,15.9,188,1,0,3,3,1,0
CL102951,37.0,Lima,Postpago Plus,Mensual,2,61.21,39.5,205,0,0,2,8,1,0
CL100975,38.0,Cusco,Postpago Básico,18 meses,1,36.31,25.4,440,1,0,1,4,1,0
CL102931,43.0,Piura,Prepago,Mensual,17,25.75,6.0,734,1,1,2,3,0,1
CL107178,34.0,Junín,Postpago Premium,Anual,9,93.07,8.3,534,0,0,2,0,0,0
CL100921,28.0,Lima,Postpago Plus,Mensual,1,58.58,9.2,327,1,1,0,2,1,0
CL102070,26.0,Junín,Postpago Plus,Anual,11,70.52,4.1,705,0,0,1,2,0,0
CL102545,33.0,Lima,Prepago,Mensual,15,30.2,6.3,219,0,1,1,3,1,0
CL102404,60.0,La Libertad,Postpago Plus,Mensual,31,59.03,6.0,611,2,1,0,2,1,0
CL104757,26.0,La Libertad,Postpago Premium,Anual,19,99.18,15.5,611,1,0,1,0,1,0
CL106406,52.0,Áncash,Postpago Premium,Mensual,71,92.44,8.9,497,1,1,0,2,1,0
CL105232,36.0,Junín,Postpago Básico,Mensual,9,48.31,17.3,414,0,2,1,6,0,0
CL106385,24.0,Lima,Postpago Plus,18 meses,6,66.29,16.3,397,0,0,0,0,1,0
CL102222,41.0,Cusco,Postpago Básico,18 meses,6,57.01,15.7,325,1,0,2,2,0,1
CL107117,34.0,Cusco,Postpago Plus,Anual,19,69.29,7.7,398,0,1,0,0,1,0
CL104295,36.0,Cusco,Postpago Básico,18 meses,12,46.6,16.0,416,1,1,0,0,1,0
CL103232,18.0,Piura,Postpago Básico,Mensual,5,55.12,18.2,138,1,0,1,6,1,0
CL101412,46.0,Cusco,Postpago Plus,Anual,2,66.34,13.7,256,0,3,1,10,0,1
CL105135,37.0,Lima,Postpago Básico,Mensual,9,52.0,1.6,348,0,0,2,10,1,0
CL103959,30.0,Lima,Postpago Básico,Mensual,23,43.21,19.9,350,0,0,0,6,0,0
CL105997,33.0,La Libertad,Postpago Plus,Mensual,30,74.0,15.8,577,0,0,1,1,1,0
CL103001,40.0,Junín,Postpago Básico,Anual,10,45.61,8.2,354,1,0,2,1,1,0
CL100703,37.0,Lima,Postpago Plus,18 meses,15,65.34,8.1,707,0,0,1,3,1,0
CL102591,28.0,Lima,Postpago Plus,18 meses,48,72.91,17.6,380,1,1,0,2,1,0
CL104793,50.0,Lima,Postpago Premium,Anual,5,98.6,20.2,433,0,1,2,1,1,0
CL102905,39.0,La Libertad,Postpago Básico,Anual,26,32.17,19.7,476,2,0,0,2,1,0
CL107068,41.0,La Libertad,Postpago Básico,Anual,2,44.42,16.3,424,2,1,1,3,1,0
CL105636,25.0,Cusco,Prepago,Mensual,27,27.89,,115,2,1,2,1,1,0
CL103010,18.0,Lima,Prepago,Mensual,49,30.6,11.8,181,0,1,3,8,1,0
CL101566,44.0,Arequipa,Prepago,Mensual,2,24.53,16.5,212,1,0,0,2,1,0
CL104967,25.0,Junín,Prepago,Mensual,12,24.23,4.4,243,0,4,1,1,0,0
CL103079,36.0,Lima,Prepago,Mensual,16,22.52,23.4,233,0,0,0,6,1,0
CL106010,27.0,Lima,Postpago Plus,Anual,12,74.1,6.2,542,1,2,1,1,0,0
CL101552,41.0,Cusco,Prepago,Mensual,17,26.07,15.9,297,2,2,2,7,0,0
CL101560,39.0,La Libertad,Postpago Premium,Anual,29,89.33,26.6,634,0,1,0,3,1,0
CL103235,29.0,Lima,Prepago,Mensual,6,22.6,19.2,190,0,2,0,3,0,0
CL106632,59.0,La Libertad,Postpago Plus,Mensual,3,67.4,17.8,404,0,0,0,8,1,1
CL103845,35.0,Lima,Postpago Básico,Mensual,24,35.33,12.4,382,0,2,1,2,0,0
CL101186,20.0,Lima,Postpago Básico,18 meses,6,31.0,,275,0,1,1,0,1,0
CL101362,50.0,Lima,Postpago Básico,Mensual,21,43.71,9.0,334,2,1,0,3,1,1
CL102400,34.0,Lima,Postpago Básico,18 meses,56,40.38,2.6,270,2,3,1,2,0,0
CL101673,53.0,Lima,Prepago,Mensual,71,25.12,2.8,364,0,1,1,3,1,0
CL100959,35.0,Arequipa,Postpago Básico,Mensual,3,48.13,21.8,493,0,1,3,5,1,0
CL107471,40.0,Lima,Postpago Plus,Mensual,5,83.63,31.7,350,1,0,3,1,1,0
CL107164,18.0,Lima,Postpago Premium,Mensual,11,101.87,39.1,542,0,1,0,1,0,0
CL104294,41.0,Arequipa,Postpago Plus,Mensual,62,63.23,10.3,373,1,0,1,5,0,0
CL106144,43.0,Lima,Postpago Básico,18 meses,47,50.98,14.7,637,1,0,1,7,1,0
CL107268,37.0,Cusco,Postpago Premium,Anual,7,91.77,18.0,624,1,0,1,0,1,0
CL106794,18.0,Áncash,Postpago Básico,Anual,48,47.69,15.8,457,0,1,2,0,1,0
CL102907,38.0,Lima,Prepago,Mensual,12,25.93,17.0,265,0,0,1,0,1,1
CL103248,33.0,Lima,Postpago Plus,18 meses,7,78.97,23.3,539,0,1,0,0,1,0
CL104352,41.0,Lambayeque,Postpago Básico,Mensual,7,46.46,10.2,312,0,0,0,4,0,0
CL104515,24.0,Junín,Prepago,Mensual,6,24.75,,364,1,0,1,6,0,1
CL105795,18.0,Piura,Postpago Básico,Mensual,5,44.63,9.3,385,1,2,2,5,1,1
CL103897,,Cusco,Postpago Básico,Anual,28,38.2,12.2,228,1,2,1,1,1,0
CL100633,18.0,Arequipa,Prepago,Mensual,13,28.52,7.6,206,2,1,0,13,0,0
CL103357,18.0,Lima,Postpago Básico,18 meses,3,45.85,8.7,228,2,1,1,3,1,1
CL104662,41.0,Lambayeque,Postpago Básico,Mensual,15,51.6,26.4,111,0,0,1,0,1,0
CL105542,46.0,Arequipa,Postpago Básico,Mensual,7,47.92,6.2,368,0,1,2,3,0,1
CL105417,22.0,Piura,Postpago Premium,18 meses,36,91.3,19.4,319,0,1,0,3,1,0
CL107217,27.0,Lima,Postpago Plus,Mensual,6,86.87,9.3,475,0,1,1,0,1,1
CL106666,30.0,Arequipa,Postpago Plus,18 meses,51,61.43,12.8,446,0,0,2,0,1,0
CL106190,38.0,Áncash,Postpago Plus,Mensual,15,68.2,13.2,412,3,2,0,3,1,0
CL106929,18.0,Lima,Postpago Premium,18 meses,2,68.82,24.8,560,0,0,1,4,0,0
CL102532,33.0,Arequipa,Postpago Plus,Mensual,21,66.26,30.9,367,0,0,0,5,0,0
CL100728,33.0,Lima,Postpago Básico,Anual,15,44.12,24.1,335,1,0,3,3,1,0
CL104006,30.0,La Libertad,Postpago Básico,Mensual,16,48.08,6.2,80,1,1,0,8,0,0
CL100707,45.0,Lima,Postpago Plus,Mensual,30,83.49,11.4,544,3,1,1,10,0,0
CL103663,24.0,Lambayeque,Postpago Básico,Mensual,11,48.73,8.0,159,1,1,2,1,0,0
CL103401,38.0,Cusco,Postpago Plus,Mensual,4,73.25,1.5,376,3,2,0,4,0,0
CL106795,44.0,Lima,Postpago Básico,Anual,26,42.32,19.6,185,0,2,0,0,1,0
CL101211,18.0,Cusco,Postpago Plus,Mensual,17,84.83,16.8,626,0,0,1,1,1,0
CL103887,32.0,Lima,Postpago Plus,Mensual,28,82.43,26.1,385,0,1,0,9,1,0
CL100352,53.0,Lima,Postpago Básico,Anual,55,43.38,4.2,341,2,2,2,0,1,0
CL100181,22.0,Lima,Postpago Plus,Anual,34,61.03,3.7,418,0,0,0,4,0,0
CL105932,30.0,Lima,Prepago,Mensual,15,24.7,6.0,383,0,1,1,6,1,0
CL101197,19.0,Piura,Postpago Básico,Mensual,7,43.21,5.4,436,0,1,2,5,1,1
CL104146,20.0,Lambayeque,Prepago,Mensual,28,19.58,8.0,281,1,1,0,5,1,0
CL104034,20.0,Arequipa,Prepago,Mensual,56,24.79,8.7,216,3,0,0,2,1,1
CL101131,40.0,Lima,Postpago Básico,Mensual,44,54.38,15.3,452,1,1,2,4,0,0
CL100158,46.0,Lambayeque,Postpago Plus,Mensual,9,65.89,17.6,386,0,0,1,14,1,0
CL104127,,Lambayeque,Postpago Básico,Anual,13,55.6,44.9,501,2,0,0,16,1,0
CL105024,21.0,Cusco,Postpago Básico,Mensual,30,52.11,10.5,305,0,0,2,2,1,0
CL103308,53.0,Lima,Postpago Básico,18 meses,36,47.11,16.5,475,0,0,1,0,1,0
CL105789,57.0,La Libertad,Postpago Básico,Mensual,5,48.66,5.3,646,0,2,1,1,1,1
CL104933,56.0,Junín,Prepago,Mensual,5,32.08,15.9,187,0,1,2,5,1,0
CL106629,54.0,Lima,Postpago Plus,Mensual,7,84.66,35.0,528,0,0,0,0,1,0
CL105967,51.0,Cusco,Prepago,Mensual,4,26.53,8.7,309,2,2,0,3,0,0
CL103637,38.0,Lima,Prepago,Mensual,11,24.81,16.4,199,1,1,1,9,0,0
CL100322,18.0,Junín,Prepago,Mensual,26,25.06,6.0,391,0,0,1,4,1,0
CL103078,26.0,Lima,Postpago Básico,18 meses,19,33.55,16.6,271,0,0,2,1,1,0
CL102897,54.0,La Libertad,Prepago,Mensual,3,25.23,2.6,122,0,1,3,2,1,1
CL102607,46.0,Cusco,Prepago,Mensual,71,31.18,12.5,222,3,0,2,2,1,0
CL107015,35.0,Lima,Postpago Premium,18 meses,12,82.95,16.7,348,0,0,1,2,0,0
CL101125,44.0,La Libertad,Postpago Básico,Anual,42,43.41,6.4,520,0,0,1,5,0,0
CL104804,61.0,La Libertad,Postpago Plus,18 meses,61,83.82,12.4,466,0,2,3,5,1,0
CL101444,52.0,Piura,Prepago,Mensual,38,31.79,5.9,335,0,0,0,13,1,0
CL102159,54.0,Lima,Prepago,Mensual,2,29.46,10.1,144,1,1,3,6,1,1
CL107169,41.0,Arequipa,Prepago,Mensual,7,32.32,20.0,242,0,0,4,3,0,0
CL106021,41.0,Arequipa,Postpago Plus,Mensual,8,67.3,17.0,307,1,0,3,4,1,1
CL102530,53.0,Lima,Postpago Básico,Anual,73,58.01,15.3,346,1,1,1,5,1,0
CL105245,38.0,Lima,Postpago Básico,Mensual,7,44.51,6.5,255,1,2,2,2,1,0
CL103867,41.0,La Libertad,Prepago,Mensual,2,26.71,6.1,337,0,1,1,1,1,1
CL102599,38.0,Áncash,Postpago Premium,Anual,4,110.73,11.9,392,0,0,0,0,1,0
CL107056,37.0,Lambayeque,Postpago Plus,Anual,4,76.85,8.3,224,3,0,1,7,0,0
CL100329,55.0,Lima,Prepago,Mensual,10,22.28,10.6,215,0,0,0,1,1,0
CL100932,31.0,Arequipa,Postpago Básico,Anual,77,46.96,13.1,279,0,0,0,2,1,0
CL102772,31.0,Cusco,Postpago Plus,Mensual,31,54.86,6.4,385,1,1,3,2,1,0
CL103796,45.0,Lambayeque,Postpago Básico,18 meses,8,43.52,20.2,364,2,1,0,2,1,0
CL106509,35.0,La Libertad,Postpago Básico,Mensual,8,42.28,8.2,348,0,3,3,6,1,0
CL103440,33.0,Lima,Prepago,Mensual,9,24.59,9.8,259,1,0,0,1,0,0
CL105299,47.0,Arequipa,Prepago,Mensual,83,27.8,5.8,223,1,2,0,0,0,0
CL104656,25.0,Lima,Postpago Plus,Anual,18,51.64,20.6,421,1,0,0,4,1,0
CL105266,29.0,Arequipa,Prepago,Mensual,5,27.64,5.6,440,0,1,1,2,1,0
CL102524,24.0,Lima,Postpago Premium,Anual,33,108.58,17.5,776,0,0,1,2,1,0
CL100054,34.0,Lima,Postpago Plus,Mensual,6,90.53,17.3,314,0,0,1,0,1,1
CL106872,18.0,Lima,Postpago Básico,Mensual,16,35.83,,253,1,0,3,2,1,0
CL101881,18.0,La Libertad,Postpago Básico,Anual,13,42.23,6.7,270,0,0,1,0,1,0
CL106783,30.0,Lima,Prepago,Mensual,9,26.04,2.8,196,3,0,2,2,0,0
CL100380,45.0,Lima,Postpago Básico,Mensual,33,46.53,19.9,366,2,0,2,2,0,0
CL103948,23.0,Lima,Postpago Plus,Mensual,16,62.91,47.2,466,0,2,1,8,1,0
CL106568,44.0,Piura,Postpago Básico,Mensual,36,51.61,22.5,733,0,2,1,1,1,0
CL100128,47.0,Cusco,Prepago,Mensual,12,21.29,9.8,459,0,0,2,3,0,0
CL105870,26.0,Lima,Postpago Básico,Anual,75,43.62,5.5,388,0,0,2,0,1,0
CL102395,24.0,La Libertad,Postpago Premium,Mensual,6,129.72,22.9,370,0,0,1,4,1,0
CL106264,49.0,Lambayeque,Postpago Básico,Mensual,67,38.6,13.7,546,0,2,0,0,1,0
CL104171,54.0,Lambayeque,Postpago Plus,Mensual,80,83.02,6.5,470,0,0,0,1,1,0
CL106939,43.0,Arequipa,Prepago,Mensual,5,30.5,16.4,365,2,2,0,4,0,0
CL106088,79.0,Lima,Prepago,Mensual,63,28.33,5.0,237,1,0,2,5,0,0
CL101804,38.0,Lima,Postpago Básico,18 meses,28,42.66,34.4,294,1,1,0,5,1,0
CL105668,73.0,Lima,Postpago Básico,Anual,8,45.08,6.1,364,1,2,3,0,1,0
CL102581,35.0,Lambayeque,Postpago Plus,Anual,24,64.72,17.9,400,1,0,0,1,0,0
CL107185,35.0,Lima,Postpago Básico,Anual,9,39.67,,486,0,0,0,0,1,0
CL100657,39.0,Lima,Prepago,Mensual,2,25.55,8.7,441,0,0,2,19,1,0
CL102801,50.0,Lima,Postpago Básico,18 meses,10,57.47,11.2,478,1,0,1,1,1,0
CL105605,29.0,Lima,Postpago Básico,Anual,47,35.89,5.4,367,2,0,2,1,1,0
CL100525,34.0,Lima,Prepago,Mensual,37,22.98,13.9,305,2,1,2,1,1,0
CL104502,38.0,Junín,Postpago Básico,Mensual,33,56.62,21.7,353,1,2,1,7,0,0
CL106356,36.0,Cusco,Prepago,Mensual,9,26.74,7.8,273,0,2,1,7,0,0
CL105509,36.0,Lima,Postpago Básico,Anual,42,48.01,24.1,447,1,0,0,0,0,0
CL102289,37.0,Lima,Prepago,Mensual,6,29.39,4.4,284,0,1,0,0,0,0
CL101351,45.0,Lima,Postpago Plus,Anual,8,65.19,4.1,391,3,0,1,1,1,0
CL105357,38.0,Lima,Postpago Básico,Mensual,16,39.24,,450,1,1,0,3,1,0
CL100071,55.0,Arequipa,Postpago Básico,18 meses,41,38.06,11.4,468,0,0,0,2,1,1
CL105117,55.0,Lambayeque,Postpago Plus,Anual,32,76.09,38.3,595,1,0,1,1,0,0
CL101944,27.0,Áncash,Postpago Plus,Mensual,3,77.77,30.0,395,0,1,0,2,1,0
CL105049,46.0,Junín,Postpago Premium,Mensual,43,133.68,1.9,664,1,1,2,1,1,0
CL103589,58.0,Lima,Prepago,Mensual,26,25.61,1.4,247,0,0,0,1,1,0
CL100033,30.0,La Libertad,Prepago,Mensual,3,24.66,9.5,290,3,3,0,1,0,0
CL105949,34.0,La Libertad,Postpago Básico,Anual,9,45.88,22.4,458,0,1,1,5,1,1
CL100487,48.0,La Libertad,Prepago,Mensual,14,22.93,,407,1,0,1,1,1,0
CL107312,37.0,Lambayeque,Postpago Básico,Anual,44,47.35,3.1,434,0,0,2,2,1,0
CL102883,45.0,Lima,Prepago,Mensual,96,28.69,5.0,39,0,0,2,17,0,0
CL104462,38.0,Lima,Prepago,Mensual,2,24.15,17.4,347,0,2,0,3,1,1
CL105514,29.0,Lima,Prepago,Mensual,18,29.88,16.1,0,2,0,1,5,0,0
CL100805,43.0,Junín,Prepago,Mensual,28,27.8,5.2,384,1,1,1,2,1,0
CL100658,45.0,Lima,Postpago Básico,Anual,8,46.52,7.9,189,0,1,4,11,0,0
CL101490,18.0,Lima,Prepago,Mensual,51,24.8,6.9,381,1,2,3,1,1,0
CL107127,30.0,Cusco,Postpago Básico,Mensual,14,53.32,,347,0,1,3,2,0,1
CL104987,40.0,La Libertad,Prepago,Mensual,22,24.14,8.5,405,0,0,4,2,1,0
CL107077,18.0,Piura,Postpago Premium,Mensual,27,106.29,34.4,232,0,1,1,17,1,0
CL107139,26.0,Junín,Prepago,Mensual,58,25.37,27.6,236,0,1,0,12,1,0
CL105369,35.0,Lima,Prepago,Mensual,24,25.55,13.2,361,1,0,1,2,1,0
CL106083,64.0,Lima,Prepago,Mensual,26,33.2,16.0,238,0,0,1,1,0,0
CL103429,18.0,La Libertad,Postpago Plus,Anual,14,79.1,35.6,539,1,4,2,3,1,1
CL105041,33.0,Lima,Prepago,Mensual,41,27.16,5.8,314,0,1,1,7,1,0
CL101919,25.0,Arequipa,Postpago Premium,Mensual,96,108.18,9.6,677,0,0,3,7,1,0
CL100132,64.0,Piura,Postpago Básico,Anual,32,50.06,11.0,522,0,2,2,6,1,1
CL103586,22.0,Arequipa,Postpago Básico,Anual,3,43.32,18.6,630,1,1,2,3,1,0
CL103070,24.0,Piura,Prepago,Mensual,25,26.08,13.9,463,0,0,1,1,1,1
CL105939,43.0,Lima,Postpago Plus,18 meses,7,68.41,30.6,412,1,2,2,0,1,0
CL103711,32.0,Cusco,Postpago Plus,Mensual,6,74.59,1.9,484,0,1,1,2,0,1
CL104004,49.0,Lima,Postpago Básico,Mensual,12,59.39,10.2,254,0,1,1,1,1,0
CL104775,33.0,Áncash,Prepago,Mensual,22,29.81,4.9,426,1,2,1,1,0,1
CL100039,41.0,Arequipa,Postpago Básico,Anual,12,51.43,13.2,248,0,1,0,3,0,0
CL100099,48.0,Lima,Postpago Premium,Anual,10,103.31,19.5,597,0,0,2,5,0,0
CL104863,,Arequipa,Postpago Plus,Mensual,30,59.64,12.6,342,0,0,1,0,0,0
CL106624,27.0,Lima,Prepago,Mensual,4,24.47,2.1,140,2,0,2,0,0,0
CL105639,69.0,Lima,Postpago Básico,Anual,4,53.74,15.1,506,0,0,0,5,1,0
CL107146,46.0,Junín,Prepago,Mensual,15,27.5,7.1,384,0,0,4,3,1,1
CL106419,29.0,Lima,Postpago Plus,Mensual,21,91.03,14.4,326,1,2,1,1,1,0
CL106675,33.0,Lima,Prepago,Mensual,50,29.74,12.4,347,2,1,3,9,1,0
CL102757,36.0,Lima,Postpago Plus,Anual,1,49.91,15.2,467,0,1,1,6,1,0
CL100552,32.0,La Libertad,Prepago,Mensual,61,22.23,10.0,303,2,3,0,1,0,0
CL106469,48.0,La Libertad,Postpago Plus,18 meses,30,71.93,4.7,550,0,0,1,0,1,0
CL105616,43.0,La Libertad,Postpago Básico,Anual,1,53.92,3.9,418,0,0,0,1,0,0
CL105022,40.0,Lima,Postpago Plus,Mensual,2,75.91,31.3,387,0,1,1,1,0,0
CL104212,45.0,Lambayeque,Postpago Básico,Anual,31,52.85,8.6,336,0,1,1,1,1,0
CL100467,31.0,Lambayeque,Postpago Premium,18 meses,1,104.21,14.0,652,1,0,0,1,1,0
CL104185,39.0,Junín,Postpago Plus,Anual,8,72.25,10.3,544,0,0,0,1,0,0
CL102080,41.0,Lima,Postpago Básico,Mensual,23,43.17,,312,0,0,2,5,0,0
CL105875,30.0,Arequipa,Postpago Básico,Mensual,61,49.56,8.8,142,0,1,0,10,1,0
CL102745,49.0,Junín,Postpago Plus,Anual,2,55.14,18.4,353,0,1,0,1,0,0
CL100229,27.0,Lima,Prepago,Mensual,22,26.1,2.4,324,2,1,2,1,1,0
CL104107,32.0,Lima,Postpago Plus,18 meses,4,69.53,13.4,623,0,0,0,5,0,0
CL100788,46.0,Piura,Postpago Plus,Anual,29,73.17,24.3,513,2,1,0,13,0,0
CL103449,42.0,La Libertad,Postpago Plus,Anual,9,68.61,12.2,155,0,1,1,7,0,0
CL101081,18.0,Cusco,Postpago Premium,Anual,11,138.04,37.9,410,1,0,0,3,1,0
CL101488,33.0,Lambayeque,Postpago Plus,Mensual,21,92.21,11.2,458,0,0,0,2,0,0
CL105794,48.0,Arequipa,Postpago Plus,Anual,6,73.64,20.4,602,0,3,0,0,0,0
CL106560,30.0,Junín,Postpago Básico,Mensual,66,34.6,12.4,240,2,2,1,18,1,0
CL103390,45.0,Piura,Prepago,Mensual,9,25.78,12.2,354,0,0,1,3,1,0
CL104088,18.0,Lima,Prepago,Mensual,6,23.82,17.5,337,3,0,1,0,1,0
CL106387,24.0,Junín,Prepago,Mensual,14,22.84,6.4,223,2,1,3,1,0,0
CL105091,18.0,Cusco,Postpago Plus,Anual,71,92.94,24.2,443,0,0,0,11,1,0
CL106989,34.0,Áncash,Prepago,Mensual,7,24.66,9.8,289,2,1,4,0,1,0
CL106378,23.0,Áncash,Prepago,Mensual,2,26.45,5.7,319,0,4,1,2,0,0
CL106796,51.0,Lima,Postpago Plus,Anual,23,83.98,18.5,135,1,2,3,2,1,1
CL106217,26.0,Piura,Postpago Plus,Anual,2,83.9,34.2,400,2,1,1,2,1,0
CL106740,44.0,Junín,Postpago Básico,Anual,12,48.37,6.7,583,0,0,0,2,0,0
CL104305,62.0,Áncash,Prepago,Mensual,71,24.99,24.0,369,0,0,0,0,1,0
CL100286,32.0,Lima,Prepago,Mensual,4,25.96,17.8,328,1,1,0,1,1,0
CL104687,18.0,Lima,Postpago Básico,Mensual,2,29.39,,426,0,0,1,0,1,0
CL101263,50.0,La Libertad,Postpago Premium,Anual,26,86.0,25.6,448,0,0,1,4,1,0
CL105590,50.0,Lima,Postpago Básico,Anual,6,41.95,8.3,237,0,0,2,1,1,0
CL106269,30.0,La Libertad,Prepago,Mensual,20,26.42,19.2,285,0,0,0,4,0,0
CL100301,71.0,La Libertad,Prepago,Mensual,16,21.44,15.1,141,0,1,1,2,0,0
CL106422,45.0,La Libertad,Postpago Básico,Anual,7,37.62,24.1,353,1,2,1,5,1,0
CL106545,38.0,Lima,Postpago Plus,Mensual,61,84.33,38.9,663,0,1,1,4,1,0
CL106116,36.0,Lima,Postpago Básico,Mensual,1,46.34,7.2,248,0,2,0,3,1,0
CL100527,31.0,La Libertad,Postpago Premium,Mensual,1,106.46,14.1,561,0,1,1,1,0,0
CL105339,58.0,Piura,Prepago,Mensual,20,26.65,7.6,405,0,0,1,3,1,0
CL101600,29.0,Lima,Postpago Premium,Anual,71,126.91,,547,0,1,0,0,1,0
CL106821,44.0,Lima,Postpago Premium,Anual,25,96.39,32.5,637,0,0,1,5,1,0
CL104091,58.0,Lima,Postpago Plus,Anual,39,69.09,35.3,611,2,1,4,2,1,0
CL106857,28.0,Lima,Prepago,Mensual,1,23.03,3.8,505,0,1,2,11,0,0
CL100036,33.0,Piura,Prepago,Mensual,10,31.56,4.7,266,0,3,1,8,0,0
CL103469,19.0,Áncash,Postpago Premium,Anual,14,117.32,22.9,567,2,1,0,0,1,0
CL105572,35.0,Junín,Postpago Básico,Anual,31,43.5,9.6,420,1,2,2,9,0,0
CL106128,42.0,Arequipa,Postpago Básico,Mensual,56,42.93,7.8,646,0,1,1,1,0,0
CL104154,38.0,Áncash,Postpago Básico,18 meses,1,39.07,16.2,303,0,0,2,0,0,0
CL102389,30.0,Arequipa,Prepago,Mensual,1,28.83,4.9,310,2,1,0,11,1,0
CL101007,60.0,Lima,Prepago,Mensual,3,27.41,11.3,190,0,1,0,3,1,0
CL104062,30.0,Áncash,Prepago,Mensual,42,27.43,12.9,221,1,0,1,1,1,0
CL106213,18.0,Lima,Postpago Básico,18 meses,9,49.8,7.9,374,0,2,2,5,0,0
CL103580,37.0,Áncash,Postpago Plus,Mensual,12,67.68,15.4,532,0,1,1,7,0,0
CL100457,36.0,Lima,Postpago Básico,18 meses,64,52.1,21.0,286,0,0,0,5,1,0
CL104612,29.0,La Libertad,Postpago Básico,Mensual,33,49.32,11.7,317,0,0,1,2,0,0
CL106697,29.0,Arequipa,Prepago,Mensual,57,28.6,3.1,386,3,1,0,1,0,0
CL102325,31.0,Arequipa,Postpago Premium,Mensual,17,140.5,18.9,460,1,0,1,0,1,1
CL102618,31.0,La Libertad,Postpago Plus,Anual,41,57.46,3.5,603,2,1,0,14,1,0
CL102477,47.0,La Libertad,Prepago,Mensual,5,17.67,9.1,357,2,2,1,4,1,0
CL102450,35.0,Lima,Postpago Básico,Mensual,4,43.99,16.9,181,2,1,2,1,1,0
CL106503,67.0,Lima,Postpago Plus,Anual,5,81.83,17.7,509,1,1,0,4,1,1
CL104650,53.0,Lima,Postpago Plus,Mensual,46,67.11,40.5,503,0,1,2,1,1,0
CL100163,51.0,Piura,Prepago,Mensual,16,22.69,14.8,469,1,0,1,1,0,1
CL101761,61.0,Lima,Prepago,Mensual,10,17.56,6.8,465,3,0,0,0,1,0
CL102514,39.0,Lima,Prepago,Mensual,23,28.91,14.3,367,1,1,3,0,1,0
CL100182,51.0,Lima,Postpago Básico,Mensual,51,46.89,9.8,372,1,0,2,3,0,0
CL102228,31.0,Piura,Prepago,Mensual,88,28.32,21.4,378,0,2,1,3,1,0
CL107246,32.0,Lima,Postpago Plus,Anual,27,43.96,11.6,501,0,1,1,1,1,0
CL101516,38.0,Lima,Prepago,Mensual,10,26.41,21.9,302,1,2,1,11,0,0
CL103627,48.0,Arequipa,Postpago Básico,18 meses,41,38.67,22.6,495,2,1,2,1,0,0
CL106584,40.0,Cusco,Postpago Básico,18 meses,15,39.05,7.8,363,0,2,1,1,1,0
CL102982,45.0,Piura,Prepago,Mensual,34,24.89,13.2,430,0,0,3,4,1,1
CL103565,55.0,Lima,Postpago Plus,Anual,1,74.01,16.4,462,1,1,1,1,0,0
CL101443,44.0,Lima,Prepago,Mensual,96,26.0,15.0,333,0,1,1,3,1,0
CL106333,47.0,Lima,Postpago Básico,Mensual,55,42.66,4.9,226,0,1,0,0,1,0
CL100246,44.0,Lima,Postpago Básico,18 meses,35,47.57,21.8,389,2,0,2,2,0,0
CL101926,40.0,Lima,Prepago,Mensual,19,27.45,5.9,248,0,0,0,7,0,1
CL100027,32.0,Lima,Prepago,Mensual,26,21.07,1.3,129,0,0,0,10,1,0
CL104581,36.0,Cusco,Postpago Plus,18 meses,19,79.78,2.4,264,0,1,1,0,0,0
CL100143,42.0,Piura,Postpago Básico,Anual,47,30.36,,420,1,0,3,2,1,0
CL102887,35.0,Arequipa,Postpago Premium,Mensual,46,107.39,31.2,590,1,3,1,3,1,0
CL102241,18.0,La Libertad,Prepago,Mensual,61,30.81,3.4,457,1,4,0,1,1,0
CL101039,32.0,Arequipa,Prepago,Mensual,12,29.6,18.6,197,0,1,0,3,0,0
CL100395,27.0,Lima,Postpago Básico,Mensual,16,43.95,13.1,254,0,1,1,3,0,0
CL100697,40.0,Lima,Postpago Básico,Mensual,40,37.78,21.5,215,0,0,4,1,0,0
CL105097,67.0,Lima,Postpago Básico,Anual,21,46.25,18.0,285,0,1,1,0,0,0
CL101918,18.0,Lima,Postpago Básico,Mensual,16,47.5,8.1,433,2,1,2,0,0,1
CL100705,19.0,Piura,Postpago Básico,18 meses,13,57.65,20.8,390,1,1,1,0,0,0
CL105137,26.0,Áncash,Prepago,Mensual,1,24.52,6.5,421,0,1,3,0,0,1
CL103229,39.0,Lima,Postpago Básico,Anual,17,50.62,8.7,417,3,1,3,5,0,0
CL105302,41.0,Lima,Postpago Plus,Mensual,52,82.95,37.5,555,2,2,0,6,0,0
CL105104,38.0,Piura,Postpago Plus,Mensual,17,74.52,5.9,417,1,1,1,12,1,0
CL100492,51.0,Junín,Postpago Básico,18 meses,26,44.09,12.6,430,0,1,0,3,1,0
CL107351,35.0,Áncash,Prepago,Mensual,6,24.99,20.5,463,0,0,1,1,1,0
CL101923,61.0,Lima,Prepago,Mensual,22,21.67,6.2,233,0,1,1,1,1,0
CL106414,42.0,Lima,Postpago Básico,Mensual,14,52.08,21.0,428,0,1,2,6,1,0
CL107014,41.0,Áncash,Prepago,Mensual,12,31.28,4.4,0,0,0,1,0,0,0
CL104923,42.0,Lima,Postpago Plus,18 meses,14,60.5,9.0,652,1,0,4,3,1,0
CL105693,50.0,Lima,Postpago Plus,Anual,1,67.66,17.2,605,1,0,1,0,0,0
CL104836,38.0,Lima,Prepago,Mensual,7,31.38,16.4,334,0,2,2,0,1,0
CL103596,38.0,La Libertad,Postpago Plus,18 meses,4,77.57,20.1,398,2,2,2,2,0,0
CL105921,40.0,Piura,Prepago,Mensual,31,32.37,5.7,248,0,0,1,3,1,0
CL103931,29.0,La Libertad,Postpago Básico,Mensual,24,40.49,6.1,414,0,0,0,2,1,0
CL103938,23.0,Lima,Postpago Básico,18 meses,3,40.86,17.2,393,1,0,1,4,0,0
CL101627,45.0,Áncash,Prepago,Mensual,7,25.4,10.8,362,0,2,2,3,1,0
CL103049,44.0,La Libertad,Prepago,Mensual,11,22.63,11.7,185,0,0,2,1,1,0
CL100866,23.0,Cusco,Postpago Plus,Mensual,27,65.45,43.4,547,0,1,1,0,1,0
CL103242,53.0,Lima,Postpago Premium,Mensual,3,112.14,69.1,408,1,1,0,0,1,0
CL102741,42.0,Lima,Postpago Plus,Anual,6,75.14,56.4,247,0,4,2,8,0,0
CL103066,39.0,Lima,Postpago Básico,Anual,11,39.06,22.0,251,1,1,1,7,1,1
CL101439,58.0,Piura,Postpago Premium,Mensual,2,126.74,30.2,658,1,2,0,0,1,0
CL107142,33.0,Lima,Postpago Plus,18 meses,15,66.32,17.9,620,0,0,1,2,1,0
CL100979,18.0,Lima,Prepago,Mensual,5,27.46,5.9,224,0,1,3,0,1,1
CL107392,43.0,Lima,Prepago,Mensual,3,19.57,5.8,472,0,0,1,0,1,0
CL102676,39.0,Junín,Postpago Básico,18 meses,23,52.09,4.9,246,1,1,1,1,0,0
CL107094,68.0,Cusco,Postpago Básico,Mensual,50,47.48,8.2,357,3,0,2,0,1,0
CL104393,39.0,Piura,Postpago Básico,Anual,25,38.59,11.9,531,0,0,0,3,0,1
CL101349,47.0,Lima,Prepago,Mensual,2,24.76,10.4,126,0,0,3,0,0,0
CL106577,61.0,Cusco,Postpago Plus,Anual,2,64.61,5.4,418,1,1,1,13,1,0
CL107400,46.0,Lambayeque,Postpago Básico,Mensual,23,42.5,5.5,308,2,0,1,3,1,0
CL100213,42.0,Arequipa,Postpago Plus,Mensual,44,64.15,4.8,493,0,0,1,1,0,0
CL103585,38.0,Cusco,Postpago Plus,18 meses,19,72.54,22.9,562,0,0,0,5,0,0
CL106561,,Piura,Prepago,Mensual,62,26.27,5.5,208,0,1,1,4,1,0
CL100787,50.0,Lima,Prepago,Mensual,92,20.61,6.4,290,0,1,2,7,1,0
CL105241,21.0,Lima,Prepago,Mensual,30,26.3,12.4,643,0,0,2,5,0,0
CL102120,36.0,Lima,Prepago,Mensual,21,22.62,12.7,189,0,0,2,2,1,0
CL101742,29.0,Junín,Prepago,Mensual,45,26.38,18.9,386,0,0,3,3,1,0
CL105772,54.0,Arequipa,Prepago,Mensual,27,25.66,16.1,293,1,0,0,8,1,1
CL103669,61.0,La Libertad,Postpago Básico,Anual,9,50.36,9.6,358,1,1,2,0,1,0
CL104308,41.0,Áncash,Postpago Premium,Anual,72,110.68,19.2,465,0,0,2,5,0,0
CL105944,27.0,Lima,Prepago,Mensual,30,21.73,12.4,126,3,0,0,1,1,0
CL102029,39.0,Áncash,Postpago Básico,Anual,15,50.26,2.8,347,0,0,2,0,0,0
CL101440,48.0,Lima,Prepago,Mensual,5,23.39,16.3,291,2,0,2,10,1,0
CL107194,55.0,Áncash,Postpago Plus,18 meses,37,71.74,13.6,603,2,1,1,5,0,0
CL105186,21.0,Lima,Prepago,Mensual,17,29.95,9.8,352,0,0,1,4,1,0
CL101789,47.0,Áncash,Prepago,Mensual,34,31.04,13.9,409,1,0,4,4,0,0
CL101459,34.0,Lima,Prepago,Mensual,39,28.56,9.1,328,2,0,1,1,1,0
CL100913,31.0,Lima,Postpago Premium,Mensual,14,128.3,33.1,506,1,1,1,1,0,0
CL103118,63.0,Lima,Prepago,Mensual,14,22.18,11.6,595,0,1,1,7,0,0
CL105352,42.0,Lambayeque,Postpago Básico,18 meses,30,46.42,6.5,550,0,0,0,15,0,0
CL107192,46.0,Junín,Postpago Básico,Anual,26,43.86,26.7,432,0,1,2,1,0,0
CL106314,43.0,Lima,Postpago Plus,18 meses,35,69.61,29.8,408,0,0,2,1,1,0
CL107287,24.0,Lima,Prepago,Mensual,17,28.45,8.8,240,0,1,1,2,1,0
CL103904,34.0,Arequipa,Prepago,Mensual,33,31.56,10.4,236,0,0,2,6,1,0
CL105606,28.0,Lima,Prepago,Mensual,47,32.82,3.4,343,0,0,2,0,0,0
CL102508,30.0,Lima,Postpago Básico,Anual,7,63.88,16.6,478,1,1,1,4,0,0
CL106136,32.0,Lima,Postpago Premium,18 meses,16,107.19,7.0,521,0,1,0,0,0,0
CL101388,47.0,Lambayeque,Postpago Premium,18 meses,1,118.72,24.4,416,0,1,2,4,1,0
CL106778,59.0,Arequipa,Prepago,Mensual,11,22.69,6.9,257,0,1,1,0,1,0
CL104764,30.0,Lambayeque,Postpago Básico,Anual,49,51.11,5.6,545,1,1,2,2,1,0
CL105976,36.0,Áncash,Postpago Plus,Anual,6,68.84,13.0,458,0,0,0,0,0,0
CL103946,45.0,Lima,Prepago,Mensual,36,31.8,10.5,265,0,1,0,0,1,0
CL101998,18.0,Lima,Postpago Plus,Anual,2,64.27,12.4,661,0,2,1,5,1,0
CL103227,38.0,Cusco,Prepago,Mensual,6,27.95,12.1,146,2,0,1,6,1,0
CL101461,35.0,Junín,Postpago Básico,Mensual,11,48.51,7.5,344,1,2,0,11,0,0
CL106040,46.0,Lambayeque,Postpago Básico,Anual,48,52.32,19.4,305,0,1,3,6,1,0
CL105399,45.0,Lima,Prepago,Mensual,19,31.84,7.6,96,0,2,1,4,1,0
CL107093,39.0,Arequipa,Postpago Plus,18 meses,10,64.44,14.6,280,1,0,4,3,0,0
CL103103,29.0,Piura,Postpago Plus,18 meses,11,72.16,34.5,306,0,1,1,2,1,0
CL101946,45.0,Piura,Prepago,Mensual,7,23.99,3.3,244,2,0,3,2,0,0
CL105174,44.0,Lima,Prepago,Mensual,3,24.85,14.7,256,0,0,1,3,0,1
CL105068,30.0,Arequipa,Prepago,Mensual,1,34.45,11.0,514,1,0,1,14,1,1
CL102267,51.0,Piura,Postpago Básico,Anual,14,55.1,4.7,414,0,2,2,1,1,1
CL102803,41.0,La Libertad,Postpago Básico,Mensual,1,39.81,12.9,466,3,0,2,5,1,0
CL101093,21.0,Lambayeque,Prepago,Mensual,40,25.37,9.8,378,2,1,2,0,1,0
CL102245,32.0,La Libertad,Prepago,Mensual,19,20.06,18.5,346,0,0,0,1,0,0
CL100736,43.0,Lima,Prepago,Mensual,24,22.95,3.6,303,1,0,1,0,0,0
CL106282,47.0,Lima,Postpago Básico,Mensual,28,39.09,15.2,492,0,2,0,0,1,0
CL105386,30.0,Áncash,Prepago,Mensual,68,24.32,17.7,416,1,1,0,10,1,0
CL103759,,Áncash,Prepago,Mensual,14,28.41,3.0,221,2,0,2,4,0,0
CL106004,29.0,Arequipa,Prepago,Mensual,19,21.51,10.0,388,0,0,3,3,1,0
CL100450,29.0,Piura,Prepago,Mensual,4,23.6,9.6,226,1,0,3,10,0,0
CL104199,33.0,Lima,Prepago,Mensual,12,23.34,11.4,258,0,1,0,8,1,0
CL105384,23.0,Lima,Prepago,Mensual,13,27.24,8.9,302,1,0,1,0,1,0
CL101055,34.0,Arequipa,Postpago Básico,Anual,5,39.79,8.4,412,1,1,2,0,0,0
CL100894,32.0,Áncash,Postpago Plus,Anual,37,60.54,7.7,364,0,2,1,1,1,0
CL106343,31.0,Lambayeque,Postpago Básico,Anual,84,40.08,11.1,390,0,1,1,8,1,0
CL103804,34.0,Piura,Prepago,Mensual,3,32.39,4.8,430,2,0,1,5,1,0
CL105480,43.0,Lima,Prepago,Mensual,63,26.95,11.3,398,1,1,2,1,1,1
CL105050,21.0,Arequipa,Prepago,Mensual,36,22.3,7.5,369,0,3,2,0,0,0
CL105837,38.0,Lima,Postpago Básico,18 meses,6,30.63,20.0,397,2,1,3,0,1,1
CL104411,34.0,Lambayeque,Prepago,Mensual,7,25.74,22.0,476,1,1,0,0,1,0
CL106557,53.0,La Libertad,Prepago,Mensual,40,22.29,8.1,427,0,1,1,0,1,0
CL105207,46.0,Lima,Postpago Premium,Mensual,39,101.87,57.2,495,1,0,0,3,1,0
CL101062,71.0,Junín,Prepago,Mensual,13,20.94,9.7,254,1,1,2,7,1,1
CL101709,34.0,Lima,Prepago,Mensual,21,31.32,4.1,397,1,0,1,1,1,0
CL103095,25.0,Arequipa,Prepago,Mensual,50,26.36,14.1,247,0,1,1,0,0,0
CL106620,54.0,Lima,Postpago Plus,Anual,9,88.32,25.2,708,1,0,1,8,1,0
CL106242,43.0,Lima,Prepago,Mensual,12,22.27,1.8,449,0,0,0,0,1,1
CL103561,23.0,Lima,Postpago Básico,Mensual,1,39.51,36.8,335,1,0,2,1,0,0
CL101286,43.0,Lambayeque,Postpago Básico,Anual,3,35.77,12.3,525,2,1,1,4,1,0
CL104578,18.0,Cusco,Postpago Básico,Anual,59,43.25,14.6,446,0,0,2,0,1,0
CL107420,46.0,Lima,Prepago,Mensual,25,20.73,8.1,276,2,0,1,6,1,1
CL103705,48.0,La Libertad,Prepago,Mensual,19,25.91,8.4,478,1,0,1,1,0,0
CL105504,,Lima,Postpago Plus,Anual,12,86.76,8.0,400,0,0,1,2,0,0
CL100173,18.0,Lima,Postpago Premium,Mensual,96,110.47,15.2,527,2,1,1,2,1,0
CL102244,30.0,Lima,Postpago Básico,Mensual,29,43.44,25.4,371,1,0,2,3,1,0
CL105631,51.0,Lima,Prepago,Mensual,37,23.62,13.6,236,1,2,5,11,0,0
CL106123,28.0,Lima,Prepago,Mensual,21,33.75,12.3,559,2,2,0,0,0,0
CL107221,38.0,Lima,Prepago,Mensual,35,24.49,5.9,472,1,1,1,6,0,0
CL104722,31.0,Lima,Prepago,Mensual,96,17.14,18.6,175,0,0,3,7,1,0
CL100978,18.0,Junín,Postpago Básico,Mensual,6,51.2,18.6,320,1,0,1,0,1,0
CL106714,34.0,Arequipa,Postpago Básico,Anual,5,58.22,19.3,400,0,2,2,5,1,0
CL105972,28.0,Lima,Postpago Básico,Anual,17,51.39,6.9,490,0,1,1,15,1,0
CL101603,42.0,Lima,Postpago Plus,18 meses,2,74.91,39.6,290,3,1,3,7,1,0
CL104431,38.0,Lima,Postpago Premium,Anual,3,117.42,17.6,639,0,0,1,0,1,0
CL100360,44.0,Lambayeque,Postpago Premium,18 meses,1,86.02,29.1,369,2,2,0,0,0,0
CL101097,53.0,Junín,Postpago Plus,Mensual,10,88.53,13.3,191,0,0,0,4,1,0
CL104706,38.0,Junín,Prepago,Mensual,5,20.71,2.6,319,2,1,3,2,1,0
CL106744,40.0,Piura,Prepago,Mensual,17,23.08,4.2,415,0,0,2,2,1,1
CL106674,37.0,Piura,Postpago Plus,18 meses,12,71.7,4.9,401,2,1,4,0,1,0
CL106060,18.0,Junín,Postpago Básico,Mensual,82,44.5,19.4,343,3,2,2,3,0,0
CL102237,49.0,La Libertad,Prepago,Mensual,3,21.53,8.5,365,0,1,1,4,1,0
CL102040,18.0,Junín,Prepago,Mensual,32,24.89,8.1,143,0,0,1,0,1,0
CL100825,41.0,Piura,Prepago,Mensual,18,22.34,8.5,98,0,1,0,2,0,0
CL103451,50.0,Lima,Postpago Básico,Mensual,48,43.66,4.7,469,0,1,3,2,1,1
CL102646,18.0,Lima,Postpago Plus,Anual,81,70.73,9.0,409,2,1,3,2,0,0
CL100304,54.0,Cusco,Postpago Plus,Mensual,3,78.76,18.6,535,1,2,1,5,1,1
CL105323,45.0,Lima,Prepago,Mensual,65,20.25,5.5,326,0,0,0,1,1,0
CL105964,25.0,Lima,Postpago Plus,Anual,9,76.69,11.0,522,0,2,1,0,0,0
CL104495,43.0,Junín,Prepago,Mensual,24,22.07,,481,1,3,1,0,0,0
CL104162,19.0,Junín,Postpago Plus,18 meses,23,70.57,28.7,481,0,2,3,4,0,0
CL101289,24.0,Piura,Postpago Básico,Mensual,11,47.82,5.4,349,0,1,0,2,1,0
CL104691,52.0,Lima,Prepago,Mensual,11,24.13,11.6,392,0,0,0,11,0,0
CL107087,33.0,Lima,Prepago,Mensual,9,27.03,5.4,377,1,0,1,6,1,0
CL105624,31.0,Cusco,Prepago,Mensual,69,26.05,26.9,265,0,0,1,0,0,0
CL105926,32.0,Lima,Postpago Plus,Mensual,5,61.28,16.8,539,2,2,2,6,1,0
CL104747,19.0,Arequipa,Postpago Básico,Mensual,2,42.83,16.8,506,0,0,1,4,0,0
CL106775,41.0,Lambayeque,Postpago Básico,Mensual,32,48.4,8.2,481,0,1,0,2,0,0
CL106338,40.0,Piura,Prepago,Mensual,33,24.31,3.3,206,0,0,1,0,1,0
CL104520,32.0,Arequipa,Prepago,Mensual,1,16.9,13.3,247,2,0,1,0,1,0
CL107440,41.0,Lima,Postpago Plus,Mensual,34,66.29,43.5,534,0,2,0,0,1,0
CL107187,27.0,Lima,Prepago,Mensual,30,20.36,11.0,206,0,0,1,3,1,1
CL100637,28.0,Piura,Postpago Plus,Mensual,25,69.07,7.9,365,2,2,0,15,1,0
CL106696,48.0,La Libertad,Prepago,Mensual,28,20.72,0.3,317,0,0,0,6,1,0
CL107396,25.0,Arequipa,Postpago Básico,Mensual,31,55.55,12.7,351,3,0,1,2,1,0
CL101662,21.0,Lima,Postpago Plus,Mensual,66,67.48,13.9,505,0,0,1,5,0,0
CL107197,30.0,Arequipa,Postpago Plus,Mensual,8,67.95,28.3,499,0,0,2,0,1,0
CL105869,41.0,Lima,Prepago,Mensual,13,29.16,14.6,216,1,0,0,12,1,0
CL105909,26.0,Lima,Prepago,Mensual,28,24.27,6.0,101,0,1,1,3,1,0
CL102539,28.0,Arequipa,Postpago Básico,Mensual,13,30.71,10.3,424,0,1,1,6,1,0
CL100186,44.0,Lima,Prepago,Mensual,17,28.85,19.1,457,0,0,0,2,1,0
CL105146,31.0,Lambayeque,Postpago Plus,Mensual,3,58.86,1.9,422,1,1,4,0,1,1
CL105290,30.0,Junín,Prepago,Mensual,10,24.55,21.5,373,0,1,0,6,1,1
CL102755,41.0,Arequipa,Postpago Plus,18 meses,27,53.35,34.9,477,0,0,2,13,1,0
CL101256,58.0,Lima,Postpago Plus,Mensual,51,67.06,16.9,493,1,0,1,1,1,1
CL107417,40.0,La Libertad,Postpago Plus,Anual,16,46.04,17.2,557,1,0,1,19,1,1
CL107324,30.0,Junín,Postpago Plus,Anual,19,92.02,51.5,527,3,1,4,2,1,1
CL105101,51.0,Lima,Prepago,Mensual,12,20.19,9.8,421,0,1,4,0,0,0
CL106592,47.0,La Libertad,Postpago Básico,Anual,16,51.92,5.6,365,0,0,0,1,1,0
CL107218,48.0,Lima,Prepago,Mensual,35,28.18,15.2,254,2,1,1,3,0,0
CL101396,31.0,La Libertad,Postpago Básico,Mensual,52,46.76,27.7,222,2,0,0,7,0,0
CL101869,28.0,Junín,Postpago Plus,Anual,2,82.98,,498,0,1,0,5,0,1
CL104552,35.0,La Libertad,Prepago,Mensual,19,27.41,7.5,406,0,1,0,0,1,0
CL105011,35.0,Lima,Postpago Básico,Mensual,8,39.34,8.8,294,0,2,1,0,1,0
CL101774,35.0,La Libertad,Postpago Básico,Anual,6,49.6,13.8,490,0,0,0,6,0,0
CL102758,32.0,Junín,Postpago Básico,Anual,6,50.43,7.9,585,0,1,1,1,1,1
CL100003,29.0,Áncash,Postpago Plus,Mensual,26,59.66,15.1,371,0,0,1,1,1,0
CL106501,42.0,Cusco,Prepago,Mensual,56,24.82,7.7,419,0,0,2,0,0,0
CL102429,25.0,Lima,Postpago Plus,18 meses,16,43.47,16.4,465,2,1,2,8,1,0
CL106283,21.0,Arequipa,Prepago,Mensual,5,23.8,12.3,146,2,0,2,2,1,0
CL102133,51.0,Lima,Postpago Premium,Anual,20,126.56,41.0,511,0,1,1,2,1,0
CL106647,26.0,Lima,Prepago,Mensual,42,31.24,1.5,229,0,0,0,0,1,0
CL100108,24.0,Arequipa,Prepago,Mensual,30,26.28,3.7,269,0,1,0,5,0,0
CL102768,32.0,Lima,Postpago Plus,Anual,10,67.0,25.0,300,0,2,1,1,1,0
CL107490,45.0,Cusco,Postpago Premium,Anual,10,81.7,29.0,699,0,0,2,2,1,0
CL100864,52.0,La Libertad,Prepago,Mensual,35,28.29,14.6,264,1,0,1,1,1,0
CL102210,42.0,Lima,Postpago Premium,Mensual,28,86.28,10.0,555,1,0,2,6,1,0
CL105822,25.0,Lambayeque,Postpago Plus,Anual,6,64.59,15.7,214,0,2,2,4,0,0
CL102826,48.0,Lima,Postpago Básico,18 meses,9,52.08,6.7,241,1,0,1,2,0,1
CL104111,18.0,La Libertad,Postpago Plus,Mensual,26,79.74,16.0,606,1,0,2,4,1,0
CL106741,51.0,Lima,Prepago,Mensual,28,23.48,14.1,108,1,0,2,2,0,0
CL100183,18.0,Cusco,Prepago,Mensual,12,25.73,9.8,581,0,1,2,5,0,1
CL105378,38.0,Arequipa,Prepago,Mensual,4,25.59,15.2,198,0,0,0,0,1,0
CL104966,35.0,La Libertad,Prepago,Mensual,40,18.91,9.0,266,0,1,3,4,0,0
CL103166,33.0,Arequipa,Prepago,Mensual,6,24.58,8.5,458,1,1,1,0,0,0
CL101777,33.0,Junín,Postpago Básico,Anual,11,53.58,,318,0,1,0,0,1,0
CL107092,41.0,Lima,Postpago Plus,Mensual,11,53.57,21.6,511,0,2,0,0,1,0
CL106520,40.0,Lambayeque,Postpago Premium,Mensual,2,106.67,4.8,655,1,0,3,0,1,0
CL105898,36.0,Lima,Postpago Básico,Anual,14,41.1,,398,1,0,1,3,1,0
CL106126,18.0,Piura,Prepago,Mensual,23,24.88,14.3,389,0,0,2,3,1,0
CL105007,50.0,Piura,Postpago Básico,18 meses,59,47.61,22.6,695,0,0,0,0,1,0
CL106628,24.0,Lima,Prepago,Mensual,4,30.96,13.8,229,0,1,1,5,0,1
CL103022,42.0,Lima,Postpago Básico,Mensual,36,36.9,3.1,282,0,1,2,4,1,0
CL107240,37.0,Áncash,Postpago Básico,Anual,35,40.99,7.2,315,2,0,2,2,0,0
CL103825,53.0,Lambayeque,Postpago Básico,Anual,6,42.43,13.3,385,0,0,2,13,1,0
CL102628,50.0,Lima,Prepago,Mensual,25,24.57,17.3,170,1,1,3,10,1,1
CL105835,47.0,Lambayeque,Prepago,Mensual,6,25.46,4.8,426,0,1,0,4,1,0
CL101830,23.0,Lima,Postpago Básico,Mensual,14,42.13,5.4,248,0,1,0,5,0,0
CL102670,36.0,Lambayeque,Postpago Básico,18 meses,1,41.27,11.7,392,1,1,0,1,0,1
CL105630,43.0,Lambayeque,Postpago Básico,Mensual,14,56.22,6.2,573,1,0,2,1,0,0
CL107288,43.0,La Libertad,Postpago Básico,Anual,22,52.83,25.2,251,3,1,1,5,1,0
CL102368,43.0,Lima,Prepago,Mensual,47,22.81,10.4,421,0,0,0,7,1,0
CL104620,18.0,Lima,Prepago,Mensual,35,23.34,17.1,105,2,0,1,19,1,0
CL106058,44.0,La Libertad,Postpago Plus,Anual,62,50.37,14.4,411,3,2,0,0,1,0
CL103305,39.0,Lima,Prepago,Mensual,16,20.14,8.7,416,0,1,4,2,0,0
CL102293,39.0,Cusco,Prepago,Mensual,3,15.76,25.2,83,1,1,1,5,1,0
CL104291,40.0,Cusco,Prepago,Mensual,30,27.87,2.6,222,2,0,0,0,1,0
CL106315,51.0,Arequipa,Postpago Básico,Anual,14,48.04,19.2,291,2,1,2,5,1,0
CL104740,34.0,Cusco,Prepago,Mensual,47,25.28,9.8,475,2,0,1,0,0,0
CL106374,33.0,Lima,Prepago,Mensual,5,22.32,10.5,235,1,3,1,5,0,1
CL101217,28.0,Áncash,Postpago Básico,Mensual,9,50.44,1.7,294,2,1,1,8,0,0
CL107273,42.0,Arequipa,Prepago,Mensual,4,23.32,3.7,266,0,1,1,6,0,0
CL100911,49.0,Piura,Postpago Plus,Anual,12,75.42,23.0,423,1,1,2,3,0,0
CL104153,18.0,Cusco,Postpago Básico,Mensual,22,50.4,14.9,340,1,2,0,0,1,0
CL104288,31.0,Lima,Postpago Premium,Anual,17,116.15,20.3,684,0,1,0,0,1,0
CL107017,42.0,Lima,Prepago,Mensual,32,26.12,18.5,265,0,1,1,0,0,0
CL103467,52.0,Lima,Prepago,Mensual,46,25.43,8.3,121,0,0,1,0,0,0
CL101640,37.0,Cusco,Postpago Plus,18 meses,56,69.42,18.1,393,1,0,4,1,1,0
CL101822,22.0,Junín,Postpago Básico,18 meses,5,40.32,,316,0,1,2,0,1,0
CL106819,44.0,Lima,Postpago Premium,Anual,35,100.91,28.8,795,0,2,2,0,1,0
CL103880,28.0,Junín,Postpago Plus,Anual,49,64.13,20.9,507,0,0,1,3,1,0
CL105494,24.0,Cusco,Postpago Plus,Mensual,21,87.11,53.6,731,2,0,0,0,1,0
CL102099,18.0,Cusco,Prepago,Mensual,30,19.72,20.0,152,0,1,0,0,0,0
CL103854,46.0,Arequipa,Postpago Básico,Anual,23,43.44,,281,0,0,2,0,1,0
CL102318,41.0,Arequipa,Postpago Básico,Anual,28,50.99,20.0,553,0,1,0,1,0,0
CL102767,28.0,Junín,Postpago Básico,18 meses,22,48.5,14.8,368,1,2,2,0,1,0
CL103829,31.0,Áncash,Postpago Básico,18 meses,8,49.73,12.5,437,0,2,2,0,1,0
CL101613,54.0,Lima,Prepago,Mensual,23,25.25,3.6,267,0,0,1,9,0,0
CL101345,31.0,Junín,Postpago Básico,Anual,28,42.09,30.2,458,1,2,0,0,0,0
CL103609,46.0,Lima,Prepago,Mensual,10,25.14,11.1,246,0,0,2,6,1,0
CL102243,18.0,Lambayeque,Prepago,Mensual,23,23.8,3.9,334,1,2,1,1,1,0
CL106365,18.0,Lambayeque,Prepago,Mensual,46,24.77,7.4,441,0,3,2,0,0,0
CL106097,18.0,Junín,Postpago Básico,18 meses,17,48.92,29.5,152,1,2,1,1,1,0
CL105979,52.0,Lima,Postpago Básico,Anual,24,37.84,19.9,248,0,0,0,2,1,0
CL101611,18.0,Lima,Postpago Plus,Mensual,17,71.86,35.0,397,0,1,0,0,1,0
CL104095,48.0,Piura,Prepago,Mensual,59,28.13,2.3,236,0,1,1,3,1,0
CL100053,46.0,Cusco,Postpago Básico,Mensual,3,53.0,20.6,289,1,2,0,2,0,0
CL101229,21.0,Arequipa,Prepago,Mensual,6,27.68,36.8,387,0,1,1,5,0,1
CL100655,28.0,Lambayeque,Prepago,Mensual,15,28.8,16.0,430,1,3,3,1,0,1
CL102181,63.0,Lima,Postpago Premium,Anual,9,97.06,21.4,332,3,1,0,5,1,0
CL103990,36.0,Arequipa,Postpago Premium,18 meses,37,108.78,11.0,525,2,0,0,4,0,0
CL106848,30.0,Lima,Prepago,Mensual,5,25.58,,290,1,1,1,6,0,1
CL102703,18.0,Lambayeque,Postpago Plus,18 meses,7,67.48,6.7,244,0,3,3,1,0,1
CL101393,50.0,Áncash,Prepago,Mensual,12,29.31,5.9,517,1,2,3,1,0,1
CL102688,33.0,La Libertad,Prepago,Mensual,18,31.93,,93,0,2,2,37,0,1
CL102358,42.0,Áncash,Postpago Premium,Anual,20,137.27,38.5,616,0,0,0,1,1,0
CL101277,25.0,Lima,Prepago,Mensual,65,26.44,11.9,101,0,0,3,9,1,0
CL102332,29.0,Junín,Postpago Plus,Anual,17,63.77,11.0,606,0,0,0,4,1,0
CL104777,37.0,Áncash,Prepago,Mensual,56,26.21,3.1,370,1,0,1,1,1,0
CL100744,44.0,Lima,Postpago Básico,Anual,8,40.4,5.2,394,2,1,0,1,0,0
CL103468,35.0,Lima,Prepago,Mensual,8,18.45,10.8,256,0,2,1,0,1,0
CL101999,40.0,La Libertad,Postpago Básico,Mensual,10,51.5,9.6,233,1,1,3,0,0,0
CL107066,33.0,Lambayeque,Postpago Plus,Mensual,17,82.23,19.2,339,0,2,3,4,1,0
CL100011,57.0,Lambayeque,Postpago Premium,18 meses,26,103.75,35.7,693,2,0,0,10,1,0
CL100125,43.0,Cusco,Postpago Básico,Anual,48,47.83,28.5,527,0,0,0,3,0,0
CL104266,47.0,Lima,Postpago Básico,Mensual,7,36.88,4.0,563,0,0,2,2,0,0
CL105529,53.0,Áncash,Postpago Plus,18 meses,11,68.95,18.6,589,2,1,0,11,1,0
CL102731,75.0,Lima,Prepago,Mensual,59,27.55,4.7,289,0,0,0,1,0,0
CL102559,18.0,Arequipa,Prepago,Mensual,47,24.27,8.0,510,0,0,0,7,1,1
CL101921,47.0,Junín,Prepago,Mensual,1,26.14,12.3,244,1,1,0,5,1,0
CL102036,22.0,La Libertad,Postpago Premium,Mensual,4,82.15,32.5,747,0,1,0,4,0,0
CL104172,60.0,Piura,Postpago Premium,Mensual,2,114.65,11.4,414,1,1,1,0,0,1
CL102885,31.0,Lambayeque,Prepago,Mensual,22,23.57,20.5,336,2,0,2,0,0,0
CL106350,65.0,Lima,Postpago Plus,Mensual,27,89.17,1.9,512,0,1,3,1,0,1
CL100868,26.0,Piura,Prepago,Mensual,16,22.25,12.4,352,2,1,3,5,0,0
CL107179,45.0,Lima,Prepago,Mensual,17,22.44,8.3,172,3,1,1,2,1,0
CL107322,43.0,Arequipa,Postpago Básico,Anual,1,55.67,18.2,350,1,0,1,2,1,0
CL106523,50.0,Arequipa,Prepago,Mensual,19,24.41,24.9,489,0,2,4,2,0,1
CL102284,47.0,Cusco,Prepago,Mensual,13,25.86,4.4,340,2,1,1,3,1,0
CL101333,58.0,Arequipa,Postpago Premium,Mensual,29,131.14,21.3,461,0,0,2,0,1,0
CL103298,50.0,Cusco,Postpago Básico,Anual,55,36.37,18.6,433,0,1,0,1,1,0
CL103111,44.0,Lima,Prepago,Mensual,73,19.3,12.0,415,1,1,2,10,1,0
CL104446,47.0,Arequipa,Postpago Básico,Anual,96,46.36,11.6,377,0,1,0,1,1,0
CL105551,32.0,La Libertad,Prepago,Mensual,5,28.92,9.0,329,0,0,1,1,1,1
CL100298,39.0,La Libertad,Postpago Plus,18 meses,7,77.11,23.8,591,3,2,0,1,0,1
CL100667,18.0,La Libertad,Postpago Premium,Anual,10,94.5,45.1,602,0,2,3,1,1,0
CL102746,44.0,Lima,Prepago,Mensual,8,23.66,2.9,362,0,0,0,1,0,0
CL106046,25.0,Lima,Postpago Básico,Mensual,49,40.93,31.1,116,0,0,2,2,1,0
CL105881,44.0,Áncash,Prepago,Mensual,2,22.81,11.9,452,0,0,1,5,1,0
CL100029,32.0,Lambayeque,Postpago Plus,Anual,8,70.16,56.9,115,3,0,0,5,1,0
CL105253,51.0,Lima,Postpago Plus,18 meses,7,52.04,19.8,630,0,2,0,2,1,0
CL106287,40.0,Piura,Postpago Premium,Anual,13,125.38,31.1,732,2,1,1,7,1,0
CL106827,41.0,Lima,Postpago Plus,18 meses,3,76.94,14.5,606,0,2,4,5,1,1
CL102385,43.0,La Libertad,Postpago Plus,Anual,60,74.57,15.3,345,0,0,1,4,1,0
CL103917,40.0,Lima,Postpago Básico,18 meses,16,51.8,20.1,504,1,0,3,1,1,0
CL100258,36.0,Junín,Prepago,Mensual,22,26.55,10.1,79,0,1,0,2,0,0
CL100924,37.0,Arequipa,Prepago,Mensual,24,25.82,28.7,156,1,0,2,6,1,0
CL102427,66.0,La Libertad,Postpago Plus,Mensual,24,74.61,,521,0,1,0,3,1,0
CL103236,48.0,Lima,Postpago Premium,Mensual,48,132.76,80.2,593,1,1,1,5,1,0
CL103036,55.0,Lima,Postpago Básico,Mensual,59,32.98,2.6,440,1,1,2,1,1,0
CL104522,42.0,Lima,Postpago Plus,Anual,3,66.27,9.6,479,0,0,0,0,1,0
CL103499,,La Libertad,Postpago Plus,Anual,15,81.4,33.4,673,0,2,0,0,1,1
CL100167,18.0,Lima,Postpago Plus,18 meses,6,99.91,29.6,495,1,0,2,0,0,0
CL105899,,Lima,Prepago,Mensual,93,24.17,12.3,302,0,0,2,5,0,0
CL100860,43.0,Lima,Postpago Plus,18 meses,3,75.84,14.1,475,0,1,1,2,0,0
CL103171,42.0,La Libertad,Postpago Básico,Mensual,24,55.9,15.3,360,2,0,1,1,1,0
CL102701,55.0,Áncash,Postpago Básico,Anual,61,39.65,4.7,428,1,1,1,5,0,0
CL103342,23.0,Cusco,Prepago,Mensual,10,21.68,13.9,122,2,2,2,0,1,0
CL102535,46.0,Lima,Postpago Básico,Anual,9,49.04,17.5,512,0,3,2,3,0,1
CL100647,38.0,Lima,Postpago Básico,Anual,8,39.31,13.4,400,1,2,0,6,1,1
CL100828,42.0,Arequipa,Postpago Plus,Mensual,42,71.87,65.0,396,3,1,1,1,1,0
CL104417,20.0,Lima,Prepago,Mensual,33,27.43,1.4,251,1,0,0,1,1,0
CL105493,22.0,Áncash,Prepago,Mensual,39,26.98,24.5,444,0,1,2,1,1,0
CL105715,,Arequipa,Prepago,Mensual,1,25.87,7.1,481,2,2,1,2,1,0
CL106967,32.0,Lima,Prepago,Mensual,38,27.16,16.5,265,2,0,2,1,1,0
CL101174,28.0,Lambayeque,Postpago Básico,Mensual,6,44.91,2.3,69,3,0,2,1,1,0
CL101084,37.0,Cusco,Postpago Premium,Anual,4,102.28,39.5,666,3,0,2,4,0,0
CL104121,32.0,Lima,Postpago Plus,Anual,23,59.2,8.7,109,2,1,2,0,1,0
CL104218,41.0,Lima,Postpago Premium,Mensual,9,91.61,42.6,468,0,1,0,0,1,0
CL100682,34.0,Lima,Prepago,Mensual,4,23.14,12.2,251,1,3,1,5,0,0
CL100519,49.0,Junín,Postpago Plus,Mensual,20,77.25,24.2,349,0,0,1,0,1,0
CL100239,44.0,Áncash,Prepago,Mensual,18,29.54,,393,1,0,3,1,1,0
CL101118,50.0,Junín,Prepago,Mensual,4,18.73,7.1,270,0,0,1,3,0,0
CL101493,30.0,Lima,Postpago Plus,Mensual,23,63.93,13.6,469,0,1,1,0,1,0
CL105278,27.0,Lima,Prepago,Mensual,30,20.13,10.1,505,0,0,3,5,1,0
CL102971,37.0,Cusco,Postpago Básico,Anual,19,27.54,,536,2,0,2,0,1,0
CL103722,51.0,La Libertad,Postpago Plus,Mensual,14,69.99,11.2,376,1,0,2,6,0,0
CL104303,46.0,Arequipa,Prepago,Mensual,5,11.12,17.6,332,0,1,1,9,1,0
CL101861,35.0,La Libertad,Postpago Premium,18 meses,21,94.69,27.6,509,1,2,4,1,1,0
CL104529,25.0,Junín,Postpago Básico,Anual,16,58.49,8.8,563,1,1,0,0,1,0
CL100701,18.0,Lima,Prepago,Mensual,19,24.37,9.0,206,3,1,1,0,1,1
CL100122,34.0,Lima,Prepago,Mensual,18,27.23,7.7,578,0,0,4,1,1,0
CL101133,44.0,Junín,Postpago Plus,Anual,3,69.25,32.5,385,0,2,2,1,0,0
CL101235,41.0,Arequipa,Prepago,Mensual,52,31.0,5.1,264,1,0,1,4,0,0
CL101596,54.0,Lima,Prepago,Mensual,10,21.3,10.3,266,1,1,3,11,1,1
CL100972,38.0,Piura,Prepago,Mensual,4,27.89,7.0,183,0,1,1,0,1,0
CL105531,49.0,Lima,Postpago Plus,Anual,10,86.46,21.8,400,0,0,1,0,0,0
CL104133,27.0,Áncash,Postpago Básico,Mensual,42,43.8,40.5,440,0,0,0,1,0,1
CL100292,29.0,Lima,Postpago Premium,Anual,52,131.86,21.6,468,0,0,0,1,1,0
CL107010,,Lima,Prepago,Mensual,29,27.16,32.6,420,2,1,0,1,1,0
CL101043,26.0,Lima,Postpago Básico,Mensual,33,44.57,13.7,520,0,0,3,10,1,0
CL102906,37.0,La Libertad,Postpago Premium,Mensual,11,119.94,13.3,527,2,0,1,1,1,0
CL104654,39.0,Lima,Postpago Básico,Anual,12,32.68,9.5,278,1,4,0,0,0,0
CL107378,45.0,Junín,Postpago Básico,Anual,20,58.11,12.9,377,0,0,2,2,1,0
CL102336,18.0,Lima,Postpago Plus,18 meses,96,79.8,6.8,345,1,0,1,10,1,0
CL105642,35.0,Piura,Postpago Plus,Mensual,14,70.83,9.3,571,0,1,2,0,1,0
CL104429,44.0,Lambayeque,Prepago,Mensual,5,24.87,5.3,219,3,2,0,1,0,0
CL100721,38.0,Arequipa,Postpago Básico,Mensual,40,45.21,6.6,385,0,1,4,1,1,0
CL101497,43.0,Lima,Postpago Básico,Mensual,32,48.72,8.6,196,1,0,0,1,1,0
CL107000,58.0,Lambayeque,Postpago Plus,Anual,12,81.18,21.0,589,0,1,3,0,1,0
CL100013,18.0,Lima,Postpago Plus,Anual,42,78.9,31.2,227,0,0,0,2,1,0
CL104021,27.0,Lima,Prepago,Mensual,49,21.75,9.1,278,1,2,2,2,0,0
CL102317,26.0,Junín,Postpago Plus,Mensual,13,73.95,17.1,564,1,0,1,0,0,0
CL102123,42.0,La Libertad,Prepago,Mensual,3,25.46,3.7,274,0,1,3,2,1,0
CL100026,25.0,Lambayeque,Postpago Básico,Mensual,67,47.11,17.3,448,1,0,1,1,1,0
CL104724,41.0,Piura,Prepago,Mensual,20,26.36,21.8,383,1,0,1,2,1,0
CL106357,30.0,Áncash,Postpago Premium,Mensual,11,86.65,40.0,449,3,0,0,4,0,0
CL107237,44.0,Cusco,Postpago Básico,Anual,4,37.9,22.5,306,3,0,2,3,1,0
CL101884,22.0,Lima,Prepago,Mensual,19,29.02,26.0,294,0,2,2,0,1,0
CL102645,37.0,La Libertad,Postpago Plus,Mensual,17,88.44,8.1,334,1,1,0,5,0,0
CL100718,37.0,Lima,Postpago Básico,Mensual,23,39.78,20.5,268,1,3,1,5,0,0
CL104983,25.0,Arequipa,Prepago,Mensual,1,22.76,3.6,286,1,0,1,0,1,0
CL104142,35.0,Piura,Prepago,Mensual,10,30.07,10.1,82,3,1,1,3,0,0
CL102576,21.0,La Libertad,Postpago Plus,Mensual,1,76.4,14.6,530,2,0,0,6,1,0
CL106912,29.0,Lima,Postpago Básico,Mensual,4,41.52,8.1,276,0,1,0,12,1,0
CL100906,18.0,Áncash,Postpago Básico,Mensual,1,39.26,10.5,347,1,0,2,0,1,0
CL100594,23.0,Lima,Prepago,Mensual,10,17.76,6.0,99,0,1,0,6,0,0
CL101847,70.0,Lima,Postpago Básico,18 meses,18,49.57,12.1,414,1,1,2,10,1,0
CL107258,57.0,Lima,Postpago Plus,Mensual,75,60.99,19.4,322,0,1,3,9,1,0
CL100435,34.0,Lima,Prepago,Mensual,12,26.46,1.1,412,0,2,0,13,0,0
CL102846,36.0,Cusco,Prepago,Mensual,8,25.71,22.8,182,0,0,1,1,1,0
CL102601,51.0,Áncash,Postpago Básico,18 meses,9,49.31,7.2,414,1,1,2,1,0,0
CL105416,24.0,Lima,Prepago,Mensual,71,19.79,6.2,312,0,4,0,0,0,0
CL104949,,Cusco,Postpago Plus,Mensual,33,55.95,19.1,404,0,0,2,2,1,1
CL104659,31.0,Lima,Prepago,Mensual,9,25.47,11.4,287,0,2,1,6,1,0
CL107468,41.0,Lima,Postpago Plus,18 meses,12,67.42,17.9,516,2,0,1,11,1,0
CL104701,39.0,La Libertad,Postpago Básico,Mensual,67,47.59,20.6,245,0,1,4,2,1,0
CL100342,46.0,Lima,Postpago Plus,18 meses,21,63.45,21.2,442,0,1,1,2,0,0
CL100520,45.0,Lima,Postpago Plus,Mensual,48,80.55,22.2,358,0,0,0,1,1,0
CL103084,19.0,Lambayeque,Postpago Plus,18 meses,3,101.45,18.8,202,0,1,1,0,1,0
CL105580,40.0,Lima,Postpago Plus,18 meses,3,65.51,28.8,409,3,2,1,2,1,0
CL100399,40.0,Lima,Postpago Básico,18 meses,12,42.17,17.9,280,0,1,0,1,1,0
CL103871,45.0,Arequipa,Prepago,Mensual,42,22.71,3.2,188,1,1,1,1,1,0
CL105954,41.0,Junín,Postpago Básico,18 meses,3,45.16,16.3,295,0,0,3,3,1,0
CL105796,22.0,Áncash,Postpago Básico,Anual,23,42.2,15.5,441,0,2,0,0,1,0
CL105732,47.0,Lambayeque,Postpago Plus,Mensual,14,79.96,16.0,438,0,2,1,2,1,0
CL101886,53.0,La Libertad,Prepago,Mensual,40,27.47,11.8,177,1,1,1,2,1,0
CL100653,48.0,Lima,Prepago,Mensual,48,22.98,4.8,155,1,1,0,0,1,0
CL102196,55.0,Arequipa,Prepago,Mensual,29,25.89,5.9,218,1,0,0,1,1,0
CL106483,38.0,Lambayeque,Postpago Plus,18 meses,12,61.65,19.1,334,0,0,0,6,0,0
CL105683,25.0,Lima,Postpago Básico,Anual,19,41.97,5.8,413,0,0,1,3,0,0
CL104689,21.0,Lima,Postpago Plus,Mensual,2,65.95,10.0,441,1,1,0,16,1,0
CL104832,33.0,Lima,Postpago Plus,Anual,38,76.95,21.5,266,1,1,3,5,1,0
CL105792,44.0,Cusco,Prepago,Mensual,17,21.0,16.7,173,1,1,1,2,1,1
CL107097,52.0,Cusco,Prepago,Mensual,12,19.08,6.4,212,0,0,3,3,0,0
CL105262,19.0,Áncash,Prepago,Mensual,42,27.31,21.3,394,3,1,1,2,1,0
CL106970,39.0,Arequipa,Postpago Plus,Mensual,11,82.42,,378,0,0,1,0,0,0
CL101979,18.0,Lima,Prepago,Mensual,71,30.61,11.4,533,2,0,0,0,0,1
CL103577,28.0,Lima,Prepago,Mensual,59,21.9,11.5,374,0,3,1,0,0,1
CL100940,18.0,Lima,Prepago,Mensual,17,23.81,4.4,427,0,0,0,9,1,1
CL104169,30.0,Arequipa,Postpago Básico,Anual,55,39.7,11.2,507,1,0,3,0,1,0
CL103148,47.0,Lima,Postpago Plus,Mensual,78,71.78,12.3,467,1,3,0,2,1,0
CL101971,29.0,Lima,Postpago Premium,Mensual,3,126.3,18.8,455,3,0,0,0,0,0
CL103196,20.0,Junín,Postpago Básico,18 meses,82,53.01,9.7,155,0,1,1,4,0,0
CL101948,62.0,Piura,Prepago,Mensual,4,24.78,15.8,431,1,0,4,4,1,0
CL107215,51.0,Junín,Prepago,Mensual,15,28.69,8.1,256,2,1,1,3,0,0
CL103453,27.0,Lima,Prepago,Mensual,12,17.89,10.3,252,1,2,0,3,1,1
CL103875,26.0,Lima,Postpago Básico,Anual,2,58.41,4.2,491,0,0,0,5,1,0
CL102184,46.0,Junín,Postpago Básico,Mensual,57,43.06,3.6,228,0,1,0,1,1,0
CL106896,36.0,Junín,Postpago Premium,Mensual,94,128.02,16.4,578,0,1,1,6,1,0
CL105613,18.0,Lambayeque,Postpago Básico,Mensual,16,54.31,21.0,464,0,1,3,5,1,0
CL103317,45.0,Arequipa,Prepago,Mensual,62,27.59,14.9,302,2,0,0,9,1,0
CL102707,40.0,Junín,Prepago,Mensual,2,29.36,4.1,189,0,1,0,12,1,0
CL107189,43.0,Lima,Postpago Básico,Mensual,2,51.08,10.3,412,0,0,0,5,0,0
CL101577,27.0,Arequipa,Postpago Plus,18 meses,7,76.95,9.0,441,0,1,1,1,1,0
CL102782,29.0,Arequipa,Postpago Básico,Mensual,15,46.31,3.9,399,3,0,3,1,1,0
CL102675,46.0,Arequipa,Postpago Básico,Anual,4,45.14,7.2,193,1,2,4,3,0,1
CL104104,56.0,Lima,Postpago Premium,Anual,5,106.37,15.4,515,0,1,2,1,0,0
CL102175,50.0,Lima,Postpago Básico,Anual,1,41.32,28.1,551,0,0,1,4,1,0
CL104583,33.0,Lima,Postpago Premium,Mensual,21,120.01,12.3,588,1,0,3,2,0,0
CL101047,48.0,Lima,Postpago Plus,Mensual,32,72.57,19.3,513,1,1,1,7,0,0
CL102310,51.0,Lima,Postpago Premium,Mensual,20,94.37,50.0,691,1,1,1,8,0,0
CL104354,35.0,Lima,Postpago Plus,Mensual,94,59.21,46.6,386,2,1,0,4,1,0
CL104595,27.0,Junín,Postpago Premium,Anual,20,96.22,12.7,379,1,2,0,3,1,0
CL100139,49.0,Cusco,Prepago,Mensual,65,22.04,3.2,34,0,1,2,2,0,0
CL105648,30.0,Arequipa,Postpago Básico,Anual,9,37.69,19.4,360,0,1,4,0,1,0
CL104037,18.0,Lima,Postpago Plus,Mensual,13,68.83,30.1,285,2,4,2,3,1,0
CL105814,61.0,Arequipa,Postpago Básico,18 meses,28,38.04,19.3,411,1,2,1,2,1,0
CL101963,23.0,Lambayeque,Prepago,Mensual,13,27.24,8.7,477,0,3,1,5,0,1
CL104375,29.0,Junín,Prepago,Mensual,29,26.78,0.9,264,0,2,1,0,1,0
CL102249,39.0,Lima,Prepago,Mensual,26,22.36,12.5,228,0,0,0,2,1,0
CL101205,54.0,Lima,Prepago,Mensual,54,25.12,3.5,96,2,2,4,0,0,1
CL104842,23.0,Cusco,Prepago,Mensual,96,17.79,12.2,172,0,1,1,12,0,0
CL104797,18.0,Lima,Postpago Básico,Anual,61,41.95,7.6,507,2,0,2,0,1,0
CL100733,32.0,Junín,Postpago Básico,18 meses,6,53.34,7.8,355,1,0,1,1,0,0
CL103345,53.0,La Libertad,Postpago Básico,Anual,8,50.75,6.4,364,0,0,2,0,1,0
CL107238,27.0,Lima,Postpago Básico,Anual,20,35.98,5.7,478,0,0,0,0,1,0
CL101937,39.0,Lima,Postpago Básico,Anual,8,43.5,5.5,286,0,1,1,6,1,0
CL105915,30.0,Lambayeque,Postpago Básico,18 meses,5,45.93,14.4,288,0,0,3,4,1,0
CL106321,61.0,Junín,Prepago,Mensual,8,23.44,14.8,239,1,0,2,1,1,0
CL104704,20.0,Lima,Prepago,Mensual,67,23.64,13.3,410,3,0,2,2,1,0
CL106329,61.0,Lima,Prepago,Mensual,40,26.19,5.6,229,1,0,0,3,1,0
CL103184,29.0,Lima,Prepago,Mensual,12,30.24,6.0,211,1,1,1,2,1,0
CL104686,18.0,Lima,Prepago,Mensual,25,25.22,3.2,566,0,1,2,9,1,0
CL103284,51.0,La Libertad,Prepago,Mensual,7,19.02,5.5,454,1,2,0,7,1,0
CL105751,31.0,Lima,Postpago Básico,18 meses,9,42.25,6.8,284,0,0,2,1,1,0
CL106448,34.0,Lima,Postpago Plus,Anual,59,79.39,9.5,577,2,2,2,12,0,0
CL106932,43.0,Junín,Postpago Básico,Anual,14,40.11,18.1,395,0,1,0,2,1,1
CL100996,50.0,Lima,Postpago Básico,Mensual,25,33.98,10.8,328,0,1,2,6,0,0
CL103476,,La Libertad,Postpago Plus,18 meses,39,76.08,27.0,578,0,3,1,4,0,1
CL103189,36.0,Lima,Prepago,Mensual,25,24.68,4.2,459,0,1,0,1,0,0
CL101160,51.0,Piura,Prepago,Mensual,10,29.02,15.1,187,2,1,2,3,1,0
CL106831,47.0,Cusco,Postpago Básico,Anual,4,48.95,11.1,86,0,1,0,0,1,0
CL100851,58.0,Lambayeque,Prepago,Mensual,41,26.96,18.3,246,2,0,2,2,1,0
CL105764,31.0,Lima,Postpago Básico,18 meses,19,41.96,4.4,415,1,0,1,9,0,1
CL103521,28.0,Lima,Postpago Plus,Anual,66,82.62,,437,1,1,0,2,1,0
CL104555,52.0,Lima,Postpago Plus,18 meses,55,68.87,47.9,470,2,1,0,7,1,0
CL106594,37.0,La Libertad,Postpago Premium,Mensual,19,87.18,52.7,557,0,3,0,2,1,0
CL105265,23.0,Cusco,Prepago,Mensual,38,18.88,13.5,419,0,1,2,1,0,0
CL107452,35.0,Piura,Postpago Básico,Mensual,18,49.92,14.0,396,0,1,2,0,1,1
CL106279,38.0,Lambayeque,Prepago,Mensual,76,27.88,8.3,144,0,3,2,2,1,0
CL101787,18.0,Lima,Postpago Plus,18 meses,16,66.48,26.4,493,0,5,1,2,0,0
CL106151,54.0,Lima,Postpago Plus,18 meses,30,72.84,12.8,371,0,3,0,0,1,0
CL102619,35.0,Arequipa,Postpago Premium,Mensual,19,133.14,8.2,561,2,0,2,0,1,0
CL104542,39.0,Arequipa,Postpago Premium,Anual,20,99.69,34.4,564,1,0,1,4,1,0
CL101559,32.0,Lima,Postpago Plus,Anual,31,81.53,22.8,484,2,1,1,10,1,0
CL100757,37.0,Lima,Postpago Premium,Anual,7,110.88,7.0,361,1,1,1,0,1,0
CL104865,45.0,Lima,Prepago,Mensual,29,30.57,16.9,405,0,0,1,13,1,0
CL106638,31.0,Lima,Postpago Plus,Anual,70,95.1,23.8,879,0,0,0,4,1,0
CL103168,18.0,Lima,Prepago,Mensual,2,23.86,8.5,366,1,2,1,1,1,0
CL100928,56.0,Lima,Postpago Básico,Anual,7,48.54,6.4,336,2,0,3,4,1,0
CL107484,67.0,Arequipa,Prepago,Mensual,23,25.31,13.2,207,1,0,2,8,0,0
CL102802,,Lima,Prepago,Mensual,35,19.8,6.6,250,2,0,0,1,1,0
CL100511,34.0,Áncash,Postpago Plus,Mensual,20,71.21,27.0,453,0,1,0,1,1,0
CL104182,43.0,La Libertad,Postpago Plus,Anual,33,79.66,15.5,416,0,1,0,0,1,0
CL102572,54.0,Lima,Postpago Plus,Mensual,20,70.43,11.7,447,1,2,3,3,1,1
CL100378,24.0,Arequipa,Postpago Básico,Mensual,5,54.73,6.2,215,0,2,0,0,0,0
CL105864,53.0,Lima,Postpago Básico,Anual,5,50.22,13.6,347,1,0,0,4,1,0
CL100605,47.0,Arequipa,Postpago Plus,Mensual,28,57.1,25.7,561,3,2,3,0,0,1
CL102859,36.0,Lima,Postpago Básico,18 meses,40,49.21,18.4,340,1,1,2,1,1,0
CL104125,26.0,Lima,Prepago,Mensual,26,19.17,6.7,267,1,0,1,2,1,0
CL103098,20.0,Junín,Prepago,Mensual,19,24.46,14.3,476,0,2,2,9,1,0
CL104390,49.0,La Libertad,Prepago,Mensual,18,25.28,11.5,340,0,2,0,4,1,0
CL100232,34.0,Arequipa,Postpago Premium,Anual,6,122.51,34.7,664,1,5,2,2,0,0
CL104833,26.0,La Libertad,Postpago Plus,Mensual,51,56.81,12.8,347,0,1,0,7,1,0
CL102956,28.0,Junín,Prepago,Mensual,33,23.91,9.2,389,0,0,0,0,1,0
CL103169,46.0,Lima,Postpago Básico,Mensual,45,46.21,11.3,351,1,2,2,18,1,0
CL103876,21.0,Lima,Prepago,Mensual,76,25.38,3.8,384,0,1,0,1,0,0
CL105187,18.0,Arequipa,Postpago Básico,Anual,21,34.59,,390,3,1,1,6,1,0
CL103879,59.0,Lima,Postpago Básico,Mensual,75,36.76,4.0,387,1,0,0,1,0,0
CL100413,29.0,Lima,Postpago Plus,Mensual,17,66.83,19.3,543,0,0,0,0,0,0
CL104105,24.0,Lambayeque,Prepago,Mensual,6,22.06,14.3,265,0,0,2,5,1,0
CL105847,39.0,Lima,Prepago,Mensual,20,22.92,12.4,322,0,1,0,1,1,1
CL106105,30.0,Lima,Postpago Premium,Anual,26,123.05,30.2,488,1,0,0,4,1,0
CL100871,56.0,Áncash,Prepago,Mensual,4,23.92,2.6,249,0,0,3,2,0,1
CL104979,19.0,Arequipa,Postpago Premium,Mensual,25,132.96,38.1,330,2,0,2,5,1,0
CL101790,23.0,Junín,Postpago Plus,Anual,21,72.62,18.9,399,0,1,2,10,1,0
CL101237,40.0,Lima,Postpago Básico,Mensual,11,44.21,6.5,455,0,1,2,21,1,1
CL101177,26.0,Piura,Prepago,Mensual,1,21.81,15.5,301,1,2,3,0,1,1
CL102947,40.0,Áncash,Postpago Plus,Anual,14,70.29,28.9,458,1,3,0,1,1,0
CL101849,37.0,La Libertad,Postpago Plus,Mensual,51,77.62,19.3,387,1,4,2,1,1,0
CL102946,34.0,Lima,Prepago,Mensual,31,29.22,8.5,463,0,1,1,3,1,0
CL106237,37.0,Lambayeque,Postpago Básico,Mensual,14,38.69,2.7,154,0,0,0,2,1,0
CL102338,32.0,Lima,Postpago Básico,18 meses,43,51.84,20.9,464,2,1,1,8,1,0
CL101515,18.0,Lima,Prepago,Mensual,40,19.02,3.3,497,3,1,1,7,1,0
CL101030,26.0,Lima,Postpago Básico,Mensual,33,46.58,9.1,602,2,1,2,1,1,0
CL105684,43.0,La Libertad,Postpago Básico,Anual,23,39.21,9.5,303,0,0,0,2,1,0
CL100597,49.0,Lima,Postpago Básico,Anual,31,43.84,6.1,398,1,0,3,7,0,1
CL103356,44.0,La Libertad,Postpago Básico,18 meses,32,40.38,1.2,346,2,2,2,5,1,0
CL103735,37.0,Piura,Postpago Premium,18 meses,23,112.46,8.4,516,2,0,1,7,0,0
CL104535,43.0,Lima,Prepago,Mensual,30,23.84,7.1,207,0,1,1,5,1,0
CL104468,36.0,Junín,Postpago Premium,Anual,15,111.94,25.8,650,1,0,1,6,1,0
CL106890,32.0,Arequipa,Postpago Básico,Anual,10,43.07,36.5,573,0,1,0,0,1,1
CL105651,45.0,Piura,Postpago Básico,Anual,4,51.9,8.1,324,2,1,1,3,1,0
CL103697,33.0,Lima,Prepago,Mensual,6,19.85,26.9,372,0,2,0,2,0,1
CL101678,41.0,Piura,Postpago Plus,Mensual,17,88.11,8.6,513,1,0,1,3,1,0
CL106438,38.0,Junín,Postpago Plus,Mensual,77,78.53,26.9,674,2,0,1,2,0,0
CL104803,56.0,Lima,Postpago Básico,18 meses,12,48.87,14.3,377,2,2,1,2,0,0
CL106864,44.0,Lima,Postpago Básico,Anual,3,38.31,8.3,491,1,1,2,2,1,0
CL105297,38.0,Lima,Prepago,Mensual,13,22.47,2.2,371,1,0,1,3,0,0
CL105119,47.0,Lima,Postpago Básico,Anual,1,50.37,11.9,477,1,0,1,12,1,0
CL106044,38.0,Lima,Postpago Básico,Mensual,86,55.96,11.7,435,0,0,1,1,1,0
CL102174,23.0,Lima,Prepago,Mensual,8,25.01,5.9,493,0,1,1,6,1,0
CL102556,62.0,Áncash,Prepago,Mensual,1,29.54,9.8,559,0,0,1,6,0,1
CL103992,19.0,Lambayeque,Prepago,Mensual,13,24.96,34.7,385,0,0,4,4,1,1
CL102823,52.0,Arequipa,Postpago Premium,Mensual,65,107.94,18.4,413,0,1,2,6,0,0
CL107428,38.0,Arequipa,Postpago Básico,Anual,4,47.69,17.0,348,2,0,1,0,0,0
CL102079,18.0,Cusco,Prepago,Mensual,2,22.04,10.2,278,1,0,0,1,0,0
CL100493,28.0,Lima,Prepago,Mensual,69,29.39,8.8,244,0,0,0,6,0,0
CL104887,39.0,Lima,Postpago Plus,18 meses,45,83.56,9.6,538,0,1,3,2,1,0
CL104507,45.0,Lima,Prepago,Mensual,13,34.18,2.1,373,0,2,2,1,1,0
CL106969,18.0,Cusco,Postpago Básico,Anual,50,49.97,17.0,456,1,1,1,0,1,0
CL104181,58.0,Lima,Prepago,Mensual,37,23.35,15.5,207,0,0,3,1,1,0
CL105219,44.0,La Libertad,Prepago,Mensual,15,22.57,3.4,402,3,0,1,0,0,0
CL106727,42.0,Piura,Prepago,Mensual,40,29.42,2.1,169,0,3,1,4,0,0
CL104763,53.0,Cusco,Postpago Básico,Anual,26,46.55,19.1,530,2,0,0,11,1,0
CL101664,32.0,Lima,Postpago Premium,Mensual,6,135.05,13.1,477,2,2,1,0,0,0
CL105337,48.0,Cusco,Postpago Básico,Anual,6,43.01,5.3,383,2,1,1,1,0,0
CL106799,42.0,Lima,Prepago,Mensual,51,21.18,4.0,464,0,2,0,6,0,0
CL104635,39.0,Arequipa,Prepago,Mensual,58,25.87,11.1,427,0,1,0,5,0,0
CL104331,39.0,Lima,Postpago Premium,Anual,4,99.49,16.1,531,0,1,0,4,1,0
CL100936,60.0,Lima,Postpago Premium,Anual,56,109.02,10.6,395,1,1,0,10,1,0
CL105019,36.0,Lima,Postpago Básico,Mensual,2,40.29,19.1,232,2,0,5,7,1,0
CL106280,37.0,Áncash,Postpago Plus,Anual,96,81.72,52.7,422,2,0,1,7,1,0
CL104486,18.0,Cusco,Postpago Plus,Mensual,4,70.87,7.8,496,2,2,1,8,1,0
CL105584,21.0,Lambayeque,Postpago Plus,Anual,9,73.53,16.6,451,0,0,0,6,1,0
CL106669,43.0,Lima,Postpago Plus,Mensual,4,61.83,26.2,447,2,0,2,3,0,0
CL100095,60.0,Lima,Postpago Básico,Mensual,40,36.14,15.9,231,0,1,0,1,1,0
CL104298,34.0,Lima,Postpago Básico,Mensual,75,53.19,5.1,413,0,1,2,0,1,0
CL101783,57.0,Arequipa,Prepago,Mensual,24,25.94,13.3,337,0,0,0,0,1,0
CL102186,41.0,Lima,Postpago Plus,Anual,32,61.3,21.3,563,1,1,1,5,1,0
CL100639,58.0,Cusco,Postpago Plus,Anual,24,67.26,43.0,547,0,0,1,8,1,0
CL106206,34.0,Lima,Postpago Básico,18 meses,4,42.87,12.1,421,0,1,1,0,1,0
CL100513,38.0,Cusco,Prepago,Mensual,14,24.79,8.2,291,0,0,3,1,1,0
CL101609,41.0,Áncash,Postpago Básico,Anual,7,45.65,12.3,302,0,0,0,0,1,0
CL103799,30.0,La Libertad,Prepago,Mensual,41,21.05,10.9,328,1,0,2,1,0,0
CL101185,36.0,Piura,Postpago Plus,Mensual,5,72.87,,432,0,0,2,3,1,0
CL103737,26.0,Lima,Postpago Plus,Mensual,15,71.03,36.5,518,2,0,0,0,1,0
CL106883,39.0,Junín,Postpago Plus,Anual,12,65.34,,421,1,0,0,6,0,1
CL100115,33.0,Lima,Postpago Plus,Anual,5,63.51,37.4,829,1,1,2,6,1,0
CL103075,46.0,Lima,Postpago Premium,Mensual,59,92.14,9.2,588,0,3,0,3,0,0
CL107298,40.0,La Libertad,Postpago Premium,Mensual,1,130.05,16.2,800,1,1,2,3,0,1
CL103416,52.0,Lima,Postpago Básico,Mensual,21,39.64,7.3,288,1,2,1,9,1,1
CL104026,32.0,Lima,Postpago Básico,Anual,4,53.12,23.0,495,0,2,0,1,1,0
CL104840,52.0,La Libertad,Postpago Plus,18 meses,1,49.26,50.8,586,1,1,1,4,0,0
CL105719,18.0,Lima,Prepago,Mensual,13,28.93,5.3,453,2,0,0,1,1,0
CL107412,19.0,Lima,Prepago,Mensual,45,28.99,18.2,309,0,1,1,3,1,0
CL103274,33.0,Piura,Postpago Plus,Mensual,13,60.78,,649,0,0,2,0,0,0
CL102445,20.0,Lima,Postpago Básico,Anual,45,39.61,4.1,279,0,0,0,1,1,1
CL101634,24.0,La Libertad,Postpago Premium,Anual,13,135.8,17.6,542,2,0,3,1,1,0
CL105432,59.0,Lima,Postpago Básico,Anual,3,45.73,7.9,256,0,0,2,6,1,0
CL100625,24.0,Arequipa,Postpago Básico,18 meses,8,48.55,3.2,400,0,1,3,1,0,0
CL101464,62.0,Cusco,Postpago Básico,Mensual,41,46.4,7.7,419,1,2,2,10,1,0
CL106769,37.0,Arequipa,Postpago Básico,Anual,66,59.07,34.4,458,0,0,1,2,1,0
CL106390,50.0,Lima,Prepago,Mensual,1,29.16,12.2,285,1,0,1,9,0,0
CL104807,41.0,Lima,Postpago Básico,18 meses,49,51.24,10.1,217,0,0,0,0,1,0
CL103633,61.0,Áncash,Postpago Básico,Anual,29,46.44,14.1,242,0,1,1,0,0,0
CL100199,39.0,Lima,Prepago,Mensual,32,31.53,8.6,287,1,0,0,6,1,0
CL105131,42.0,Lima,Prepago,Mensual,54,28.34,3.7,279,1,3,2,2,1,1
CL103655,45.0,La Libertad,Prepago,Mensual,45,34.12,2.4,185,0,1,2,6,1,1
CL107337,49.0,La Libertad,Postpago Básico,Anual,42,46.18,10.5,121,1,1,2,1,0,0
CL105277,40.0,Cusco,Postpago Plus,Anual,19,62.03,14.8,469,1,1,1,0,1,0
CL102012,23.0,Áncash,Prepago,Mensual,4,23.23,2.1,196,1,0,0,9,0,0
CL105474,48.0,Lima,Postpago Plus,Anual,2,49.13,14.4,452,1,0,1,3,1,0
CL106653,43.0,Lambayeque,Postpago Básico,18 meses,48,37.72,8.8,246,1,0,0,2,0,0
CL101407,43.0,Arequipa,Prepago,Mensual,5,23.6,13.6,291,0,1,2,6,1,1
CL101348,60.0,Lima,Postpago Básico,18 meses,37,44.5,5.5,548,2,0,1,1,1,0
CL102926,21.0,Áncash,Postpago Plus,Anual,23,68.37,49.8,346,1,0,1,1,0,0
CL106712,25.0,Piura,Prepago,Mensual,9,22.33,1.6,0,0,0,0,0,0,0
CL104335,19.0,Lima,Prepago,Mensual,7,29.53,14.9,170,0,0,0,2,0,0
CL100405,46.0,Lima,Postpago Plus,18 meses,11,82.16,18.0,517,2,0,2,2,1,0
CL102116,35.0,Lima,Prepago,Mensual,41,20.21,8.2,257,1,0,0,0,1,0
CL106193,44.0,Piura,Postpago Básico,Anual,16,55.37,12.0,434,2,3,3,8,0,0
CL105145,37.0,La Libertad,Postpago Plus,Anual,82,77.79,7.5,427,0,1,0,4,0,0
CL105034,43.0,Arequipa,Postpago Básico,Mensual,17,46.25,35.3,449,0,1,1,8,1,0
CL105000,35.0,Lima,Prepago,Mensual,8,22.87,16.1,444,0,0,2,1,1,0
CL107276,27.0,La Libertad,Postpago Básico,Mensual,69,53.04,31.3,134,1,1,0,2,0,0
CL100615,52.0,La Libertad,Postpago Plus,18 meses,8,77.75,7.5,656,2,1,1,4,0,0
CL106975,57.0,Lima,Prepago,Mensual,9,27.47,4.1,92,1,0,0,1,0,0
CL102297,47.0,Arequipa,Prepago,Mensual,4,27.22,13.1,202,0,1,0,3,1,0
CL100592,45.0,Lima,Prepago,Mensual,48,29.88,13.6,269,1,1,1,0,0,0
CL103109,42.0,Lima,Postpago Premium,Anual,8,126.35,19.9,585,1,1,0,1,1,0
CL106672,27.0,Piura,Postpago Básico,Anual,4,51.31,12.2,213,1,0,0,0,1,0
CL107007,28.0,La Libertad,Prepago,Mensual,73,21.1,7.0,447,0,2,2,0,1,0
CL100184,34.0,La Libertad,Postpago Plus,Mensual,1,65.38,7.1,400,0,0,2,0,0,1
CL101708,71.0,Piura,Postpago Plus,Anual,60,62.1,9.7,528,1,1,2,9,1,0
CL101859,38.0,Junín,Prepago,Mensual,42,29.35,6.8,52,0,0,1,0,1,0
CL101200,43.0,Lima,Postpago Básico,Mensual,15,45.66,15.0,371,0,3,1,1,1,0
CL106292,25.0,Piura,Postpago Premium,18 meses,17,136.62,31.8,213,0,1,0,0,0,0
CL107291,52.0,La Libertad,Prepago,Mensual,29,23.72,8.1,210,1,0,0,1,0,1
CL103648,42.0,Lima,Prepago,Mensual,20,23.37,15.6,325,0,0,3,1,1,0
CL105270,18.0,Lima,Postpago Premium,18 meses,42,118.56,20.0,579,0,1,1,2,1,0
CL103056,30.0,Arequipa,Postpago Básico,18 meses,15,39.55,20.0,92,1,0,2,9,1,1
CL101780,20.0,Lima,Prepago,Mensual,35,26.04,7.0,327,3,0,1,0,0,0
CL101383,33.0,Lambayeque,Postpago Premium,Mensual,7,113.63,26.1,464,1,2,1,0,0,1
CL105657,43.0,Arequipa,Postpago Plus,18 meses,35,65.26,7.5,327,1,1,0,7,1,0
CL100031,38.0,Lima,Postpago Premium,Mensual,5,91.01,29.2,411,0,1,2,1,1,0
CL103255,29.0,Áncash,Postpago Plus,Anual,5,86.81,30.1,431,1,0,0,0,1,0
CL107292,36.0,Arequipa,Postpago Plus,Anual,7,41.89,8.9,423,0,0,0,0,1,0
CL103800,35.0,Lima,Prepago,Mensual,39,29.47,6.3,180,2,1,1,8,1,0
CL102148,40.0,Lima,Postpago Plus,18 meses,65,74.61,21.5,243,0,0,1,0,1,0
CL100544,39.0,Cusco,Prepago,Mensual,30,25.09,10.8,172,0,0,1,11,0,0
CL103862,40.0,Junín,Postpago Básico,Mensual,19,45.43,16.4,387,1,0,1,0,1,0
CL100505,48.0,Arequipa,Postpago Plus,Anual,17,76.19,10.1,575,0,3,2,4,1,0
CL106340,38.0,La Libertad,Postpago Plus,Mensual,23,75.89,25.9,495,1,0,3,1,0,1
CL104710,18.0,La Libertad,Postpago Plus,Mensual,12,73.7,46.4,345,1,1,1,2,1,0
CL104532,41.0,Junín,Postpago Básico,Anual,10,44.37,33.2,311,1,1,0,2,1,0
CL102603,42.0,Piura,Postpago Plus,Anual,13,70.34,17.6,367,0,0,1,5,0,0
CL100215,44.0,Lima,Postpago Plus,Anual,24,74.09,26.3,645,1,3,2,1,0,0
CL103014,21.0,Áncash,Prepago,Mensual,9,17.62,16.5,313,0,1,0,1,1,0
CL102845,26.0,Cusco,Postpago Básico,Anual,12,50.42,20.6,369,0,1,1,11,0,0
CL105603,28.0,Lima,Postpago Premium,Anual,25,149.94,23.1,416,0,2,2,4,1,0
CL105945,43.0,Junín,Prepago,Mensual,14,22.52,27.3,649,0,0,1,4,1,0
CL101897,49.0,Lima,Prepago,Mensual,12,27.37,12.3,379,0,1,1,12,1,0
CL103409,44.0,Lambayeque,Prepago,Mensual,29,30.23,4.9,286,0,1,0,11,1,0
CL106214,20.0,Lima,Prepago,Mensual,3,25.36,5.0,240,0,1,2,1,0,1
CL103099,35.0,La Libertad,Prepago,Mensual,28,23.6,,378,1,0,0,0,1,0
CL105364,59.0,Lima,Postpago Plus,Anual,8,56.95,39.6,491,0,0,1,6,1,0
CL102349,35.0,Lima,Prepago,Mensual,5,23.83,5.6,356,3,1,1,1,0,0
CL102076,44.0,Lima,Postpago Premium,Anual,12,105.64,16.0,634,1,0,0,2,1,1
CL102582,22.0,Lima,Prepago,Mensual,2,21.55,9.5,544,1,0,2,14,0,0
CL104376,33.0,Lima,Postpago Plus,Anual,6,82.44,25.9,397,1,1,1,2,1,0
CL101592,40.0,Lima,Postpago Premium,Anual,26,106.98,52.4,533,0,1,1,2,0,0
CL103658,25.0,Lima,Postpago Plus,18 meses,3,69.01,18.3,640,1,0,1,0,1,0
CL106976,18.0,Lima,Postpago Plus,18 meses,23,66.23,16.2,475,2,0,0,0,1,0
CL105468,40.0,Arequipa,Postpago Básico,Mensual,38,40.75,11.7,378,0,1,3,0,1,0
CL106755,38.0,Lima,Prepago,Mensual,13,22.31,17.8,313,0,1,2,3,0,0
CL106888,32.0,Lima,Postpago Básico,Mensual,16,52.62,18.2,293,0,0,0,2,0,0
CL106546,41.0,Cusco,Prepago,Mensual,1,26.84,5.8,473,3,0,0,10,1,0
CL106346,22.0,Lima,Postpago Premium,Anual,2,133.54,20.0,505,1,1,0,1,0,1
CL100790,24.0,Lima,Prepago,Mensual,2,28.38,3.6,294,2,0,1,6,0,0
CL100512,51.0,Piura,Prepago,Mensual,37,26.27,18.2,217,1,2,0,0,1,0
CL107318,36.0,Lima,Postpago Básico,Anual,25,48.7,18.5,482,0,1,2,1,1,0
CL105874,38.0,Cusco,Prepago,Mensual,29,20.78,12.9,37,0,1,1,2,1,0
CL105043,40.0,Piura,Postpago Básico,18 meses,92,38.45,37.3,317,2,0,0,0,0,0
CL105178,31.0,Lima,Postpago Básico,Anual,4,51.83,9.9,454,0,0,1,1,0,0
CL103855,42.0,La Libertad,Prepago,Mensual,43,27.32,7.4,148,0,3,2,2,0,0
CL104356,40.0,Junín,Postpago Premium,Mensual,49,127.53,69.5,744,1,0,1,2,1,0
CL104812,55.0,Arequipa,Postpago Básico,Anual,3,45.7,,401,1,1,0,0,0,0
CL106899,55.0,Lima,Postpago Premium,Mensual,27,93.03,54.3,433,1,1,0,0,1,0
CL104282,29.0,Lima,Postpago Básico,Anual,8,32.46,22.4,311,0,0,0,3,0,0
CL103488,43.0,Lima,Prepago,Mensual,16,21.96,12.8,338,0,1,3,5,0,0
CL105946,25.0,Lima,Prepago,Mensual,31,27.33,14.5,86,1,1,1,34,1,0
CL101004,53.0,Arequipa,Postpago Básico,Mensual,31,43.58,12.2,559,0,0,0,1,0,0
CL105205,31.0,Cusco,Prepago,Mensual,6,22.31,17.5,252,1,0,2,1,0,0
CL101810,34.0,Áncash,Prepago,Mensual,5,26.25,9.5,463,0,1,0,0,1,0
CL105147,39.0,Lima,Postpago Básico,Mensual,16,36.72,20.2,512,0,3,2,7,1,0
CL105826,18.0,Lima,Postpago Plus,Mensual,11,59.91,26.3,477,0,3,0,16,0,0
CL105544,63.0,Arequipa,Postpago Básico,Mensual,90,40.18,4.5,331,0,0,0,1,1,0
CL106925,,Lima,Prepago,Mensual,33,20.39,8.0,395,0,0,2,6,1,0
CL100168,30.0,Lambayeque,Prepago,Mensual,39,30.45,8.0,236,2,0,1,2,1,0
CL100055,53.0,Áncash,Postpago Plus,Mensual,11,86.35,21.3,315,0,1,2,8,1,1
CL104103,59.0,Lima,Prepago,Mensual,10,24.09,6.7,352,0,2,4,3,1,0
CL101858,18.0,Lima,Prepago,Mensual,24,26.02,13.4,570,3,1,2,6,0,0
CL105552,31.0,Lima,Prepago,Mensual,2,25.15,16.9,231,1,1,1,1,1,0
CL104530,23.0,Lima,Postpago Plus,Mensual,19,66.31,16.7,632,0,0,2,0,0,0
CL104140,,Piura,Postpago Básico,Mensual,21,44.94,8.8,353,3,1,1,4,1,0
CL102529,56.0,Piura,Postpago Básico,Mensual,15,38.32,15.2,364,2,1,0,10,1,0
CL100687,33.0,Áncash,Postpago Premium,Anual,5,114.49,2.0,575,1,0,0,2,1,1
CL106606,53.0,Lima,Postpago Plus,18 meses,25,80.23,9.8,272,0,1,4,4,1,0
CL107301,44.0,Lima,Postpago Básico,Anual,10,41.15,10.5,267,2,0,1,5,0,1
CL101024,31.0,La Libertad,Postpago Básico,Anual,45,38.56,5.0,284,3,1,5,1,0,0
CL106464,51.0,Lima,Postpago Básico,Anual,77,46.12,13.9,230,3,0,2,0,1,0
CL103264,53.0,Lima,Prepago,Mensual,20,25.24,4.3,302,1,2,0,1,0,0
CL103906,37.0,Arequipa,Postpago Plus,Mensual,1,59.08,21.0,612,0,0,2,0,1,0
CL101232,52.0,Arequipa,Prepago,Mensual,8,25.72,,431,3,1,0,0,1,0
CL101646,38.0,Lambayeque,Prepago,Mensual,3,25.99,7.3,544,0,1,1,1,0,1
CL106495,36.0,Lima,Prepago,Mensual,27,28.5,6.0,36,0,1,0,3,0,0
CL103220,47.0,La Libertad,Prepago,Mensual,7,24.09,20.6,217,0,0,1,3,1,0
CL104674,67.0,Junín,Postpago Básico,Mensual,14,58.0,12.4,261,0,0,1,0,0,0
CL103132,32.0,Lima,Prepago,Mensual,13,22.49,16.0,294,1,2,3,0,1,1
CL100942,42.0,Cusco,Prepago,Mensual,27,31.93,13.1,409,1,0,1,4,1,0
CL104381,35.0,Lima,Prepago,Mensual,16,33.49,17.5,375,0,1,2,1,0,0
CL103497,41.0,La Libertad,Postpago Plus,Anual,40,90.05,25.2,782,2,0,1,4,1,0
CL103159,23.0,Áncash,Prepago,Mensual,29,23.59,10.0,457,0,0,1,0,1,0
CL104754,34.0,Lima,Postpago Premium,Mensual,4,121.54,24.5,443,2,0,1,4,0,0
CL103059,33.0,Lima,Prepago,Mensual,27,24.14,11.3,130,0,0,2,2,1,0
CL103515,54.0,Cusco,Postpago Plus,Anual,37,63.06,38.5,477,0,1,0,4,1,0
CL106895,55.0,Cusco,Prepago,Mensual,21,25.04,11.0,300,0,0,2,4,0,0
CL106786,44.0,Arequipa,Postpago Básico,Anual,56,37.34,23.4,438,0,0,1,24,1,0
CL101072,40.0,Junín,Postpago Básico,Anual,22,53.07,11.2,404,0,0,2,2,0,0
CL106114,41.0,Áncash,Postpago Básico,Anual,66,56.07,13.0,338,0,0,2,7,1,0
CL107344,38.0,Lima,Prepago,Mensual,8,21.46,8.7,278,2,3,1,0,1,0
CL100794,25.0,Lima,Prepago,Mensual,42,26.02,14.9,287,1,1,0,0,0,0
CL104084,23.0,Arequipa,Postpago Básico,18 meses,10,50.59,10.1,680,1,0,2,0,1,0
CL104566,34.0,Lima,Postpago Plus,Anual,3,41.88,16.1,575,2,0,0,3,1,0
CL100923,50.0,Lima,Postpago Básico,Mensual,28,48.04,33.5,276,1,1,0,3,0,0
CL102948,31.0,Cusco,Postpago Premium,Mensual,1,98.93,16.3,387,1,1,1,1,0,0
CL106383,56.0,Piura,Postpago Plus,18 meses,3,56.44,33.6,297,2,1,0,11,1,0
CL103370,38.0,Áncash,Postpago Plus,Mensual,27,75.03,21.2,359,0,3,1,1,1,0
CL101821,31.0,Cusco,Postpago Básico,18 meses,61,53.17,17.5,421,1,0,2,0,1,0
CL104591,42.0,Lambayeque,Postpago Básico,Anual,10,50.56,16.8,320,0,1,1,0,0,0
CL103224,29.0,Lima,Prepago,Mensual,80,27.7,9.8,224,0,1,3,1,1,1
CL105628,44.0,Lima,Prepago,Mensual,10,24.84,10.4,134,1,0,5,0,1,0
CL107013,52.0,Junín,Postpago Plus,Anual,96,44.33,,350,0,0,2,2,1,0
CL100285,47.0,Junín,Postpago Básico,Mensual,10,51.05,3.8,250,0,0,0,2,1,0
CL106648,60.0,Lambayeque,Postpago Premium,Mensual,2,135.13,18.4,665,0,2,1,0,1,0
CL107493,39.0,Lima,Prepago,Mensual,17,27.61,7.2,462,0,1,2,0,1,0
CL103125,33.0,La Libertad,Prepago,Mensual,55,24.69,11.2,280,0,1,1,8,0,0
CL104081,35.0,Piura,Prepago,Mensual,20,18.08,15.2,388,2,0,1,2,1,0
CL104690,42.0,Lima,Postpago Básico,18 meses,13,39.31,17.3,368,0,1,2,0,0,0
CL102380,23.0,Lima,Postpago Plus,18 meses,14,66.15,7.9,456,0,0,1,2,0,0
CL106032,50.0,Lambayeque,Prepago,Mensual,6,25.14,3.5,227,1,1,2,0,0,0
CL100189,48.0,Lima,Prepago,Mensual,10,25.37,8.6,316,3,0,0,16,0,0
CL106551,49.0,La Libertad,Prepago,Mensual,27,23.17,6.7,183,0,1,2,0,1,1
CL100669,18.0,Lima,Postpago Básico,Mensual,19,50.44,30.8,357,2,1,0,2,1,0
CL105412,36.0,Arequipa,Prepago,Mensual,4,21.15,9.4,372,1,0,2,1,1,0
CL104619,43.0,Lima,Postpago Básico,Mensual,2,47.12,20.6,259,1,0,0,0,1,0
CL104275,20.0,Arequipa,Prepago,Mensual,15,30.41,7.8,2,0,1,0,0,1,0
CL102105,63.0,Lima,Postpago Plus,Mensual,65,61.61,16.7,414,1,0,3,1,1,0
CL100634,36.0,Lima,Prepago,Mensual,6,28.27,4.8,348,0,0,3,2,0,1
CL105109,42.0,Junín,Postpago Plus,Mensual,6,73.85,3.7,645,1,0,1,0,0,1
CL104224,32.0,Lima,Prepago,Mensual,1,22.97,14.1,315,1,3,2,1,1,0
CL106019,38.0,La Libertad,Postpago Premium,Anual,3,119.63,21.0,535,0,1,1,0,0,0
CL102704,46.0,Lima,Postpago Plus,Anual,10,73.73,7.1,401,1,1,2,1,1,0
CL105478,45.0,Lima,Postpago Básico,Anual,1,46.93,23.6,438,0,1,1,6,1,0
CL103034,27.0,Lima,Postpago Premium,Mensual,21,111.07,21.8,447,0,1,1,5,1,1
CL106894,20.0,Lima,Prepago,Mensual,5,28.47,9.4,306,1,1,0,12,1,0
CL104025,18.0,Arequipa,Postpago Premium,Mensual,42,126.19,26.0,417,0,0,3,4,1,0
CL107173,32.0,Lambayeque,Postpago Básico,Anual,9,46.45,17.4,285,1,2,1,2,0,1
CL102258,33.0,La Libertad,Prepago,Mensual,48,27.7,16.9,339,1,1,0,15,1,0
CL105594,33.0,Lima,Postpago Básico,Anual,29,52.69,7.2,282,1,0,1,0,0,0
CL100919,42.0,Piura,Postpago Básico,Mensual,4,48.58,10.1,363,3,1,1,0,1,0
CL106382,44.0,Piura,Postpago Básico,Mensual,1,41.24,18.6,335,0,2,2,6,1,0
CL103301,,Lima,Prepago,Mensual,19,23.8,9.7,329,3,0,1,0,0,0
CL102366,57.0,Lima,Prepago,Mensual,2,23.99,11.7,401,0,0,2,0,1,0
CL105702,46.0,Lima,Prepago,Mensual,1,18.25,2.4,218,1,2,1,12,0,0
CL106979,18.0,Lambayeque,Postpago Plus,Anual,15,62.22,9.7,520,2,1,0,2,1,0
CL106007,41.0,Lima,Postpago Plus,Mensual,1,64.81,31.1,418,1,0,2,3,1,0
CL107028,42.0,Lima,Postpago Básico,Anual,54,52.28,11.2,319,0,0,1,1,1,0
CL100674,34.0,Piura,Postpago Básico,Anual,72,44.22,24.8,481,0,0,1,5,1,0
CL106525,33.0,Lambayeque,Postpago Premium,Anual,16,112.25,15.1,687,1,2,0,0,1,0
CL107151,63.0,La Libertad,Postpago Plus,Anual,5,72.4,27.6,333,0,0,0,4,0,0
CL101077,49.0,Lima,Postpago Básico,18 meses,22,43.68,1.9,373,1,2,2,0,1,0
CL105984,51.0,Lambayeque,Postpago Básico,Mensual,8,44.28,24.5,321,1,4,2,0,1,1
CL101079,23.0,La Libertad,Prepago,Mensual,15,28.36,4.2,352,0,1,1,2,1,0
CL101614,22.0,Lambayeque,Postpago Plus,18 meses,37,51.87,22.7,345,1,0,2,5,0,0
CL104309,39.0,La Libertad,Postpago Básico,Anual,21,47.32,37.5,369,0,2,1,5,1,0
CL107205,22.0,Arequipa,Postpago Básico,Anual,9,41.74,10.4,471,0,0,2,2,0,0
CL103442,18.0,Lima,Prepago,Mensual,16,32.63,6.1,258,1,0,0,2,1,0
CL101492,65.0,La Libertad,Postpago Básico,Mensual,12,49.7,32.8,291,2,0,1,1,1,0
CL101739,18.0,La Libertad,Postpago Plus,Anual,24,73.53,12.3,348,0,2,2,3,1,1
CL105443,25.0,Piura,Postpago Plus,Anual,64,59.7,17.9,253,0,3,1,4,0,0
CL103612,38.0,Áncash,Postpago Básico,Anual,19,49.0,24.3,316,1,0,0,2,1,1
CL100276,51.0,Lima,Prepago,Mensual,49,24.61,7.9,278,1,0,3,2,1,0
CL100865,,Lambayeque,Postpago Premium,Mensual,18,108.32,4.0,623,2,2,1,0,0,0
CL101511,43.0,Lima,Prepago,Mensual,36,24.72,24.9,107,0,0,0,1,1,0
CL101558,34.0,Junín,Postpago Básico,18 meses,8,45.31,14.2,327,0,2,3,3,1,0
CL102959,25.0,Piura,Postpago Premium,Mensual,23,126.26,25.0,511,2,0,2,5,1,0
CL102071,41.0,La Libertad,Postpago Básico,Mensual,8,51.47,9.3,248,0,1,1,1,1,0
CL107027,53.0,La Libertad,Prepago,Mensual,96,24.57,6.5,232,0,0,1,1,1,0
CL101962,36.0,Lima,Postpago Básico,Anual,34,51.27,36.4,210,2,0,2,7,1,0
CL103293,47.0,Lima,Postpago Básico,Anual,21,47.16,58.2,261,0,0,1,1,1,0
CL103810,34.0,Junín,Postpago Básico,18 meses,40,45.97,6.3,385,0,1,1,5,0,0
CL100971,32.0,Arequipa,Prepago,Mensual,66,30.4,4.3,437,2,0,1,13,1,0
CL101400,58.0,Lima,Postpago Básico,Anual,7,58.62,30.2,496,0,1,2,1,1,0
CL104357,41.0,Cusco,Prepago,Mensual,28,30.52,10.2,296,3,1,0,2,1,0
CL100616,44.0,Lima,Postpago Plus,Mensual,26,84.19,11.9,723,0,0,1,7,0,1
CL107124,41.0,Lima,Prepago,Mensual,70,23.85,13.4,477,0,0,0,11,0,0
CL107001,53.0,Lima,Postpago Premium,Mensual,41,113.74,53.1,439,1,0,0,4,0,0
CL101057,18.0,Áncash,Prepago,Mensual,14,26.25,12.4,296,0,2,2,0,1,1
CL105615,34.0,La Libertad,Prepago,Mensual,7,31.41,7.1,338,1,1,1,1,0,0
CL100234,59.0,Arequipa,Postpago Premium,Anual,25,96.49,22.7,440,0,1,0,5,1,0
CL101270,40.0,Piura,Postpago Premium,Anual,6,105.6,1.8,786,1,1,2,2,1,0
CL104463,40.0,Lima,Postpago Premium,Anual,15,117.58,35.5,376,0,0,1,2,1,0
CL106254,49.0,Lambayeque,Postpago Premium,Anual,61,114.05,45.3,447,0,3,0,2,1,0
CL106908,33.0,Piura,Postpago Premium,Anual,7,95.34,21.0,521,0,2,0,1,1,0
CL106238,36.0,Piura,Postpago Plus,Mensual,37,53.31,13.8,503,1,1,2,2,1,0
CL103341,36.0,Cusco,Postpago Plus,Mensual,51,72.84,10.0,608,1,0,2,1,0,0
CL102640,42.0,Piura,Postpago Plus,Anual,1,80.34,18.8,375,0,2,2,0,1,1
CL101402,22.0,Arequipa,Postpago Premium,18 meses,8,91.37,18.1,762,1,0,0,0,1,0
CL106308,30.0,Lima,Prepago,Mensual,91,30.32,4.7,156,1,0,1,4,1,0
CL103771,40.0,Junín,Postpago Premium,18 meses,71,101.23,32.3,331,1,0,2,0,1,0
CL104500,27.0,Lima,Prepago,Mensual,29,26.65,8.9,168,2,0,0,1,1,0
CL100398,33.0,Lima,Postpago Básico,Anual,32,54.53,15.0,629,3,1,1,0,1,0
CL105373,70.0,Lima,Postpago Básico,Mensual,8,42.27,35.5,331,1,1,1,5,1,0
CL102590,49.0,Junín,Postpago Plus,Anual,4,60.25,,277,1,2,0,0,0,0
CL105604,38.0,Cusco,Postpago Básico,Anual,4,49.07,9.9,536,0,3,0,7,0,1
CL100315,25.0,La Libertad,Prepago,Mensual,30,22.62,5.7,582,0,0,1,8,1,0
CL101724,18.0,Arequipa,Postpago Básico,18 meses,26,50.58,9.1,488,0,0,0,3,1,0
CL103392,35.0,Piura,Postpago Premium,Mensual,12,121.16,64.0,673,0,1,4,12,1,0
CL107020,49.0,Lima,Postpago Premium,18 meses,9,124.73,27.2,811,0,0,0,0,1,0
CL103523,20.0,Lima,Postpago Básico,Mensual,4,41.74,16.8,455,0,1,1,0,1,1
CL102122,36.0,Piura,Prepago,Mensual,14,28.58,8.6,190,3,0,3,9,1,0
CL101521,26.0,Lima,Postpago Básico,Anual,23,48.92,4.5,302,0,0,3,7,1,0
CL101300,31.0,Lima,Prepago,Mensual,42,24.53,8.2,402,2,0,4,5,0,0
CL102444,36.0,Arequipa,Postpago Básico,Mensual,59,34.22,27.3,165,0,1,2,0,0,0
CL104269,49.0,Lima,Postpago Plus,Anual,40,88.96,22.6,796,0,2,0,3,1,0
CL102580,44.0,Lima,Prepago,Mensual,10,23.65,11.6,103,0,0,1,6,1,0
CL103260,27.0,Lima,Prepago,Mensual,3,28.35,8.9,396,0,0,0,12,1,0
CL106325,27.0,Junín,Prepago,Mensual,43,28.27,10.8,235,3,0,3,0,1,0
CL100328,32.0,Arequipa,Postpago Básico,Anual,94,49.23,31.2,322,0,1,0,4,0,0
CL105664,37.0,La Libertad,Prepago,Mensual,2,27.67,3.3,433,2,0,1,15,0,0
CL105368,35.0,Lima,Postpago Plus,18 meses,7,59.46,24.2,486,0,0,0,2,1,0
CL103418,30.0,Lima,Prepago,Mensual,2,22.59,4.8,405,2,1,0,16,1,0
CL104961,39.0,La Libertad,Prepago,Mensual,1,24.08,6.5,304,1,0,0,3,1,0
CL107160,32.0,Lambayeque,Postpago Básico,Mensual,36,38.81,15.6,363,2,0,1,3,0,0
CL103630,20.0,Lima,Prepago,Mensual,6,28.0,18.9,580,1,1,2,0,1,0
CL103212,29.0,Lima,Postpago Plus,Mensual,49,74.92,34.7,364,0,0,1,4,0,0
CL106928,26.0,Junín,Prepago,Mensual,20,23.43,,234,1,0,0,12,1,0
CL105596,24.0,Arequipa,Postpago Premium,Anual,96,96.98,,462,0,1,0,7,0,0
CL100159,18.0,La Libertad,Postpago Plus,Mensual,36,72.15,27.4,315,3,0,2,1,1,0
CL101813,19.0,Lima,Prepago,Mensual,49,26.7,2.5,291,0,2,0,2,1,0
CL100147,35.0,Lima,Postpago Básico,Anual,5,48.42,32.1,403,1,2,0,1,1,0
CL103809,18.0,Lambayeque,Postpago Plus,18 meses,18,75.6,16.4,486,3,2,1,19,1,0
CL105959,33.0,Cusco,Prepago,Mensual,19,27.04,7.9,397,1,0,1,4,0,0
CL103723,26.0,Lima,Postpago Básico,18 meses,43,46.06,3.1,362,0,1,1,3,1,0
CL104358,27.0,Lima,Postpago Básico,Mensual,96,37.25,,393,0,0,1,4,1,0
CL107099,34.0,Arequipa,Prepago,Mensual,14,27.19,10.6,273,3,0,1,7,1,0
CL100103,50.0,Lima,Postpago Premium,18 meses,1,118.28,6.5,443,2,0,1,2,1,0
CL101355,52.0,Lambayeque,Prepago,Mensual,2,23.42,5.6,135,1,1,3,1,0,0
CL103096,24.0,Lima,Prepago,Mensual,1,22.4,7.3,365,0,0,1,9,1,0
CL106353,18.0,La Libertad,Postpago Básico,18 meses,58,40.44,,152,0,0,1,1,1,0
CL104971,50.0,Lima,Prepago,Mensual,9,19.54,12.3,351,0,1,1,2,0,0
CL103207,47.0,La Libertad,Prepago,Mensual,8,29.63,7.5,70,0,2,2,1,0,0
CL105750,30.0,Junín,Prepago,Mensual,9,22.58,2.5,324,0,0,0,0,1,0
CL100593,30.0,Cusco,Postpago Básico,Mensual,1,47.95,16.5,449,0,2,1,1,1,1
CL100989,55.0,Junín,Postpago Plus,Mensual,58,76.63,11.8,593,3,2,3,18,1,0
CL100144,39.0,Lima,Postpago Básico,18 meses,26,55.56,11.1,381,1,0,0,2,1,1
CL102200,48.0,Lambayeque,Prepago,Mensual,2,23.12,3.7,345,1,1,2,1,0,0
CL101875,40.0,Junín,Postpago Plus,Anual,5,96.06,68.6,357,2,3,2,0,1,0
CL105422,48.0,Lima,Postpago Plus,Mensual,33,51.39,10.3,682,2,0,0,3,1,0
CL105978,50.0,Lima,Prepago,Mensual,7,21.35,9.6,216,0,0,2,0,0,0
CL102493,43.0,Lambayeque,Postpago Premium,Mensual,13,120.18,61.7,469,0,1,3,2,0,0
CL107086,42.0,Lima,Postpago Plus,Anual,18,75.04,21.9,594,0,0,2,13,1,1
CL100188,43.0,Lima,Postpago Plus,Mensual,15,59.05,16.4,358,0,0,0,0,0,0
CL103297,34.0,Piura,Postpago Básico,Mensual,54,43.7,19.4,417,0,1,1,0,0,1
CL106510,32.0,Lambayeque,Postpago Plus,18 meses,44,78.93,10.6,348,0,1,0,2,0,1
CL100837,,La Libertad,Postpago Premium,Mensual,2,106.41,26.7,447,1,0,3,2,0,0
CL101195,24.0,Lima,Prepago,Mensual,12,25.3,4.4,233,0,3,1,3,0,1
CL100933,62.0,Lima,Postpago Plus,Anual,17,86.18,35.2,567,1,1,1,3,1,0
CL100861,51.0,La Libertad,Postpago Plus,Mensual,2,71.98,17.4,551,2,2,0,0,1,0
CL103464,62.0,La Libertad,Postpago Plus,18 meses,12,60.7,6.7,433,0,0,3,0,0,0
CL103792,46.0,Áncash,Prepago,Mensual,49,24.93,2.0,357,0,1,0,2,1,0
CL102131,38.0,Cusco,Postpago Plus,Mensual,3,77.77,35.7,629,2,0,2,5,1,0
CL104475,32.0,Cusco,Postpago Básico,18 meses,14,35.42,6.5,312,0,0,2,1,1,0
CL102541,45.0,Lima,Postpago Básico,Mensual,43,54.81,14.6,523,3,0,4,4,1,0
CL102381,43.0,Cusco,Prepago,Mensual,25,23.95,7.1,257,0,1,1,10,0,0
CL102355,19.0,Lambayeque,Postpago Plus,Mensual,96,67.81,16.0,650,0,0,0,3,1,0
CL103945,39.0,Arequipa,Postpago Plus,Mensual,96,63.98,17.2,663,1,1,1,0,1,0
CL100453,37.0,Lambayeque,Prepago,Mensual,21,29.64,5.9,239,0,0,0,5,1,0
CL102294,28.0,Arequipa,Prepago,Mensual,2,27.31,7.9,141,0,2,1,3,1,0
CL105271,43.0,Piura,Postpago Plus,Anual,11,61.86,41.5,255,1,1,2,1,0,0
CL100454,39.0,Junín,Prepago,Mensual,4,24.82,15.6,344,0,1,0,2,0,0
CL107186,55.0,La Libertad,Prepago,Mensual,11,26.33,11.0,438,1,0,0,6,1,0
CL101675,57.0,Lima,Postpago Premium,Anual,7,120.45,26.6,732,1,1,0,0,1,1
CL100048,42.0,Lima,Postpago Plus,Mensual,3,56.22,9.7,413,0,0,1,2,1,0
CL105446,36.0,Lima,Postpago Plus,Mensual,90,64.74,,417,1,0,2,5,1,0
CL107386,28.0,Lima,Postpago Básico,Mensual,19,51.28,33.8,393,1,0,1,16,1,0
CL100823,33.0,Lima,Postpago Básico,Anual,10,58.45,14.4,450,0,0,0,1,1,0
CL106627,29.0,Lima,Postpago Básico,Anual,35,46.23,16.9,235,0,0,1,7,1,0
CL105188,43.0,Lima,Postpago Plus,Mensual,9,53.28,34.2,512,1,1,3,1,0,0
CL106103,35.0,Piura,Postpago Plus,Anual,19,77.72,,442,0,1,1,1,1,1
CL103490,52.0,Lima,Postpago Básico,Mensual,20,39.81,,179,1,0,3,1,1,0
CL105240,38.0,Cusco,Prepago,Mensual,25,24.97,21.4,169,1,0,1,2,1,1
CL104920,32.0,Arequipa,Postpago Básico,18 meses,63,38.28,6.1,462,1,1,2,11,1,1
CL100089,33.0,Lima,Postpago Básico,Mensual,15,41.11,39.4,438,1,1,4,0,0,1
CL100783,51.0,Lima,Postpago Básico,Anual,8,42.4,9.0,133,0,0,0,4,1,0
CL100548,21.0,Lambayeque,Postpago Plus,Anual,21,66.66,49.9,427,1,0,2,1,0,0
CL100006,53.0,Lima,Postpago Plus,Mensual,35,62.04,10.6,250,0,1,0,5,1,0
CL106180,33.0,Arequipa,Prepago,Mensual,70,31.53,7.5,307,0,0,3,21,0,1
CL105660,25.0,Áncash,Postpago Básico,18 meses,2,46.66,32.7,553,3,0,0,0,0,1
CL105063,47.0,Lima,Prepago,Mensual,72,24.09,19.5,363,0,0,0,0,1,0
CL102721,18.0,Lima,Postpago Plus,Mensual,17,75.31,15.5,377,0,1,0,1,1,1
CL102602,25.0,La Libertad,Postpago Básico,Anual,19,47.65,15.9,588,0,1,0,10,0,0
CL100319,37.0,Lima,Postpago Premium,18 meses,2,106.1,4.6,692,0,2,1,0,1,0
CL101451,42.0,Arequipa,Postpago Básico,Anual,24,46.75,14.5,491,0,1,2,1,0,0
CL103013,27.0,Piura,Postpago Plus,Anual,76,86.22,14.0,617,2,2,2,6,0,0
CL100363,40.0,Piura,Prepago,Mensual,71,23.68,3.6,236,0,2,0,6,0,1
CL102256,47.0,Lima,Postpago Premium,Anual,1,107.43,11.2,487,1,1,2,0,1,0
CL105035,44.0,Lima,Prepago,Mensual,21,23.09,3.6,299,0,0,3,1,0,0
CL102489,25.0,Lima,Postpago Básico,Mensual,23,39.71,26.7,638,0,1,0,3,1,1
CL101377,18.0,Arequipa,Postpago Plus,Mensual,5,57.28,29.1,616,0,2,3,0,1,0
CL103850,41.0,La Libertad,Postpago Básico,Mensual,6,45.28,15.6,385,0,1,1,0,1,0
CL100738,35.0,Arequipa,Postpago Básico,18 meses,27,41.83,11.2,409,0,1,1,4,0,0
CL105940,41.0,Lima,Postpago Plus,Anual,29,63.23,22.6,405,1,0,2,9,1,0
CL105124,18.0,Piura,Postpago Básico,18 meses,1,38.49,6.1,469,0,1,3,20,1,0
CL100010,59.0,Cusco,Prepago,Mensual,17,24.8,14.0,460,0,1,2,0,1,0
CL102191,39.0,Piura,Postpago Básico,Anual,21,56.08,8.6,404,0,0,1,2,1,0
CL102968,25.0,Lima,Postpago Básico,Mensual,50,37.16,6.4,355,1,1,2,3,0,1
CL106066,29.0,Cusco,Postpago Básico,Anual,12,36.08,16.3,439,0,2,0,4,0,0
CL101417,18.0,Lima,Postpago Básico,Mensual,21,46.57,6.6,356,0,2,1,2,1,0
CL101570,29.0,Lima,Postpago Básico,Mensual,33,47.82,19.9,220,1,1,2,2,1,0
CL106767,25.0,Lima,Postpago Básico,Anual,69,44.83,17.7,429,1,1,1,0,1,0
CL107422,33.0,Lambayeque,Prepago,Mensual,66,26.41,6.9,286,0,0,1,0,0,0
CL104738,39.0,Lambayeque,Prepago,Mensual,15,27.05,10.3,241,0,0,3,0,1,0
CL106186,42.0,Lima,Postpago Plus,Mensual,47,58.13,20.1,231,0,1,2,2,1,0
CL102687,49.0,Lima,Postpago Básico,Anual,21,58.18,,332,1,1,1,0,1,0
CL105404,46.0,Lima,Postpago Básico,Anual,1,38.64,13.5,88,2,3,0,2,1,0
CL104878,33.0,La Libertad,Postpago Básico,Mensual,2,49.8,1.6,366,0,0,5,0,0,1
CL105029,43.0,Lima,Prepago,Mensual,1,35.58,5.7,304,1,1,1,5,1,0
CL105066,31.0,Piura,Postpago Básico,Anual,16,47.16,14.3,306,1,2,2,1,1,1
CL104969,27.0,Piura,Postpago Básico,Mensual,54,49.06,14.1,273,0,1,1,2,1,0
CL106361,52.0,Arequipa,Postpago Básico,18 meses,28,44.83,21.7,386,1,2,1,1,1,0
CL104311,36.0,Piura,Postpago Plus,Mensual,4,84.4,45.5,523,2,0,1,2,1,0
CL106404,63.0,Lima,Prepago,Mensual,19,17.48,9.2,299,3,0,2,1,0,0
CL100220,64.0,Cusco,Prepago,Mensual,13,28.45,9.8,313,0,1,1,9,0,0
CL107316,18.0,La Libertad,Postpago Plus,Anual,43,69.01,12.5,482,1,0,3,7,0,0
CL103595,30.0,La Libertad,Postpago Premium,Anual,46,128.82,15.2,660,0,0,2,4,1,0
CL101914,38.0,Cusco,Prepago,Mensual,8,27.43,15.0,350,0,0,1,7,1,0
CL100732,32.0,Piura,Prepago,Mensual,35,28.13,7.3,229,2,0,3,0,1,1
CL101481,69.0,Cusco,Prepago,Mensual,96,23.99,2.3,423,0,0,1,3,1,0
CL102234,26.0,Lima,Postpago Plus,Anual,83,85.4,12.2,398,1,0,2,0,1,0
CL101449,18.0,Lima,Prepago,Mensual,13,32.6,4.2,342,2,0,0,7,1,0
CL106364,31.0,Lima,Postpago Plus,18 meses,34,60.43,47.1,602,0,1,0,2,1,0
CL104363,40.0,Arequipa,Postpago Premium,Anual,16,121.22,25.8,486,3,0,1,1,1,0
CL106860,39.0,Arequipa,Prepago,Mensual,12,28.83,28.3,322,3,2,0,3,1,0
CL104301,32.0,Lima,Postpago Plus,Mensual,96,69.26,21.3,402,0,2,0,0,0,0
CL104138,,Áncash,Postpago Plus,Anual,43,88.11,6.9,515,1,1,1,2,1,0
CL100088,38.0,Áncash,Prepago,Mensual,6,24.81,2.6,316,1,1,1,1,1,0
CL101279,46.0,Lambayeque,Postpago Básico,18 meses,96,35.3,,447,2,1,1,3,0,0
CL100035,32.0,Lima,Prepago,Mensual,46,23.25,7.9,245,2,0,1,1,0,0
CL103675,22.0,Lima,Postpago Plus,Mensual,6,66.74,40.5,348,1,1,2,6,0,1
CL105001,26.0,Áncash,Postpago Básico,Mensual,19,48.54,32.9,469,0,0,1,10,1,0
CL103961,59.0,Cusco,Prepago,Mensual,26,25.56,4.6,341,0,1,1,1,1,0
CL101319,65.0,Junín,Postpago Plus,Mensual,25,95.99,16.3,360,1,0,0,0,1,0
CL101831,37.0,Lambayeque,Postpago Premium,Anual,22,128.76,,402,2,0,1,4,0,0
CL105276,,Lima,Postpago Básico,Mensual,5,41.69,6.3,530,0,0,3,22,0,0
CL105768,30.0,Junín,Prepago,Mensual,14,18.94,25.0,351,1,0,1,0,1,0
CL101786,30.0,Lima,Prepago,Mensual,54,24.87,9.9,415,1,0,0,1,1,0
CL106092,23.0,Lima,Postpago Básico,18 meses,51,31.52,7.6,533,2,2,1,1,1,0
CL101950,49.0,Lambayeque,Postpago Premium,Mensual,33,130.42,14.7,600,0,1,1,17,1,1
CL102418,27.0,Lambayeque,Prepago,Mensual,3,25.51,13.3,403,1,0,2,2,0,0
CL105958,41.0,La Libertad,Postpago Básico,Mensual,4,39.65,3.7,374,3,1,0,4,1,0
CL100607,18.0,Cusco,Prepago,Mensual,10,25.28,3.3,341,0,0,1,1,0,0
CL106359,46.0,Áncash,Postpago Básico,18 meses,32,46.44,,383,0,2,1,1,1,0
CL101512,22.0,Lima,Postpago Básico,18 meses,4,41.84,25.9,466,1,3,0,1,0,0
CL102083,42.0,Piura,Prepago,Mensual,3,20.17,8.7,200,1,2,1,1,0,0
CL105910,32.0,Lima,Postpago Premium,18 meses,38,103.11,15.2,371,0,0,1,0,1,0
CL106345,27.0,Áncash,Postpago Básico,Mensual,15,44.1,15.7,361,2,0,0,1,0,0
CL104630,44.0,Cusco,Prepago,Mensual,41,21.08,12.7,287,0,0,3,0,1,0
CL101935,49.0,Lima,Prepago,Mensual,33,29.33,3.6,436,0,0,0,0,1,0
CL106159,33.0,Piura,Postpago Premium,18 meses,8,105.83,39.7,346,0,0,0,2,1,0
CL100579,38.0,Lima,Prepago,Mensual,7,20.18,8.5,396,1,0,1,7,1,0
CL100892,47.0,La Libertad,Prepago,Mensual,2,33.38,4.0,134,3,0,1,1,0,0
CL104419,61.0,Lima,Postpago Básico,Anual,13,54.62,14.5,441,1,0,1,8,1,0
CL100713,21.0,La Libertad,Postpago Premium,Mensual,42,98.35,21.2,589,1,0,2,1,1,0
CL105375,24.0,Lima,Postpago Plus,Mensual,12,83.97,23.6,480,0,1,2,4,1,0
CL100559,25.0,Lambayeque,Postpago Básico,Anual,25,55.11,15.0,488,0,0,3,20,0,0
CL106432,40.0,Lima,Prepago,Mensual,23,15.63,15.4,78,0,1,0,5,0,0
CL105070,33.0,Lima,Prepago,Mensual,11,24.59,18.9,434,0,0,0,0,1,0
CL106389,51.0,Lima,Prepago,Mensual,31,24.97,17.6,377,2,1,3,4,0,1
CL102942,28.0,Lima,Postpago Plus,Mensual,1,71.38,14.7,448,0,0,1,0,1,0
CL105853,28.0,Junín,Prepago,Mensual,10,29.38,3.1,238,0,3,1,1,1,0
CL102434,69.0,Piura,Postpago Plus,Mensual,12,80.37,17.8,302,0,1,2,4,1,0
CL102275,44.0,Piura,Prepago,Mensual,32,33.59,16.2,248,0,1,2,5,0,1
CL100752,36.0,La Libertad,Prepago,Mensual,4,27.46,1.8,244,2,0,0,1,1,0
CL107361,26.0,Lima,Postpago Plus,Mensual,29,61.07,19.4,423,0,0,0,4,1,0
CL106033,23.0,Arequipa,Prepago,Mensual,96,24.17,21.6,306,2,0,3,4,1,0
CL104666,35.0,Arequipa,Postpago Plus,18 meses,9,69.3,18.3,332,0,0,4,3,1,0
CL104592,35.0,Cusco,Postpago Plus,Mensual,22,59.58,34.4,487,1,1,1,1,1,0
CL104302,39.0,Lima,Postpago Premium,Mensual,56,93.25,90.9,638,0,0,1,2,0,0
CL101017,31.0,Junín,Postpago Plus,Anual,1,61.54,33.4,416,1,0,1,13,0,0
CL103393,45.0,Lima,Prepago,Mensual,8,28.3,3.0,365,0,1,1,2,1,1
CL105153,18.0,Lima,Prepago,Mensual,26,23.23,3.2,485,1,0,1,3,0,0
CL102778,50.0,Áncash,Prepago,Mensual,3,24.98,19.4,213,1,0,1,4,1,0
CL100416,40.0,Áncash,Prepago,Mensual,49,29.47,11.4,186,0,1,0,3,1,0
CL101941,39.0,Lima,Postpago Básico,18 meses,13,29.12,24.6,262,0,0,0,13,1,0
CL107397,47.0,Arequipa,Prepago,Mensual,3,18.79,14.9,404,0,0,3,0,1,0
CL105888,34.0,Arequipa,Postpago Plus,Mensual,3,78.87,48.6,478,0,2,1,20,0,1
CL102527,,Lima,Postpago Premium,Mensual,65,104.34,17.1,613,0,2,0,0,1,0
CL102013,27.0,Junín,Postpago Básico,Anual,7,42.96,9.9,386,0,0,2,3,0,0
CL103594,43.0,Áncash,Prepago,Mensual,9,28.4,17.0,406,3,0,2,0,1,0
CL105451,46.0,Lima,Postpago Básico,Mensual,2,44.77,6.5,470,0,0,1,2,1,0
CL104324,46.0,Arequipa,Prepago,Mensual,13,27.89,9.6,361,3,0,1,1,0,0
CL104313,42.0,La Libertad,Postpago Plus,Anual,6,60.85,12.2,502,0,4,1,2,0,1
CL105846,41.0,Lima,Postpago Premium,Anual,10,121.93,32.7,497,1,0,2,7,0,0
CL100779,37.0,Arequipa,Postpago Plus,18 meses,22,58.54,9.5,534,0,1,1,0,0,0
CL106146,21.0,Lima,Postpago Plus,Mensual,6,56.73,,541,0,2,1,2,1,1
CL100249,37.0,Lima,Postpago Básico,Mensual,62,35.06,14.9,518,1,4,0,2,0,0
CL106974,22.0,Lima,Postpago Básico,Mensual,69,40.11,26.5,487,2,0,4,0,1,0
CL103425,18.0,Lima,Postpago Básico,18 meses,30,40.85,11.6,465,0,0,2,14,1,1
CL106445,49.0,Lambayeque,Prepago,Mensual,7,27.96,11.5,303,0,2,0,16,0,0
CL104458,26.0,Lambayeque,Prepago,Mensual,20,28.82,4.9,202,3,1,2,1,1,0
CL104482,62.0,Lima,Postpago Plus,Mensual,9,86.21,24.1,470,0,0,3,3,1,1
CL103965,38.0,Lima,Prepago,Mensual,49,20.07,8.7,354,0,0,2,2,0,0
CL104822,45.0,La Libertad,Postpago Básico,18 meses,2,40.23,12.1,481,0,3,3,4,0,0
CL105002,40.0,Arequipa,Postpago Plus,Anual,12,59.42,56.8,501,0,0,0,4,1,0
CL105659,25.0,Cusco,Postpago Plus,Mensual,2,67.15,10.9,601,1,2,2,2,0,1
CL105729,34.0,Arequipa,Prepago,Mensual,13,28.97,9.3,356,2,0,2,1,1,0
CL102069,40.0,Lima,Postpago Básico,Anual,45,62.59,14.2,372,1,3,1,1,1,1
CL100047,30.0,Piura,Prepago,Mensual,6,26.07,3.6,478,0,0,1,3,0,1
CL102025,46.0,Lima,Postpago Básico,18 meses,46,51.6,20.3,525,0,1,0,4,0,0
CL104377,23.0,Lima,Prepago,Mensual,96,23.18,10.6,83,0,3,1,0,0,0
CL103194,48.0,Junín,Postpago Básico,Mensual,42,47.7,9.9,248,3,1,2,6,1,0
CL104087,48.0,La Libertad,Postpago Básico,Anual,27,54.94,17.4,324,0,0,2,8,1,0
CL103731,32.0,Lima,Postpago Premium,Anual,16,129.19,,482,0,1,0,3,1,0
CL103187,27.0,La Libertad,Postpago Plus,18 meses,19,82.03,15.7,392,2,2,0,1,1,1
CL101037,36.0,Lima,Postpago Básico,Mensual,16,44.18,11.7,249,1,1,2,1,1,1
CL104900,50.0,Lima,Postpago Básico,Anual,18,47.38,18.6,663,3,1,0,8,0,0
CL106009,39.0,Lambayeque,Postpago Plus,18 meses,17,72.94,16.2,363,1,1,1,0,0,0
CL101607,33.0,Piura,Prepago,Mensual,17,28.36,20.2,344,1,0,2,5,1,1
CL107391,42.0,Cusco,Prepago,Mensual,16,23.94,17.3,516,0,0,1,3,0,0
CL103436,36.0,Lima,Prepago,Mensual,10,27.46,9.7,391,0,1,1,0,0,0
CL105116,40.0,Piura,Postpago Básico,Anual,5,50.15,24.7,312,0,0,1,5,1,0
CL104780,56.0,Lima,Prepago,Mensual,83,25.84,8.8,249,0,1,1,5,1,0
CL101692,38.0,Áncash,Prepago,Mensual,21,25.87,6.7,280,3,0,0,2,1,0
CL104469,27.0,Áncash,Prepago,Mensual,3,27.18,13.1,378,0,1,0,0,0,0
CL106837,30.0,Lambayeque,Postpago Básico,18 meses,12,50.08,10.3,445,2,0,6,3,1,0
CL104571,58.0,Arequipa,Postpago Plus,18 meses,7,64.18,27.7,435,0,1,0,3,0,0
CL104981,32.0,Lima,Prepago,Mensual,7,24.83,5.8,195,0,0,1,2,0,1
CL103754,27.0,La Libertad,Postpago Básico,Anual,12,31.52,25.2,402,2,2,0,3,1,0
CL103730,41.0,Junín,Postpago Premium,Mensual,24,132.72,26.6,583,0,2,1,0,0,1
CL102605,26.0,Lima,Prepago,Mensual,25,17.07,9.1,409,1,2,0,1,0,1
CL100893,31.0,La Libertad,Prepago,Mensual,51,27.8,8.2,374,2,0,1,14,1,0
CL105281,53.0,Lima,Prepago,Mensual,39,26.24,9.4,158,1,2,2,9,0,1
CL100080,,Lima,Postpago Básico,Mensual,6,49.65,11.0,259,1,2,2,9,1,0
CL107303,43.0,Junín,Postpago Básico,Anual,13,42.07,23.4,433,0,1,1,8,1,0
CL107183,21.0,Lima,Prepago,Mensual,28,25.6,3.2,350,0,1,2,13,1,0
CL101091,76.0,Lima,Postpago Básico,Anual,6,30.3,14.9,614,0,2,2,0,0,0
CL104568,38.0,La Libertad,Postpago Básico,Mensual,3,56.92,24.1,338,1,1,0,2,1,0
CL105429,51.0,Lima,Postpago Básico,Mensual,28,56.64,17.2,626,2,2,1,5,0,0
CL107190,18.0,Lima,Postpago Básico,Anual,5,43.13,10.0,279,2,1,1,0,1,0
CL106290,45.0,Lambayeque,Postpago Plus,Anual,14,81.16,10.7,380,1,0,1,3,1,0
CL104771,22.0,Cusco,Postpago Básico,Mensual,10,49.42,26.6,530,1,1,2,2,1,0
CL106626,37.0,Áncash,Postpago Básico,Mensual,15,49.63,3.6,400,0,0,1,5,1,0
CL101648,,Cusco,Postpago Premium,Mensual,18,93.73,17.4,490,0,1,2,5,1,0
CL105957,20.0,Áncash,Prepago,Mensual,1,22.07,9.0,460,0,0,1,0,0,0
CL104457,30.0,Lima,Postpago Básico,18 meses,18,30.88,7.0,323,1,1,0,11,1,0
CL105158,40.0,Lima,Postpago Básico,18 meses,6,39.19,9.1,215,0,2,1,0,1,0
CL107209,48.0,Lima,Postpago Básico,Mensual,42,37.58,3.9,172,0,0,2,4,1,0
CL106943,,Cusco,Postpago Básico,Mensual,3,33.85,5.3,374,0,0,1,2,0,0
CL101259,43.0,Lima,Postpago Premium,Mensual,8,87.61,,464,0,0,0,2,0,0
CL100153,32.0,Lima,Postpago Básico,18 meses,4,43.54,16.3,526,3,1,0,9,1,0
CL107467,52.0,Cusco,Prepago,Mensual,46,18.98,5.0,410,1,1,3,0,1,0
CL105224,30.0,La Libertad,Postpago Básico,Mensual,14,48.64,16.6,433,0,0,1,2,1,0
CL103572,30.0,Lima,Prepago,Mensual,13,24.9,6.0,354,0,1,2,1,0,0
CL101243,60.0,Arequipa,Prepago,Mensual,53,27.86,10.2,429,1,1,1,5,0,0
CL105641,83.0,Lima,Postpago Plus,Mensual,5,59.52,,519,0,3,1,2,0,0
CL103968,35.0,Lima,Postpago Básico,Mensual,8,41.34,2.3,416,0,0,0,3,1,0
CL106039,39.0,Lima,Postpago Básico,18 meses,93,52.0,26.9,340,0,0,2,0,1,0
CL104042,38.0,Lambayeque,Prepago,Mensual,39,26.04,12.2,197,0,0,1,5,1,0
CL105220,37.0,Cusco,Prepago,Mensual,35,25.72,5.3,321,0,1,2,1,0,0
CL105783,35.0,Áncash,Postpago Plus,Mensual,8,71.62,18.7,598,0,0,1,10,1,0
CL103591,23.0,Lima,Prepago,Mensual,2,26.57,9.1,205,2,2,0,10,0,0
CL105165,43.0,Lima,Postpago Plus,Anual,18,69.29,59.7,349,0,0,2,9,1,0
CL105071,57.0,Lambayeque,Prepago,Mensual,5,26.95,12.2,396,1,3,3,3,0,1
CL107211,29.0,Arequipa,Postpago Plus,18 meses,14,95.43,11.3,637,0,3,0,0,1,0
CL102343,56.0,La Libertad,Prepago,Mensual,52,27.44,13.7,248,0,0,0,3,1,0
CL101065,27.0,Lima,Postpago Premium,18 meses,14,107.11,9.5,444,0,1,1,4,1,0
CL106142,28.0,Lima,Prepago,Mensual,17,22.64,6.2,385,0,1,1,3,0,0
CL101785,25.0,Lambayeque,Postpago Plus,Anual,49,57.3,,427,1,2,3,1,1,0
CL101425,61.0,Arequipa,Postpago Básico,Anual,14,40.44,18.5,341,0,1,1,4,1,0
CL100763,72.0,Arequipa,Prepago,Mensual,2,32.06,23.3,381,1,2,0,3,1,0
CL101376,31.0,Lima,Postpago Básico,Mensual,13,42.63,33.4,520,0,1,1,1,1,0
CL105164,48.0,Lima,Postpago Básico,Mensual,6,57.97,14.1,330,0,1,2,0,0,1
CL100854,39.0,Lima,Prepago,Mensual,78,23.04,3.0,324,2,1,1,2,1,0
CL103981,53.0,Lima,Postpago Básico,Mensual,14,44.48,12.3,530,0,1,0,4,0,0
CL106184,43.0,Lima,Prepago,Mensual,4,24.15,7.0,320,2,1,1,0,1,0
CL103699,43.0,Lima,Postpago Básico,Anual,16,52.89,28.0,317,0,3,1,0,0,0
CL104350,54.0,Lima,Prepago,Mensual,14,30.27,3.6,226,2,0,1,3,0,0
CL100778,25.0,Arequipa,Postpago Plus,Mensual,9,67.46,23.7,381,1,0,0,1,1,0
CL101877,26.0,Piura,Prepago,Mensual,7,29.61,8.0,242,2,2,2,1,0,0
CL105243,61.0,Lima,Prepago,Mensual,43,20.77,4.4,120,2,3,1,0,0,0
CL105181,39.0,Lambayeque,Postpago Básico,Anual,9,43.23,18.0,531,0,2,1,15,1,1
CL103853,39.0,Junín,Postpago Básico,18 meses,26,41.96,14.3,440,2,0,1,8,1,0
CL104607,43.0,Lima,Prepago,Mensual,2,19.74,20.9,0,0,0,1,1,1,0
CL105589,68.0,Junín,Postpago Básico,Mensual,16,46.69,17.0,427,2,0,3,4,1,0
CL100675,42.0,Lima,Postpago Básico,Mensual,3,38.83,3.8,247,2,0,1,17,1,0
CL102807,21.0,Piura,Postpago Plus,Mensual,43,69.53,20.9,200,0,2,1,1,1,0
CL102781,25.0,Junín,Prepago,Mensual,49,23.24,23.1,254,0,1,3,0,1,0
CL106729,62.0,Lima,Postpago Básico,Mensual,4,34.09,18.3,406,0,1,2,2,1,1
CL100323,47.0,Piura,Postpago Básico,18 meses,2,55.57,43.2,415,2,1,2,4,1,0
CL105148,37.0,Áncash,Postpago Plus,Anual,30,78.36,14.5,344,0,0,1,0,1,0
CL100622,47.0,Cusco,Postpago Premium,18 meses,43,115.28,28.9,669,0,2,0,0,1,0
CL104415,52.0,Lambayeque,Postpago Plus,18 meses,3,76.32,24.6,503,0,0,2,6,1,0
CL107339,30.0,Piura,Postpago Premium,Mensual,13,114.17,31.7,653,1,1,4,8,1,0
CL106051,47.0,Lima,Postpago Básico,Mensual,33,37.59,16.7,258,0,1,2,3,1,1
CL104709,46.0,Piura,Prepago,Mensual,51,23.93,16.2,413,1,0,2,0,1,0
CL105143,41.0,Arequipa,Postpago Premium,Mensual,33,154.24,43.6,437,0,0,0,5,1,0
CL107436,25.0,Piura,Prepago,Mensual,13,27.55,13.0,287,1,1,1,1,0,0
CL106133,58.0,Arequipa,Prepago,Mensual,1,25.71,4.5,242,3,0,0,3,1,0
CL106576,46.0,Lima,Postpago Básico,Anual,16,36.58,7.8,286,0,0,2,7,1,0
CL103674,19.0,Lima,Postpago Plus,Mensual,16,64.46,19.4,626,1,1,1,0,1,0
CL104394,44.0,Lambayeque,Prepago,Mensual,12,28.03,22.8,287,0,1,2,2,1,0
CL104846,48.0,Lima,Prepago,Mensual,14,21.61,14.0,347,0,0,0,4,1,0
CL103190,39.0,Arequipa,Prepago,Mensual,13,25.52,10.4,277,3,1,2,1,1,0
CL107327,36.0,Lambayeque,Postpago Básico,18 meses,17,34.46,28.5,96,1,0,1,6,1,0
CL104473,41.0,Lima,Prepago,Mensual,3,25.14,21.0,329,0,1,0,5,1,0
CL102578,33.0,Áncash,Prepago,Mensual,11,25.09,16.4,397,0,2,2,10,1,0
CL102295,31.0,Lambayeque,Prepago,Mensual,56,23.71,10.1,233,0,2,2,2,1,0
